Analysis & Synthesis report for processor_with_hex_on_board
Thu Jun 23 12:11:25 2022
Quartus Prime Version 18.1.0 Build 625 09/12/2018 SJ Lite Edition


---------------------
; Table of Contents ;
---------------------
  1. Legal Notice
  2. Analysis & Synthesis Summary
  3. Analysis & Synthesis Settings
  4. Parallel Compilation
  5. Analysis & Synthesis Source Files Read
  6. Analysis & Synthesis Resource Usage Summary
  7. Analysis & Synthesis Resource Utilization by Entity
  8. Analysis & Synthesis RAM Summary
  9. Analysis & Synthesis IP Cores Summary
 10. State Machine - |processor_with_hex_on_board|processor_with_hex:proc|processor_2:proc|Tstep_Q
 11. Registers Protected by Synthesis
 12. Registers Removed During Synthesis
 13. General Register Statistics
 14. Multiplexer Restructuring Statistics (Restructuring Performed)
 15. Source assignments for processor_with_hex:proc
 16. Source assignments for processor_with_hex:proc|RAM128x9:ram|altsyncram:altsyncram_component|altsyncram_ahq1:auto_generated
 17. Source assignments for processor_with_hex:proc|processor_2:proc
 18. Parameter Settings for User Entity Instance: processor_with_hex:proc|RAM128x9:ram|altsyncram:altsyncram_component
 19. Parameter Settings for User Entity Instance: processor_with_hex:proc|processor_2:proc|regn:reg_0
 20. Parameter Settings for User Entity Instance: processor_with_hex:proc|processor_2:proc|regn:reg_1
 21. Parameter Settings for User Entity Instance: processor_with_hex:proc|processor_2:proc|regn:reg_2
 22. Parameter Settings for User Entity Instance: processor_with_hex:proc|processor_2:proc|regn:reg_3
 23. Parameter Settings for User Entity Instance: processor_with_hex:proc|processor_2:proc|regn:reg_4
 24. Parameter Settings for User Entity Instance: processor_with_hex:proc|processor_2:proc|regn:reg_5
 25. Parameter Settings for User Entity Instance: processor_with_hex:proc|processor_2:proc|regn:reg_6
 26. Parameter Settings for User Entity Instance: processor_with_hex:proc|processor_2:proc|counter:cnt_pc
 27. Parameter Settings for User Entity Instance: processor_with_hex:proc|processor_2:proc|regn:reg_A
 28. Parameter Settings for User Entity Instance: processor_with_hex:proc|processor_2:proc|regn:reg_G
 29. Parameter Settings for User Entity Instance: processor_with_hex:proc|processor_2:proc|regn:reg_IR
 30. Parameter Settings for User Entity Instance: processor_with_hex:proc|processor_2:proc|regn:reg_ADDR
 31. Parameter Settings for User Entity Instance: processor_with_hex:proc|processor_2:proc|regn:reg_DOUT
 32. Parameter Settings for User Entity Instance: processor_with_hex:proc|processor_2:proc|regn:reg_W
 33. Parameter Settings for User Entity Instance: processor_with_hex:proc|processor_2:proc|ripple_carry_adder_subtractor:alu
 34. Parameter Settings for User Entity Instance: processor_with_hex:proc|regn:RH0
 35. Parameter Settings for User Entity Instance: processor_with_hex:proc|regn:RH1
 36. Parameter Settings for User Entity Instance: processor_with_hex:proc|regn:RH2
 37. Parameter Settings for User Entity Instance: processor_with_hex:proc|regn:RH3
 38. altsyncram Parameter Settings by Entity Instance
 39. Port Connectivity Checks: "processor_with_hex:proc|processor_2:proc|ripple_carry_adder_subtractor:alu|full_adder:ad[8].fa"
 40. Port Connectivity Checks: "processor_with_hex:proc|processor_2:proc|regn:reg_W"
 41. Port Connectivity Checks: "processor_with_hex:proc|processor_2:proc|dec3to8:decY"
 42. Port Connectivity Checks: "processor_with_hex:proc|processor_2:proc|dec3to8:decX"
 43. Post-Synthesis Netlist Statistics for Top Partition
 44. Elapsed Time Per Partition
 45. Analysis & Synthesis Messages
 46. Analysis & Synthesis Suppressed Messages



----------------
; Legal Notice ;
----------------
Copyright (C) 2018  Intel Corporation. All rights reserved.
Your use of Intel Corporation's design tools, logic functions 
and other software and tools, and its AMPP partner logic 
functions, and any output files from any of the foregoing 
(including device programming or simulation files), and any 
associated documentation or information are expressly subject 
to the terms and conditions of the Intel Program License 
Subscription Agreement, the Intel Quartus Prime License Agreement,
the Intel FPGA IP License Agreement, or other applicable license
agreement, including, without limitation, that your use is for
the sole purpose of programming logic devices manufactured by
Intel and sold by Intel or its authorized distributors.  Please
refer to the applicable agreement for further details.



+-------------------------------------------------------------------------------+
; Analysis & Synthesis Summary                                                  ;
+---------------------------------+---------------------------------------------+
; Analysis & Synthesis Status     ; Successful - Thu Jun 23 12:11:25 2022       ;
; Quartus Prime Version           ; 18.1.0 Build 625 09/12/2018 SJ Lite Edition ;
; Revision Name                   ; processor_with_hex_on_board                 ;
; Top-level Entity Name           ; processor_with_hex_on_board                 ;
; Family                          ; Cyclone V                                   ;
; Logic utilization (in ALMs)     ; N/A                                         ;
; Total registers                 ; 154                                         ;
; Total pins                      ; 31                                          ;
; Total virtual pins              ; 0                                           ;
; Total block memory bits         ; 1,152                                       ;
; Total DSP Blocks                ; 0                                           ;
; Total HSSI RX PCSs              ; 0                                           ;
; Total HSSI PMA RX Deserializers ; 0                                           ;
; Total HSSI TX PCSs              ; 0                                           ;
; Total HSSI PMA TX Serializers   ; 0                                           ;
; Total PLLs                      ; 0                                           ;
; Total DLLs                      ; 0                                           ;
+---------------------------------+---------------------------------------------+


+---------------------------------------------------------------------------------------------------------------------------------------------+
; Analysis & Synthesis Settings                                                                                                               ;
+---------------------------------------------------------------------------------+-----------------------------+-----------------------------+
; Option                                                                          ; Setting                     ; Default Value               ;
+---------------------------------------------------------------------------------+-----------------------------+-----------------------------+
; Device                                                                          ; 5CSEMA5F31C6                ;                             ;
; Top-level entity name                                                           ; processor_with_hex_on_board ; processor_with_hex_on_board ;
; Family name                                                                     ; Cyclone V                   ; Cyclone V                   ;
; Use smart compilation                                                           ; Off                         ; Off                         ;
; Enable parallel Assembler and Timing Analyzer during compilation                ; On                          ; On                          ;
; Enable compact report table                                                     ; Off                         ; Off                         ;
; Restructure Multiplexers                                                        ; Auto                        ; Auto                        ;
; MLAB Add Timing Constraints For Mixed-Port Feed-Through Mode Setting Don't Care ; Off                         ; Off                         ;
; Create Debugging Nodes for IP Cores                                             ; Off                         ; Off                         ;
; Preserve fewer node names                                                       ; On                          ; On                          ;
; Intel FPGA IP Evaluation Mode                                                   ; Enable                      ; Enable                      ;
; Verilog Version                                                                 ; Verilog_2001                ; Verilog_2001                ;
; VHDL Version                                                                    ; VHDL_1993                   ; VHDL_1993                   ;
; State Machine Processing                                                        ; Auto                        ; Auto                        ;
; Safe State Machine                                                              ; Off                         ; Off                         ;
; Extract Verilog State Machines                                                  ; On                          ; On                          ;
; Extract VHDL State Machines                                                     ; On                          ; On                          ;
; Ignore Verilog initial constructs                                               ; Off                         ; Off                         ;
; Iteration limit for constant Verilog loops                                      ; 5000                        ; 5000                        ;
; Iteration limit for non-constant Verilog loops                                  ; 250                         ; 250                         ;
; Add Pass-Through Logic to Inferred RAMs                                         ; On                          ; On                          ;
; Infer RAMs from Raw Logic                                                       ; On                          ; On                          ;
; Parallel Synthesis                                                              ; On                          ; On                          ;
; DSP Block Balancing                                                             ; Auto                        ; Auto                        ;
; NOT Gate Push-Back                                                              ; On                          ; On                          ;
; Power-Up Don't Care                                                             ; On                          ; On                          ;
; Remove Redundant Logic Cells                                                    ; Off                         ; Off                         ;
; Remove Duplicate Registers                                                      ; On                          ; On                          ;
; Ignore CARRY Buffers                                                            ; Off                         ; Off                         ;
; Ignore CASCADE Buffers                                                          ; Off                         ; Off                         ;
; Ignore GLOBAL Buffers                                                           ; Off                         ; Off                         ;
; Ignore ROW GLOBAL Buffers                                                       ; Off                         ; Off                         ;
; Ignore LCELL Buffers                                                            ; Off                         ; Off                         ;
; Ignore SOFT Buffers                                                             ; On                          ; On                          ;
; Limit AHDL Integers to 32 Bits                                                  ; Off                         ; Off                         ;
; Optimization Technique                                                          ; Balanced                    ; Balanced                    ;
; Carry Chain Length                                                              ; 70                          ; 70                          ;
; Auto Carry Chains                                                               ; On                          ; On                          ;
; Auto Open-Drain Pins                                                            ; On                          ; On                          ;
; Perform WYSIWYG Primitive Resynthesis                                           ; Off                         ; Off                         ;
; Auto ROM Replacement                                                            ; On                          ; On                          ;
; Auto RAM Replacement                                                            ; On                          ; On                          ;
; Auto DSP Block Replacement                                                      ; On                          ; On                          ;
; Auto Shift Register Replacement                                                 ; Auto                        ; Auto                        ;
; Allow Shift Register Merging across Hierarchies                                 ; Auto                        ; Auto                        ;
; Auto Clock Enable Replacement                                                   ; On                          ; On                          ;
; Strict RAM Replacement                                                          ; Off                         ; Off                         ;
; Allow Synchronous Control Signals                                               ; On                          ; On                          ;
; Force Use of Synchronous Clear Signals                                          ; Off                         ; Off                         ;
; Auto Resource Sharing                                                           ; Off                         ; Off                         ;
; Allow Any RAM Size For Recognition                                              ; Off                         ; Off                         ;
; Allow Any ROM Size For Recognition                                              ; Off                         ; Off                         ;
; Allow Any Shift Register Size For Recognition                                   ; Off                         ; Off                         ;
; Use LogicLock Constraints during Resource Balancing                             ; On                          ; On                          ;
; Ignore translate_off and synthesis_off directives                               ; Off                         ; Off                         ;
; Timing-Driven Synthesis                                                         ; On                          ; On                          ;
; Report Parameter Settings                                                       ; On                          ; On                          ;
; Report Source Assignments                                                       ; On                          ; On                          ;
; Report Connectivity Checks                                                      ; On                          ; On                          ;
; Ignore Maximum Fan-Out Assignments                                              ; Off                         ; Off                         ;
; Synchronization Register Chain Length                                           ; 3                           ; 3                           ;
; Power Optimization During Synthesis                                             ; Normal compilation          ; Normal compilation          ;
; HDL message level                                                               ; Level2                      ; Level2                      ;
; Suppress Register Optimization Related Messages                                 ; Off                         ; Off                         ;
; Number of Removed Registers Reported in Synthesis Report                        ; 5000                        ; 5000                        ;
; Number of Swept Nodes Reported in Synthesis Report                              ; 5000                        ; 5000                        ;
; Number of Inverted Registers Reported in Synthesis Report                       ; 100                         ; 100                         ;
; Clock MUX Protection                                                            ; On                          ; On                          ;
; Auto Gated Clock Conversion                                                     ; Off                         ; Off                         ;
; Block Design Naming                                                             ; Auto                        ; Auto                        ;
; SDC constraint protection                                                       ; Off                         ; Off                         ;
; Synthesis Effort                                                                ; Auto                        ; Auto                        ;
; Shift Register Replacement - Allow Asynchronous Clear Signal                    ; On                          ; On                          ;
; Pre-Mapping Resynthesis Optimization                                            ; Off                         ; Off                         ;
; Analysis & Synthesis Message Level                                              ; Medium                      ; Medium                      ;
; Disable Register Merging Across Hierarchies                                     ; Auto                        ; Auto                        ;
; Resource Aware Inference For Block RAM                                          ; On                          ; On                          ;
; Automatic Parallel Synthesis                                                    ; On                          ; On                          ;
; Partial Reconfiguration Bitstream ID                                            ; Off                         ; Off                         ;
+---------------------------------------------------------------------------------+-----------------------------+-----------------------------+


+------------------------------------------+
; Parallel Compilation                     ;
+----------------------------+-------------+
; Processors                 ; Number      ;
+----------------------------+-------------+
; Number detected on machine ; 8           ;
; Maximum allowed            ; 4           ;
;                            ;             ;
; Average used               ; 1.00        ;
; Maximum used               ; 4           ;
;                            ;             ;
; Usage by Processor         ; % Time Used ;
;     Processor 1            ; 100.0%      ;
;     Processors 2-4         ;   0.0%      ;
+----------------------------+-------------+


+------------------------------------------------------------------------------------------------------------------------------------------------------------------------------------------------------+
; Analysis & Synthesis Source Files Read                                                                                                                                                               ;
+----------------------------------+-----------------+----------------------------------+----------------------------------------------------------------------------------------------------+---------+
; File Name with User-Entered Path ; Used in Netlist ; File Type                        ; File Name with Absolute Path                                                                       ; Library ;
+----------------------------------+-----------------+----------------------------------+----------------------------------------------------------------------------------------------------+---------+
; processor_with_hex_on_board.v    ; yes             ; User Verilog HDL File            ; D:/Storage/temp/semestr_6/sw/13/projekty/processor_with_hex_on_board/processor_with_hex_on_board.v ;         ;
; init_mem.mif                     ; yes             ; User Memory Initialization File  ; D:/Storage/temp/semestr_6/sw/13/projekty/processor_with_hex_on_board/init_mem.mif                  ;         ;
; RAM128x9.v                       ; yes             ; User Wizard-Generated File       ; D:/Storage/temp/semestr_6/sw/13/projekty/processor_with_hex_on_board/RAM128x9.v                    ;         ;
; altsyncram.tdf                   ; yes             ; Megafunction                     ; d:/intelfpga_lite/18.1/quartus/libraries/megafunctions/altsyncram.tdf                              ;         ;
; stratix_ram_block.inc            ; yes             ; Megafunction                     ; d:/intelfpga_lite/18.1/quartus/libraries/megafunctions/stratix_ram_block.inc                       ;         ;
; lpm_mux.inc                      ; yes             ; Megafunction                     ; d:/intelfpga_lite/18.1/quartus/libraries/megafunctions/lpm_mux.inc                                 ;         ;
; lpm_decode.inc                   ; yes             ; Megafunction                     ; d:/intelfpga_lite/18.1/quartus/libraries/megafunctions/lpm_decode.inc                              ;         ;
; aglobal181.inc                   ; yes             ; Megafunction                     ; d:/intelfpga_lite/18.1/quartus/libraries/megafunctions/aglobal181.inc                              ;         ;
; a_rdenreg.inc                    ; yes             ; Megafunction                     ; d:/intelfpga_lite/18.1/quartus/libraries/megafunctions/a_rdenreg.inc                               ;         ;
; altrom.inc                       ; yes             ; Megafunction                     ; d:/intelfpga_lite/18.1/quartus/libraries/megafunctions/altrom.inc                                  ;         ;
; altram.inc                       ; yes             ; Megafunction                     ; d:/intelfpga_lite/18.1/quartus/libraries/megafunctions/altram.inc                                  ;         ;
; altdpram.inc                     ; yes             ; Megafunction                     ; d:/intelfpga_lite/18.1/quartus/libraries/megafunctions/altdpram.inc                                ;         ;
; db/altsyncram_ahq1.tdf           ; yes             ; Auto-Generated Megafunction      ; D:/Storage/temp/semestr_6/sw/13/projekty/processor_with_hex_on_board/db/altsyncram_ahq1.tdf        ;         ;
+----------------------------------+-----------------+----------------------------------+----------------------------------------------------------------------------------------------------+---------+


+--------------------------------------------------------------+
; Analysis & Synthesis Resource Usage Summary                  ;
+---------------------------------------------+----------------+
; Resource                                    ; Usage          ;
+---------------------------------------------+----------------+
; Estimate of Logic utilization (ALMs needed) ; 138            ;
;                                             ;                ;
; Combinational ALUT usage for logic          ; 191            ;
;     -- 7 input functions                    ; 0              ;
;     -- 6 input functions                    ; 72             ;
;     -- 5 input functions                    ; 23             ;
;     -- 4 input functions                    ; 17             ;
;     -- <=3 input functions                  ; 79             ;
;                                             ;                ;
; Dedicated logic registers                   ; 154            ;
;                                             ;                ;
; I/O pins                                    ; 31             ;
; Total MLAB memory bits                      ; 0              ;
; Total block memory bits                     ; 1152           ;
;                                             ;                ;
; Total DSP Blocks                            ; 0              ;
;                                             ;                ;
; Maximum fan-out node                        ; CLOCK_50~input ;
; Maximum fan-out                             ; 163            ;
; Total fan-out                               ; 1398           ;
; Average fan-out                             ; 3.36           ;
+---------------------------------------------+----------------+


+-----------------------------------------------------------------------------------------------------------------------------------------------------------------------------------------------------------------------------------------------------------------------------------------------------------------------------------------+
; Analysis & Synthesis Resource Utilization by Entity                                                                                                                                                                                                                                                                                     ;
+----------------------------------------------+---------------------+---------------------------+-------------------+------------+------+--------------+----------------------------------------------------------------------------------------------------------------------------------+-------------------------------+--------------+
; Compilation Hierarchy Node                   ; Combinational ALUTs ; Dedicated Logic Registers ; Block Memory Bits ; DSP Blocks ; Pins ; Virtual Pins ; Full Hierarchy Name                                                                                                              ; Entity Name                   ; Library Name ;
+----------------------------------------------+---------------------+---------------------------+-------------------+------------+------+--------------+----------------------------------------------------------------------------------------------------------------------------------+-------------------------------+--------------+
; |processor_with_hex_on_board                 ; 191 (0)             ; 154 (0)                   ; 1152              ; 0          ; 31   ; 0            ; |processor_with_hex_on_board                                                                                                     ; processor_with_hex_on_board   ; work         ;
;    |processor_with_hex:proc|                 ; 191 (29)            ; 154 (2)                   ; 1152              ; 0          ; 0    ; 0            ; |processor_with_hex_on_board|processor_with_hex:proc                                                                             ; processor_with_hex            ; work         ;
;       |RAM128x9:ram|                         ; 0 (0)               ; 0 (0)                     ; 1152              ; 0          ; 0    ; 0            ; |processor_with_hex_on_board|processor_with_hex:proc|RAM128x9:ram                                                                ; RAM128x9                      ; work         ;
;          |altsyncram:altsyncram_component|   ; 0 (0)               ; 0 (0)                     ; 1152              ; 0          ; 0    ; 0            ; |processor_with_hex_on_board|processor_with_hex:proc|RAM128x9:ram|altsyncram:altsyncram_component                                ; altsyncram                    ; work         ;
;             |altsyncram_ahq1:auto_generated| ; 0 (0)               ; 0 (0)                     ; 1152              ; 0          ; 0    ; 0            ; |processor_with_hex_on_board|processor_with_hex:proc|RAM128x9:ram|altsyncram:altsyncram_component|altsyncram_ahq1:auto_generated ; altsyncram_ahq1               ; work         ;
;       |decoder2_4:dec|                       ; 4 (4)               ; 0 (0)                     ; 0                 ; 0          ; 0    ; 0            ; |processor_with_hex_on_board|processor_with_hex:proc|decoder2_4:dec                                                              ; decoder2_4                    ; work         ;
;       |processor_2:proc|                     ; 158 (123)           ; 124 (6)                   ; 0                 ; 0          ; 0    ; 0            ; |processor_with_hex_on_board|processor_with_hex:proc|processor_2:proc                                                            ; processor_2                   ; work         ;
;          |counter:cnt_pc|                    ; 10 (10)             ; 9 (9)                     ; 0                 ; 0          ; 0    ; 0            ; |processor_with_hex_on_board|processor_with_hex:proc|processor_2:proc|counter:cnt_pc                                             ; counter                       ; work         ;
;          |dec3to8:decX|                      ; 2 (2)               ; 0 (0)                     ; 0                 ; 0          ; 0    ; 0            ; |processor_with_hex_on_board|processor_with_hex:proc|processor_2:proc|dec3to8:decX                                               ; dec3to8                       ; work         ;
;          |dec3to8:decY|                      ; 2 (2)               ; 0 (0)                     ; 0                 ; 0          ; 0    ; 0            ; |processor_with_hex_on_board|processor_with_hex:proc|processor_2:proc|dec3to8:decY                                               ; dec3to8                       ; work         ;
;          |regn:reg_0|                        ; 0 (0)               ; 9 (9)                     ; 0                 ; 0          ; 0    ; 0            ; |processor_with_hex_on_board|processor_with_hex:proc|processor_2:proc|regn:reg_0                                                 ; regn                          ; work         ;
;          |regn:reg_1|                        ; 0 (0)               ; 9 (9)                     ; 0                 ; 0          ; 0    ; 0            ; |processor_with_hex_on_board|processor_with_hex:proc|processor_2:proc|regn:reg_1                                                 ; regn                          ; work         ;
;          |regn:reg_2|                        ; 0 (0)               ; 9 (9)                     ; 0                 ; 0          ; 0    ; 0            ; |processor_with_hex_on_board|processor_with_hex:proc|processor_2:proc|regn:reg_2                                                 ; regn                          ; work         ;
;          |regn:reg_3|                        ; 0 (0)               ; 9 (9)                     ; 0                 ; 0          ; 0    ; 0            ; |processor_with_hex_on_board|processor_with_hex:proc|processor_2:proc|regn:reg_3                                                 ; regn                          ; work         ;
;          |regn:reg_4|                        ; 0 (0)               ; 9 (9)                     ; 0                 ; 0          ; 0    ; 0            ; |processor_with_hex_on_board|processor_with_hex:proc|processor_2:proc|regn:reg_4                                                 ; regn                          ; work         ;
;          |regn:reg_5|                        ; 0 (0)               ; 9 (9)                     ; 0                 ; 0          ; 0    ; 0            ; |processor_with_hex_on_board|processor_with_hex:proc|processor_2:proc|regn:reg_5                                                 ; regn                          ; work         ;
;          |regn:reg_6|                        ; 0 (0)               ; 9 (9)                     ; 0                 ; 0          ; 0    ; 0            ; |processor_with_hex_on_board|processor_with_hex:proc|processor_2:proc|regn:reg_6                                                 ; regn                          ; work         ;
;          |regn:reg_ADDR|                     ; 0 (0)               ; 9 (9)                     ; 0                 ; 0          ; 0    ; 0            ; |processor_with_hex_on_board|processor_with_hex:proc|processor_2:proc|regn:reg_ADDR                                              ; regn                          ; work         ;
;          |regn:reg_A|                        ; 0 (0)               ; 9 (9)                     ; 0                 ; 0          ; 0    ; 0            ; |processor_with_hex_on_board|processor_with_hex:proc|processor_2:proc|regn:reg_A                                                 ; regn                          ; work         ;
;          |regn:reg_DOUT|                     ; 0 (0)               ; 9 (9)                     ; 0                 ; 0          ; 0    ; 0            ; |processor_with_hex_on_board|processor_with_hex:proc|processor_2:proc|regn:reg_DOUT                                              ; regn                          ; work         ;
;          |regn:reg_G|                        ; 0 (0)               ; 9 (9)                     ; 0                 ; 0          ; 0    ; 0            ; |processor_with_hex_on_board|processor_with_hex:proc|processor_2:proc|regn:reg_G                                                 ; regn                          ; work         ;
;          |regn:reg_IR|                       ; 0 (0)               ; 9 (9)                     ; 0                 ; 0          ; 0    ; 0            ; |processor_with_hex_on_board|processor_with_hex:proc|processor_2:proc|regn:reg_IR                                                ; regn                          ; work         ;
;          |regn:reg_W|                        ; 0 (0)               ; 1 (1)                     ; 0                 ; 0          ; 0    ; 0            ; |processor_with_hex_on_board|processor_with_hex:proc|processor_2:proc|regn:reg_W                                                 ; regn                          ; work         ;
;          |ripple_carry_adder_subtractor:alu| ; 21 (6)              ; 0 (0)                     ; 0                 ; 0          ; 0    ; 0            ; |processor_with_hex_on_board|processor_with_hex:proc|processor_2:proc|ripple_carry_adder_subtractor:alu                          ; ripple_carry_adder_subtractor ; work         ;
;             |full_adder:ad[0].fa|            ; 1 (1)               ; 0 (0)                     ; 0                 ; 0          ; 0    ; 0            ; |processor_with_hex_on_board|processor_with_hex:proc|processor_2:proc|ripple_carry_adder_subtractor:alu|full_adder:ad[0].fa      ; full_adder                    ; work         ;
;             |full_adder:ad[1].fa|            ; 2 (2)               ; 0 (0)                     ; 0                 ; 0          ; 0    ; 0            ; |processor_with_hex_on_board|processor_with_hex:proc|processor_2:proc|ripple_carry_adder_subtractor:alu|full_adder:ad[1].fa      ; full_adder                    ; work         ;
;             |full_adder:ad[2].fa|            ; 1 (1)               ; 0 (0)                     ; 0                 ; 0          ; 0    ; 0            ; |processor_with_hex_on_board|processor_with_hex:proc|processor_2:proc|ripple_carry_adder_subtractor:alu|full_adder:ad[2].fa      ; full_adder                    ; work         ;
;             |full_adder:ad[3].fa|            ; 2 (2)               ; 0 (0)                     ; 0                 ; 0          ; 0    ; 0            ; |processor_with_hex_on_board|processor_with_hex:proc|processor_2:proc|ripple_carry_adder_subtractor:alu|full_adder:ad[3].fa      ; full_adder                    ; work         ;
;             |full_adder:ad[4].fa|            ; 2 (2)               ; 0 (0)                     ; 0                 ; 0          ; 0    ; 0            ; |processor_with_hex_on_board|processor_with_hex:proc|processor_2:proc|ripple_carry_adder_subtractor:alu|full_adder:ad[4].fa      ; full_adder                    ; work         ;
;             |full_adder:ad[5].fa|            ; 2 (2)               ; 0 (0)                     ; 0                 ; 0          ; 0    ; 0            ; |processor_with_hex_on_board|processor_with_hex:proc|processor_2:proc|ripple_carry_adder_subtractor:alu|full_adder:ad[5].fa      ; full_adder                    ; work         ;
;             |full_adder:ad[6].fa|            ; 2 (2)               ; 0 (0)                     ; 0                 ; 0          ; 0    ; 0            ; |processor_with_hex_on_board|processor_with_hex:proc|processor_2:proc|ripple_carry_adder_subtractor:alu|full_adder:ad[6].fa      ; full_adder                    ; work         ;
;             |full_adder:ad[7].fa|            ; 1 (1)               ; 0 (0)                     ; 0                 ; 0          ; 0    ; 0            ; |processor_with_hex_on_board|processor_with_hex:proc|processor_2:proc|ripple_carry_adder_subtractor:alu|full_adder:ad[7].fa      ; full_adder                    ; work         ;
;             |full_adder:ad[8].fa|            ; 2 (2)               ; 0 (0)                     ; 0                 ; 0          ; 0    ; 0            ; |processor_with_hex_on_board|processor_with_hex:proc|processor_2:proc|ripple_carry_adder_subtractor:alu|full_adder:ad[8].fa      ; full_adder                    ; work         ;
;       |regn:RH0|                             ; 0 (0)               ; 7 (7)                     ; 0                 ; 0          ; 0    ; 0            ; |processor_with_hex_on_board|processor_with_hex:proc|regn:RH0                                                                    ; regn                          ; work         ;
;       |regn:RH1|                             ; 0 (0)               ; 7 (7)                     ; 0                 ; 0          ; 0    ; 0            ; |processor_with_hex_on_board|processor_with_hex:proc|regn:RH1                                                                    ; regn                          ; work         ;
;       |regn:RH2|                             ; 0 (0)               ; 7 (7)                     ; 0                 ; 0          ; 0    ; 0            ; |processor_with_hex_on_board|processor_with_hex:proc|regn:RH2                                                                    ; regn                          ; work         ;
;       |regn:RH3|                             ; 0 (0)               ; 7 (7)                     ; 0                 ; 0          ; 0    ; 0            ; |processor_with_hex_on_board|processor_with_hex:proc|regn:RH3                                                                    ; regn                          ; work         ;
+----------------------------------------------+---------------------+---------------------------+-------------------+------------+------+--------------+----------------------------------------------------------------------------------------------------------------------------------+-------------------------------+--------------+
Note: For table entries with two numbers listed, the numbers in parentheses indicate the number of resources of the given type used by the specific entity alone. The numbers listed outside of parentheses indicate the total resources of the given type used by the specific entity and all of its sub-entities in the hierarchy.


+-----------------------------------------------------------------------------------------------------------------------------------------------------------------------------------------------------------------------------+
; Analysis & Synthesis RAM Summary                                                                                                                                                                                            ;
+----------------------------------------------------------------------------------------------------------------+------------+-------------+--------------+--------------+--------------+--------------+------+--------------+
; Name                                                                                                           ; Type       ; Mode        ; Port A Depth ; Port A Width ; Port B Depth ; Port B Width ; Size ; MIF          ;
+----------------------------------------------------------------------------------------------------------------+------------+-------------+--------------+--------------+--------------+--------------+------+--------------+
; processor_with_hex:proc|RAM128x9:ram|altsyncram:altsyncram_component|altsyncram_ahq1:auto_generated|ALTSYNCRAM ; M10K block ; Single Port ; 128          ; 9            ; --           ; --           ; 1152 ; init_mem.mif ;
+----------------------------------------------------------------------------------------------------------------+------------+-------------+--------------+--------------+--------------+--------------+------+--------------+


+-----------------------------------------------------------------------------------------------------------------------------------------------------+
; Analysis & Synthesis IP Cores Summary                                                                                                               ;
+--------+--------------+---------+--------------+--------------+-------------------------------------------------------------------+-----------------+
; Vendor ; IP Core Name ; Version ; Release Date ; License Type ; Entity Instance                                                   ; IP Include File ;
+--------+--------------+---------+--------------+--------------+-------------------------------------------------------------------+-----------------+
; Altera ; RAM: 1-PORT  ; 18.1    ; N/A          ; N/A          ; |processor_with_hex_on_board|processor_with_hex:proc|RAM128x9:ram ; RAM128x9.v      ;
+--------+--------------+---------+--------------+--------------+-------------------------------------------------------------------+-----------------+


Encoding Type:  One-Hot
+-----------------------------------------------------------------------------------------------+
; State Machine - |processor_with_hex_on_board|processor_with_hex:proc|processor_2:proc|Tstep_Q ;
+------------+------------+------------+------------+------------+------------+-----------------+
; Name       ; Tstep_Q.T5 ; Tstep_Q.T4 ; Tstep_Q.T3 ; Tstep_Q.T2 ; Tstep_Q.T1 ; Tstep_Q.T0      ;
+------------+------------+------------+------------+------------+------------+-----------------+
; Tstep_Q.T0 ; 0          ; 0          ; 0          ; 0          ; 0          ; 0               ;
; Tstep_Q.T1 ; 0          ; 0          ; 0          ; 0          ; 1          ; 1               ;
; Tstep_Q.T2 ; 0          ; 0          ; 0          ; 1          ; 0          ; 1               ;
; Tstep_Q.T3 ; 0          ; 0          ; 1          ; 0          ; 0          ; 1               ;
; Tstep_Q.T4 ; 0          ; 1          ; 0          ; 0          ; 0          ; 1               ;
; Tstep_Q.T5 ; 1          ; 0          ; 0          ; 0          ; 0          ; 1               ;
+------------+------------+------------+------------+------------+------------+-----------------+


+---------------------------------------------------------------------------------------------------------------------------------------------------------------------+
; Registers Protected by Synthesis                                                                                                                                    ;
+-----------------------------------------------------+------------------------------------------------------------------+--------------------------------------------+
; Register Name                                       ; Protected by Synthesis Attribute or Preserve Register Assignment ; Not to be Touched by Netlist Optimizations ;
+-----------------------------------------------------+------------------------------------------------------------------+--------------------------------------------+
; processor_with_hex:proc|processor_2:proc|Tstep_Q.T4 ; yes                                                              ; yes                                        ;
; processor_with_hex:proc|processor_2:proc|Tstep_Q.T3 ; yes                                                              ; yes                                        ;
; processor_with_hex:proc|processor_2:proc|Tstep_Q.T0 ; yes                                                              ; yes                                        ;
; processor_with_hex:proc|processor_2:proc|Tstep_Q.T5 ; yes                                                              ; yes                                        ;
; processor_with_hex:proc|processor_2:proc|Tstep_Q.T2 ; yes                                                              ; yes                                        ;
; processor_with_hex:proc|processor_2:proc|Tstep_Q.T1 ; yes                                                              ; yes                                        ;
; processor_with_hex:proc|T2                          ; yes                                                              ; yes                                        ;
; processor_with_hex:proc|T1                          ; yes                                                              ; yes                                        ;
; Total number of protected registers is 8            ;                                                                  ;                                            ;
+-----------------------------------------------------+------------------------------------------------------------------+--------------------------------------------+


+-------------------------------------------------------------------------+
; Registers Removed During Synthesis                                      ;
+----------------------------------------------------+--------------------+
; Register name                                      ; Reason for Removal ;
+----------------------------------------------------+--------------------+
; processor_with_hex:proc|processor_2:proc|Tstep_Q~4 ; Lost fanout        ;
; processor_with_hex:proc|processor_2:proc|Tstep_Q~5 ; Lost fanout        ;
; processor_with_hex:proc|processor_2:proc|Tstep_Q~6 ; Lost fanout        ;
; Total Number of Removed Registers = 3              ;                    ;
+----------------------------------------------------+--------------------+


+------------------------------------------------------+
; General Register Statistics                          ;
+----------------------------------------------+-------+
; Statistic                                    ; Value ;
+----------------------------------------------+-------+
; Total registers                              ; 154   ;
; Number of registers using Synchronous Clear  ; 0     ;
; Number of registers using Synchronous Load   ; 9     ;
; Number of registers using Asynchronous Clear ; 15    ;
; Number of registers using Asynchronous Load  ; 0     ;
; Number of registers using Clock Enable       ; 145   ;
; Number of registers using Preset             ; 0     ;
+----------------------------------------------+-------+


+-------------------------------------------------------------------------------------------------------------------------------------------------------------------------------------------------------------+
; Multiplexer Restructuring Statistics (Restructuring Performed)                                                                                                                                              ;
+--------------------+-----------+---------------+----------------------+------------------------+------------+-----------------------------------------------------------------------------------------------+
; Multiplexer Inputs ; Bus Width ; Baseline Area ; Area if Restructured ; Saving if Restructured ; Registered ; Example Multiplexer Output                                                                    ;
+--------------------+-----------+---------------+----------------------+------------------------+------------+-----------------------------------------------------------------------------------------------+
; 3:1                ; 9 bits    ; 18 LEs        ; 0 LEs                ; 18 LEs                 ; Yes        ; |processor_with_hex_on_board|processor_with_hex:proc|processor_2:proc|counter:cnt_pc|state[0] ;
; 5:1                ; 7 bits    ; 21 LEs        ; 21 LEs               ; 0 LEs                  ; No         ; |processor_with_hex_on_board|processor_with_hex:proc|processor_2:proc|Mux19                   ;
; 7:1                ; 8 bits    ; 32 LEs        ; 32 LEs               ; 0 LEs                  ; No         ; |processor_with_hex_on_board|processor_with_hex:proc|processor_2:proc|Mux8                    ;
; 7:1                ; 7 bits    ; 28 LEs        ; 21 LEs               ; 7 LEs                  ; No         ; |processor_with_hex_on_board|processor_with_hex:proc|processor_2:proc|Mux6                    ;
; 10:1               ; 9 bits    ; 54 LEs        ; 54 LEs               ; 0 LEs                  ; No         ; |processor_with_hex_on_board|processor_with_hex:proc|processor_2:proc|Selector26              ;
+--------------------+-----------+---------------+----------------------+------------------------+------------+-----------------------------------------------------------------------------------------------+


+-------------------------------------------------------+
; Source assignments for processor_with_hex:proc        ;
+------------------------------+-------+------+---------+
; Assignment                   ; Value ; From ; To      ;
+------------------------------+-------+------+---------+
; PRESERVE_REGISTER            ; on    ; -    ; T1      ;
; PRESERVE_REGISTER            ; on    ; -    ; T2      ;
; IGNORE_LCELL_BUFFERS         ; off   ; -    ; DIN[8]  ;
; REMOVE_REDUNDANT_LOGIC_CELLS ; off   ; -    ; DIN[8]  ;
; IGNORE_LCELL_BUFFERS         ; off   ; -    ; DIN[7]  ;
; REMOVE_REDUNDANT_LOGIC_CELLS ; off   ; -    ; DIN[7]  ;
; IGNORE_LCELL_BUFFERS         ; off   ; -    ; DIN[6]  ;
; REMOVE_REDUNDANT_LOGIC_CELLS ; off   ; -    ; DIN[6]  ;
; IGNORE_LCELL_BUFFERS         ; off   ; -    ; DIN[5]  ;
; REMOVE_REDUNDANT_LOGIC_CELLS ; off   ; -    ; DIN[5]  ;
; IGNORE_LCELL_BUFFERS         ; off   ; -    ; DIN[4]  ;
; REMOVE_REDUNDANT_LOGIC_CELLS ; off   ; -    ; DIN[4]  ;
; IGNORE_LCELL_BUFFERS         ; off   ; -    ; DIN[3]  ;
; REMOVE_REDUNDANT_LOGIC_CELLS ; off   ; -    ; DIN[3]  ;
; IGNORE_LCELL_BUFFERS         ; off   ; -    ; DIN[2]  ;
; REMOVE_REDUNDANT_LOGIC_CELLS ; off   ; -    ; DIN[2]  ;
; IGNORE_LCELL_BUFFERS         ; off   ; -    ; DIN[1]  ;
; REMOVE_REDUNDANT_LOGIC_CELLS ; off   ; -    ; DIN[1]  ;
; IGNORE_LCELL_BUFFERS         ; off   ; -    ; DIN[0]  ;
; REMOVE_REDUNDANT_LOGIC_CELLS ; off   ; -    ; DIN[0]  ;
; IGNORE_LCELL_BUFFERS         ; off   ; -    ; Run     ;
; REMOVE_REDUNDANT_LOGIC_CELLS ; off   ; -    ; Run     ;
; IGNORE_LCELL_BUFFERS         ; off   ; -    ; ADDR[8] ;
; REMOVE_REDUNDANT_LOGIC_CELLS ; off   ; -    ; ADDR[8] ;
; IGNORE_LCELL_BUFFERS         ; off   ; -    ; ADDR[7] ;
; REMOVE_REDUNDANT_LOGIC_CELLS ; off   ; -    ; ADDR[7] ;
; IGNORE_LCELL_BUFFERS         ; off   ; -    ; ADDR[6] ;
; REMOVE_REDUNDANT_LOGIC_CELLS ; off   ; -    ; ADDR[6] ;
; IGNORE_LCELL_BUFFERS         ; off   ; -    ; ADDR[5] ;
; REMOVE_REDUNDANT_LOGIC_CELLS ; off   ; -    ; ADDR[5] ;
; IGNORE_LCELL_BUFFERS         ; off   ; -    ; ADDR[4] ;
; REMOVE_REDUNDANT_LOGIC_CELLS ; off   ; -    ; ADDR[4] ;
; IGNORE_LCELL_BUFFERS         ; off   ; -    ; ADDR[3] ;
; REMOVE_REDUNDANT_LOGIC_CELLS ; off   ; -    ; ADDR[3] ;
; IGNORE_LCELL_BUFFERS         ; off   ; -    ; ADDR[2] ;
; REMOVE_REDUNDANT_LOGIC_CELLS ; off   ; -    ; ADDR[2] ;
; IGNORE_LCELL_BUFFERS         ; off   ; -    ; ADDR[1] ;
; REMOVE_REDUNDANT_LOGIC_CELLS ; off   ; -    ; ADDR[1] ;
; IGNORE_LCELL_BUFFERS         ; off   ; -    ; ADDR[0] ;
; REMOVE_REDUNDANT_LOGIC_CELLS ; off   ; -    ; ADDR[0] ;
; IGNORE_LCELL_BUFFERS         ; off   ; -    ; DOUT[8] ;
; REMOVE_REDUNDANT_LOGIC_CELLS ; off   ; -    ; DOUT[8] ;
; IGNORE_LCELL_BUFFERS         ; off   ; -    ; DOUT[7] ;
; REMOVE_REDUNDANT_LOGIC_CELLS ; off   ; -    ; DOUT[7] ;
; IGNORE_LCELL_BUFFERS         ; off   ; -    ; DOUT[6] ;
; REMOVE_REDUNDANT_LOGIC_CELLS ; off   ; -    ; DOUT[6] ;
; IGNORE_LCELL_BUFFERS         ; off   ; -    ; DOUT[5] ;
; REMOVE_REDUNDANT_LOGIC_CELLS ; off   ; -    ; DOUT[5] ;
; IGNORE_LCELL_BUFFERS         ; off   ; -    ; DOUT[4] ;
; REMOVE_REDUNDANT_LOGIC_CELLS ; off   ; -    ; DOUT[4] ;
; IGNORE_LCELL_BUFFERS         ; off   ; -    ; DOUT[3] ;
; REMOVE_REDUNDANT_LOGIC_CELLS ; off   ; -    ; DOUT[3] ;
; IGNORE_LCELL_BUFFERS         ; off   ; -    ; DOUT[2] ;
; REMOVE_REDUNDANT_LOGIC_CELLS ; off   ; -    ; DOUT[2] ;
; IGNORE_LCELL_BUFFERS         ; off   ; -    ; DOUT[1] ;
; REMOVE_REDUNDANT_LOGIC_CELLS ; off   ; -    ; DOUT[1] ;
; IGNORE_LCELL_BUFFERS         ; off   ; -    ; DOUT[0] ;
; REMOVE_REDUNDANT_LOGIC_CELLS ; off   ; -    ; DOUT[0] ;
; IGNORE_LCELL_BUFFERS         ; off   ; -    ; wr_en   ;
; REMOVE_REDUNDANT_LOGIC_CELLS ; off   ; -    ; wr_en   ;
+------------------------------+-------+------+---------+


+----------------------------------------------------------------------------------------------------------------------------+
; Source assignments for processor_with_hex:proc|RAM128x9:ram|altsyncram:altsyncram_component|altsyncram_ahq1:auto_generated ;
+---------------------------------+--------------------+------+--------------------------------------------------------------+
; Assignment                      ; Value              ; From ; To                                                           ;
+---------------------------------+--------------------+------+--------------------------------------------------------------+
; OPTIMIZE_POWER_DURING_SYNTHESIS ; NORMAL_COMPILATION ; -    ; -                                                            ;
+---------------------------------+--------------------+------+--------------------------------------------------------------+


+-----------------------------------------------------------------+
; Source assignments for processor_with_hex:proc|processor_2:proc ;
+------------------------------+-------+------+-------------------+
; Assignment                   ; Value ; From ; To                ;
+------------------------------+-------+------+-------------------+
; PRESERVE_REGISTER            ; on    ; -    ; Tstep_Q.T0        ;
; PRESERVE_REGISTER            ; on    ; -    ; Tstep_Q.T1        ;
; PRESERVE_REGISTER            ; on    ; -    ; Tstep_Q.T2        ;
; PRESERVE_REGISTER            ; on    ; -    ; Tstep_Q.T3        ;
; PRESERVE_REGISTER            ; on    ; -    ; Tstep_Q.T4        ;
; PRESERVE_REGISTER            ; on    ; -    ; Tstep_Q.T5        ;
; IGNORE_LCELL_BUFFERS         ; off   ; -    ; zero_G            ;
; REMOVE_REDUNDANT_LOGIC_CELLS ; off   ; -    ; zero_G            ;
; IGNORE_LCELL_BUFFERS         ; off   ; -    ; Done              ;
; REMOVE_REDUNDANT_LOGIC_CELLS ; off   ; -    ; Done              ;
; IGNORE_LCELL_BUFFERS         ; off   ; -    ; BusWires[8]       ;
; REMOVE_REDUNDANT_LOGIC_CELLS ; off   ; -    ; BusWires[8]       ;
; IGNORE_LCELL_BUFFERS         ; off   ; -    ; BusWires[7]       ;
; REMOVE_REDUNDANT_LOGIC_CELLS ; off   ; -    ; BusWires[7]       ;
; IGNORE_LCELL_BUFFERS         ; off   ; -    ; BusWires[6]       ;
; REMOVE_REDUNDANT_LOGIC_CELLS ; off   ; -    ; BusWires[6]       ;
; IGNORE_LCELL_BUFFERS         ; off   ; -    ; BusWires[5]       ;
; REMOVE_REDUNDANT_LOGIC_CELLS ; off   ; -    ; BusWires[5]       ;
; IGNORE_LCELL_BUFFERS         ; off   ; -    ; BusWires[4]       ;
; REMOVE_REDUNDANT_LOGIC_CELLS ; off   ; -    ; BusWires[4]       ;
; IGNORE_LCELL_BUFFERS         ; off   ; -    ; BusWires[3]       ;
; REMOVE_REDUNDANT_LOGIC_CELLS ; off   ; -    ; BusWires[3]       ;
; IGNORE_LCELL_BUFFERS         ; off   ; -    ; BusWires[2]       ;
; REMOVE_REDUNDANT_LOGIC_CELLS ; off   ; -    ; BusWires[2]       ;
; IGNORE_LCELL_BUFFERS         ; off   ; -    ; BusWires[1]       ;
; REMOVE_REDUNDANT_LOGIC_CELLS ; off   ; -    ; BusWires[1]       ;
; IGNORE_LCELL_BUFFERS         ; off   ; -    ; BusWires[0]       ;
; REMOVE_REDUNDANT_LOGIC_CELLS ; off   ; -    ; BusWires[0]       ;
+------------------------------+-------+------+-------------------+


+-------------------------------------------------------------------------------------------------------------------+
; Parameter Settings for User Entity Instance: processor_with_hex:proc|RAM128x9:ram|altsyncram:altsyncram_component ;
+------------------------------------+----------------------+-------------------------------------------------------+
; Parameter Name                     ; Value                ; Type                                                  ;
+------------------------------------+----------------------+-------------------------------------------------------+
; BYTE_SIZE_BLOCK                    ; 8                    ; Untyped                                               ;
; AUTO_CARRY_CHAINS                  ; ON                   ; AUTO_CARRY                                            ;
; IGNORE_CARRY_BUFFERS               ; OFF                  ; IGNORE_CARRY                                          ;
; AUTO_CASCADE_CHAINS                ; ON                   ; AUTO_CASCADE                                          ;
; IGNORE_CASCADE_BUFFERS             ; OFF                  ; IGNORE_CASCADE                                        ;
; WIDTH_BYTEENA                      ; 1                    ; Untyped                                               ;
; OPERATION_MODE                     ; SINGLE_PORT          ; Untyped                                               ;
; WIDTH_A                            ; 9                    ; Signed Integer                                        ;
; WIDTHAD_A                          ; 7                    ; Signed Integer                                        ;
; NUMWORDS_A                         ; 128                  ; Signed Integer                                        ;
; OUTDATA_REG_A                      ; UNREGISTERED         ; Untyped                                               ;
; ADDRESS_ACLR_A                     ; NONE                 ; Untyped                                               ;
; OUTDATA_ACLR_A                     ; NONE                 ; Untyped                                               ;
; WRCONTROL_ACLR_A                   ; NONE                 ; Untyped                                               ;
; INDATA_ACLR_A                      ; NONE                 ; Untyped                                               ;
; BYTEENA_ACLR_A                     ; NONE                 ; Untyped                                               ;
; WIDTH_B                            ; 1                    ; Untyped                                               ;
; WIDTHAD_B                          ; 1                    ; Untyped                                               ;
; NUMWORDS_B                         ; 1                    ; Untyped                                               ;
; INDATA_REG_B                       ; CLOCK1               ; Untyped                                               ;
; WRCONTROL_WRADDRESS_REG_B          ; CLOCK1               ; Untyped                                               ;
; RDCONTROL_REG_B                    ; CLOCK1               ; Untyped                                               ;
; ADDRESS_REG_B                      ; CLOCK1               ; Untyped                                               ;
; OUTDATA_REG_B                      ; UNREGISTERED         ; Untyped                                               ;
; BYTEENA_REG_B                      ; CLOCK1               ; Untyped                                               ;
; INDATA_ACLR_B                      ; NONE                 ; Untyped                                               ;
; WRCONTROL_ACLR_B                   ; NONE                 ; Untyped                                               ;
; ADDRESS_ACLR_B                     ; NONE                 ; Untyped                                               ;
; OUTDATA_ACLR_B                     ; NONE                 ; Untyped                                               ;
; RDCONTROL_ACLR_B                   ; NONE                 ; Untyped                                               ;
; BYTEENA_ACLR_B                     ; NONE                 ; Untyped                                               ;
; WIDTH_BYTEENA_A                    ; 1                    ; Signed Integer                                        ;
; WIDTH_BYTEENA_B                    ; 1                    ; Untyped                                               ;
; RAM_BLOCK_TYPE                     ; M10K                 ; Untyped                                               ;
; BYTE_SIZE                          ; 8                    ; Untyped                                               ;
; READ_DURING_WRITE_MODE_MIXED_PORTS ; DONT_CARE            ; Untyped                                               ;
; READ_DURING_WRITE_MODE_PORT_A      ; NEW_DATA_NO_NBE_READ ; Untyped                                               ;
; READ_DURING_WRITE_MODE_PORT_B      ; NEW_DATA_NO_NBE_READ ; Untyped                                               ;
; INIT_FILE                          ; init_mem.mif         ; Untyped                                               ;
; INIT_FILE_LAYOUT                   ; PORT_A               ; Untyped                                               ;
; MAXIMUM_DEPTH                      ; 0                    ; Untyped                                               ;
; CLOCK_ENABLE_INPUT_A               ; BYPASS               ; Untyped                                               ;
; CLOCK_ENABLE_INPUT_B               ; NORMAL               ; Untyped                                               ;
; CLOCK_ENABLE_OUTPUT_A              ; BYPASS               ; Untyped                                               ;
; CLOCK_ENABLE_OUTPUT_B              ; NORMAL               ; Untyped                                               ;
; CLOCK_ENABLE_CORE_A                ; USE_INPUT_CLKEN      ; Untyped                                               ;
; CLOCK_ENABLE_CORE_B                ; USE_INPUT_CLKEN      ; Untyped                                               ;
; ENABLE_ECC                         ; FALSE                ; Untyped                                               ;
; ECC_PIPELINE_STAGE_ENABLED         ; FALSE                ; Untyped                                               ;
; WIDTH_ECCSTATUS                    ; 3                    ; Untyped                                               ;
; DEVICE_FAMILY                      ; Cyclone V            ; Untyped                                               ;
; CBXI_PARAMETER                     ; altsyncram_ahq1      ; Untyped                                               ;
+------------------------------------+----------------------+-------------------------------------------------------+
Note: In order to hide this table in the UI and the text report file, please set the "Show Parameter Settings in Synthesis Report" option in "Analysis and Synthesis Settings -> More Settings" to "Off".


+--------------------------------------------------------------------------------------------------+
; Parameter Settings for User Entity Instance: processor_with_hex:proc|processor_2:proc|regn:reg_0 ;
+----------------+-------+-------------------------------------------------------------------------+
; Parameter Name ; Value ; Type                                                                    ;
+----------------+-------+-------------------------------------------------------------------------+
; N              ; 9     ; Signed Integer                                                          ;
+----------------+-------+-------------------------------------------------------------------------+
Note: In order to hide this table in the UI and the text report file, please set the "Show Parameter Settings in Synthesis Report" option in "Analysis and Synthesis Settings -> More Settings" to "Off".


+--------------------------------------------------------------------------------------------------+
; Parameter Settings for User Entity Instance: processor_with_hex:proc|processor_2:proc|regn:reg_1 ;
+----------------+-------+-------------------------------------------------------------------------+
; Parameter Name ; Value ; Type                                                                    ;
+----------------+-------+-------------------------------------------------------------------------+
; N              ; 9     ; Signed Integer                                                          ;
+----------------+-------+-------------------------------------------------------------------------+
Note: In order to hide this table in the UI and the text report file, please set the "Show Parameter Settings in Synthesis Report" option in "Analysis and Synthesis Settings -> More Settings" to "Off".


+--------------------------------------------------------------------------------------------------+
; Parameter Settings for User Entity Instance: processor_with_hex:proc|processor_2:proc|regn:reg_2 ;
+----------------+-------+-------------------------------------------------------------------------+
; Parameter Name ; Value ; Type                                                                    ;
+----------------+-------+-------------------------------------------------------------------------+
; N              ; 9     ; Signed Integer                                                          ;
+----------------+-------+-------------------------------------------------------------------------+
Note: In order to hide this table in the UI and the text report file, please set the "Show Parameter Settings in Synthesis Report" option in "Analysis and Synthesis Settings -> More Settings" to "Off".


+--------------------------------------------------------------------------------------------------+
; Parameter Settings for User Entity Instance: processor_with_hex:proc|processor_2:proc|regn:reg_3 ;
+----------------+-------+-------------------------------------------------------------------------+
; Parameter Name ; Value ; Type                                                                    ;
+----------------+-------+-------------------------------------------------------------------------+
; N              ; 9     ; Signed Integer                                                          ;
+----------------+-------+-------------------------------------------------------------------------+
Note: In order to hide this table in the UI and the text report file, please set the "Show Parameter Settings in Synthesis Report" option in "Analysis and Synthesis Settings -> More Settings" to "Off".


+--------------------------------------------------------------------------------------------------+
; Parameter Settings for User Entity Instance: processor_with_hex:proc|processor_2:proc|regn:reg_4 ;
+----------------+-------+-------------------------------------------------------------------------+
; Parameter Name ; Value ; Type                                                                    ;
+----------------+-------+-------------------------------------------------------------------------+
; N              ; 9     ; Signed Integer                                                          ;
+----------------+-------+-------------------------------------------------------------------------+
Note: In order to hide this table in the UI and the text report file, please set the "Show Parameter Settings in Synthesis Report" option in "Analysis and Synthesis Settings -> More Settings" to "Off".


+--------------------------------------------------------------------------------------------------+
; Parameter Settings for User Entity Instance: processor_with_hex:proc|processor_2:proc|regn:reg_5 ;
+----------------+-------+-------------------------------------------------------------------------+
; Parameter Name ; Value ; Type                                                                    ;
+----------------+-------+-------------------------------------------------------------------------+
; N              ; 9     ; Signed Integer                                                          ;
+----------------+-------+-------------------------------------------------------------------------+
Note: In order to hide this table in the UI and the text report file, please set the "Show Parameter Settings in Synthesis Report" option in "Analysis and Synthesis Settings -> More Settings" to "Off".


+--------------------------------------------------------------------------------------------------+
; Parameter Settings for User Entity Instance: processor_with_hex:proc|processor_2:proc|regn:reg_6 ;
+----------------+-------+-------------------------------------------------------------------------+
; Parameter Name ; Value ; Type                                                                    ;
+----------------+-------+-------------------------------------------------------------------------+
; N              ; 9     ; Signed Integer                                                          ;
+----------------+-------+-------------------------------------------------------------------------+
Note: In order to hide this table in the UI and the text report file, please set the "Show Parameter Settings in Synthesis Report" option in "Analysis and Synthesis Settings -> More Settings" to "Off".


+------------------------------------------------------------------------------------------------------+
; Parameter Settings for User Entity Instance: processor_with_hex:proc|processor_2:proc|counter:cnt_pc ;
+----------------+-------+-----------------------------------------------------------------------------+
; Parameter Name ; Value ; Type                                                                        ;
+----------------+-------+-----------------------------------------------------------------------------+
; N              ; 9     ; Signed Integer                                                              ;
+----------------+-------+-----------------------------------------------------------------------------+
Note: In order to hide this table in the UI and the text report file, please set the "Show Parameter Settings in Synthesis Report" option in "Analysis and Synthesis Settings -> More Settings" to "Off".


+--------------------------------------------------------------------------------------------------+
; Parameter Settings for User Entity Instance: processor_with_hex:proc|processor_2:proc|regn:reg_A ;
+----------------+-------+-------------------------------------------------------------------------+
; Parameter Name ; Value ; Type                                                                    ;
+----------------+-------+-------------------------------------------------------------------------+
; N              ; 9     ; Signed Integer                                                          ;
+----------------+-------+-------------------------------------------------------------------------+
Note: In order to hide this table in the UI and the text report file, please set the "Show Parameter Settings in Synthesis Report" option in "Analysis and Synthesis Settings -> More Settings" to "Off".


+--------------------------------------------------------------------------------------------------+
; Parameter Settings for User Entity Instance: processor_with_hex:proc|processor_2:proc|regn:reg_G ;
+----------------+-------+-------------------------------------------------------------------------+
; Parameter Name ; Value ; Type                                                                    ;
+----------------+-------+-------------------------------------------------------------------------+
; N              ; 9     ; Signed Integer                                                          ;
+----------------+-------+-------------------------------------------------------------------------+
Note: In order to hide this table in the UI and the text report file, please set the "Show Parameter Settings in Synthesis Report" option in "Analysis and Synthesis Settings -> More Settings" to "Off".


+---------------------------------------------------------------------------------------------------+
; Parameter Settings for User Entity Instance: processor_with_hex:proc|processor_2:proc|regn:reg_IR ;
+----------------+-------+--------------------------------------------------------------------------+
; Parameter Name ; Value ; Type                                                                     ;
+----------------+-------+--------------------------------------------------------------------------+
; N              ; 9     ; Signed Integer                                                           ;
+----------------+-------+--------------------------------------------------------------------------+
Note: In order to hide this table in the UI and the text report file, please set the "Show Parameter Settings in Synthesis Report" option in "Analysis and Synthesis Settings -> More Settings" to "Off".


+-----------------------------------------------------------------------------------------------------+
; Parameter Settings for User Entity Instance: processor_with_hex:proc|processor_2:proc|regn:reg_ADDR ;
+----------------+-------+----------------------------------------------------------------------------+
; Parameter Name ; Value ; Type                                                                       ;
+----------------+-------+----------------------------------------------------------------------------+
; N              ; 9     ; Signed Integer                                                             ;
+----------------+-------+----------------------------------------------------------------------------+
Note: In order to hide this table in the UI and the text report file, please set the "Show Parameter Settings in Synthesis Report" option in "Analysis and Synthesis Settings -> More Settings" to "Off".


+-----------------------------------------------------------------------------------------------------+
; Parameter Settings for User Entity Instance: processor_with_hex:proc|processor_2:proc|regn:reg_DOUT ;
+----------------+-------+----------------------------------------------------------------------------+
; Parameter Name ; Value ; Type                                                                       ;
+----------------+-------+----------------------------------------------------------------------------+
; N              ; 9     ; Signed Integer                                                             ;
+----------------+-------+----------------------------------------------------------------------------+
Note: In order to hide this table in the UI and the text report file, please set the "Show Parameter Settings in Synthesis Report" option in "Analysis and Synthesis Settings -> More Settings" to "Off".


+--------------------------------------------------------------------------------------------------+
; Parameter Settings for User Entity Instance: processor_with_hex:proc|processor_2:proc|regn:reg_W ;
+----------------+-------+-------------------------------------------------------------------------+
; Parameter Name ; Value ; Type                                                                    ;
+----------------+-------+-------------------------------------------------------------------------+
; N              ; 1     ; Signed Integer                                                          ;
+----------------+-------+-------------------------------------------------------------------------+
Note: In order to hide this table in the UI and the text report file, please set the "Show Parameter Settings in Synthesis Report" option in "Analysis and Synthesis Settings -> More Settings" to "Off".


+-------------------------------------------------------------------------------------------------------------------------+
; Parameter Settings for User Entity Instance: processor_with_hex:proc|processor_2:proc|ripple_carry_adder_subtractor:alu ;
+----------------+-------+------------------------------------------------------------------------------------------------+
; Parameter Name ; Value ; Type                                                                                           ;
+----------------+-------+------------------------------------------------------------------------------------------------+
; N              ; 9     ; Signed Integer                                                                                 ;
+----------------+-------+------------------------------------------------------------------------------------------------+
Note: In order to hide this table in the UI and the text report file, please set the "Show Parameter Settings in Synthesis Report" option in "Analysis and Synthesis Settings -> More Settings" to "Off".


+-------------------------------------------------------------------------------+
; Parameter Settings for User Entity Instance: processor_with_hex:proc|regn:RH0 ;
+----------------+-------+------------------------------------------------------+
; Parameter Name ; Value ; Type                                                 ;
+----------------+-------+------------------------------------------------------+
; N              ; 7     ; Signed Integer                                       ;
+----------------+-------+------------------------------------------------------+
Note: In order to hide this table in the UI and the text report file, please set the "Show Parameter Settings in Synthesis Report" option in "Analysis and Synthesis Settings -> More Settings" to "Off".


+-------------------------------------------------------------------------------+
; Parameter Settings for User Entity Instance: processor_with_hex:proc|regn:RH1 ;
+----------------+-------+------------------------------------------------------+
; Parameter Name ; Value ; Type                                                 ;
+----------------+-------+------------------------------------------------------+
; N              ; 7     ; Signed Integer                                       ;
+----------------+-------+------------------------------------------------------+
Note: In order to hide this table in the UI and the text report file, please set the "Show Parameter Settings in Synthesis Report" option in "Analysis and Synthesis Settings -> More Settings" to "Off".


+-------------------------------------------------------------------------------+
; Parameter Settings for User Entity Instance: processor_with_hex:proc|regn:RH2 ;
+----------------+-------+------------------------------------------------------+
; Parameter Name ; Value ; Type                                                 ;
+----------------+-------+------------------------------------------------------+
; N              ; 7     ; Signed Integer                                       ;
+----------------+-------+------------------------------------------------------+
Note: In order to hide this table in the UI and the text report file, please set the "Show Parameter Settings in Synthesis Report" option in "Analysis and Synthesis Settings -> More Settings" to "Off".


+-------------------------------------------------------------------------------+
; Parameter Settings for User Entity Instance: processor_with_hex:proc|regn:RH3 ;
+----------------+-------+------------------------------------------------------+
; Parameter Name ; Value ; Type                                                 ;
+----------------+-------+------------------------------------------------------+
; N              ; 7     ; Signed Integer                                       ;
+----------------+-------+------------------------------------------------------+
Note: In order to hide this table in the UI and the text report file, please set the "Show Parameter Settings in Synthesis Report" option in "Analysis and Synthesis Settings -> More Settings" to "Off".


+------------------------------------------------------------------------------------------------------------------+
; altsyncram Parameter Settings by Entity Instance                                                                 ;
+-------------------------------------------+----------------------------------------------------------------------+
; Name                                      ; Value                                                                ;
+-------------------------------------------+----------------------------------------------------------------------+
; Number of entity instances                ; 1                                                                    ;
; Entity Instance                           ; processor_with_hex:proc|RAM128x9:ram|altsyncram:altsyncram_component ;
;     -- OPERATION_MODE                     ; SINGLE_PORT                                                          ;
;     -- WIDTH_A                            ; 9                                                                    ;
;     -- NUMWORDS_A                         ; 128                                                                  ;
;     -- OUTDATA_REG_A                      ; UNREGISTERED                                                         ;
;     -- WIDTH_B                            ; 1                                                                    ;
;     -- NUMWORDS_B                         ; 1                                                                    ;
;     -- ADDRESS_REG_B                      ; CLOCK1                                                               ;
;     -- OUTDATA_REG_B                      ; UNREGISTERED                                                         ;
;     -- RAM_BLOCK_TYPE                     ; M10K                                                                 ;
;     -- READ_DURING_WRITE_MODE_MIXED_PORTS ; DONT_CARE                                                            ;
+-------------------------------------------+----------------------------------------------------------------------+


+-------------------------------------------------------------------------------------------------------------------------------------+
; Port Connectivity Checks: "processor_with_hex:proc|processor_2:proc|ripple_carry_adder_subtractor:alu|full_adder:ad[8].fa"          ;
+------+--------+----------+----------------------------------------------------------------------------------------------------------+
; Port ; Type   ; Severity ; Details                                                                                                  ;
+------+--------+----------+----------------------------------------------------------------------------------------------------------+
; cout ; Output ; Warning  ; Declared by entity but not connected by instance. Logic that only feeds a dangling port will be removed. ;
+------+--------+----------+----------------------------------------------------------------------------------------------------------+


+---------------------------------------------------------------------------------+
; Port Connectivity Checks: "processor_with_hex:proc|processor_2:proc|regn:reg_W" ;
+------+-------+----------+-------------------------------------------------------+
; Port ; Type  ; Severity ; Details                                               ;
+------+-------+----------+-------------------------------------------------------+
; Rin  ; Input ; Info     ; Stuck at VCC                                          ;
+------+-------+----------+-------------------------------------------------------+


+-----------------------------------------------------------------------------------+
; Port Connectivity Checks: "processor_with_hex:proc|processor_2:proc|dec3to8:decY" ;
+------+-------+----------+---------------------------------------------------------+
; Port ; Type  ; Severity ; Details                                                 ;
+------+-------+----------+---------------------------------------------------------+
; En   ; Input ; Info     ; Stuck at VCC                                            ;
+------+-------+----------+---------------------------------------------------------+


+-----------------------------------------------------------------------------------+
; Port Connectivity Checks: "processor_with_hex:proc|processor_2:proc|dec3to8:decX" ;
+------+-------+----------+---------------------------------------------------------+
; Port ; Type  ; Severity ; Details                                                 ;
+------+-------+----------+---------------------------------------------------------+
; En   ; Input ; Info     ; Stuck at VCC                                            ;
+------+-------+----------+---------------------------------------------------------+


+-----------------------------------------------------+
; Post-Synthesis Netlist Statistics for Top Partition ;
+-----------------------+-----------------------------+
; Type                  ; Count                       ;
+-----------------------+-----------------------------+
; arriav_ff             ; 154                         ;
;     CLR               ; 6                           ;
;     ENA               ; 136                         ;
;     ENA CLR SLD       ; 9                           ;
;     plain             ; 3                           ;
; arriav_lcell_comb     ; 191                         ;
;     arith             ; 9                           ;
;         1 data inputs ; 9                           ;
;     normal            ; 182                         ;
;         1 data inputs ; 29                          ;
;         2 data inputs ; 21                          ;
;         3 data inputs ; 20                          ;
;         4 data inputs ; 17                          ;
;         5 data inputs ; 23                          ;
;         6 data inputs ; 72                          ;
; boundary_port         ; 31                          ;
; stratixv_ram_block    ; 9                           ;
;                       ;                             ;
; Max LUT depth         ; 12.00                       ;
; Average LUT depth     ; 6.11                        ;
+-----------------------+-----------------------------+


+-------------------------------+
; Elapsed Time Per Partition    ;
+----------------+--------------+
; Partition Name ; Elapsed Time ;
+----------------+--------------+
; Top            ; 00:00:01     ;
+----------------+--------------+


+-------------------------------+
; Analysis & Synthesis Messages ;
+-------------------------------+
Info: *******************************************************************
Info: Running Quartus Prime Analysis & Synthesis
    Info: Version 18.1.0 Build 625 09/12/2018 SJ Lite Edition
    Info: Processing started: Thu Jun 23 12:11:11 2022
Info: Command: quartus_map --read_settings_files=on --write_settings_files=off processor_with_hex_on_board -c processor_with_hex_on_board
Warning (18236): Number of processors has not been specified which may cause overloading on shared machines.  Set the global assignment NUM_PARALLEL_PROCESSORS in your QSF to an appropriate value for best performance.
Info (20030): Parallel compilation is enabled and will use 4 of the 4 processors detected
Warning (10275): Verilog HDL Module Instantiation warning at processor_with_hex_on_board.v(295): ignored dangling comma in List of Port Connections File: D:/Storage/temp/semestr_6/sw/13/projekty/processor_with_hex_on_board/processor_with_hex_on_board.v Line: 295
Info (12021): Found 9 design units, including 9 entities, in source file processor_with_hex_on_board.v
    Info (12023): Found entity 1: processor_with_hex_on_board File: D:/Storage/temp/semestr_6/sw/13/projekty/processor_with_hex_on_board/processor_with_hex_on_board.v Line: 1
    Info (12023): Found entity 2: processor_with_hex File: D:/Storage/temp/semestr_6/sw/13/projekty/processor_with_hex_on_board/processor_with_hex_on_board.v Line: 11
    Info (12023): Found entity 3: decoder2_4 File: D:/Storage/temp/semestr_6/sw/13/projekty/processor_with_hex_on_board/processor_with_hex_on_board.v Line: 36
    Info (12023): Found entity 4: processor_2 File: D:/Storage/temp/semestr_6/sw/13/projekty/processor_with_hex_on_board/processor_with_hex_on_board.v Line: 48
    Info (12023): Found entity 5: regn File: D:/Storage/temp/semestr_6/sw/13/projekty/processor_with_hex_on_board/processor_with_hex_on_board.v Line: 244
    Info (12023): Found entity 6: dec3to8 File: D:/Storage/temp/semestr_6/sw/13/projekty/processor_with_hex_on_board/processor_with_hex_on_board.v Line: 257
    Info (12023): Found entity 7: ripple_carry_adder_subtractor File: D:/Storage/temp/semestr_6/sw/13/projekty/processor_with_hex_on_board/processor_with_hex_on_board.v Line: 279
    Info (12023): Found entity 8: full_adder File: D:/Storage/temp/semestr_6/sw/13/projekty/processor_with_hex_on_board/processor_with_hex_on_board.v Line: 303
    Info (12023): Found entity 9: counter File: D:/Storage/temp/semestr_6/sw/13/projekty/processor_with_hex_on_board/processor_with_hex_on_board.v Line: 312
Info (12021): Found 1 design units, including 1 entities, in source file ram128x9.v
    Info (12023): Found entity 1: RAM128x9 File: D:/Storage/temp/semestr_6/sw/13/projekty/processor_with_hex_on_board/RAM128x9.v Line: 39
Info (12127): Elaborating entity "processor_with_hex_on_board" for the top level hierarchy
Info (12128): Elaborating entity "processor_with_hex" for hierarchy "processor_with_hex:proc" File: D:/Storage/temp/semestr_6/sw/13/projekty/processor_with_hex_on_board/processor_with_hex_on_board.v Line: 7
Info (12128): Elaborating entity "RAM128x9" for hierarchy "processor_with_hex:proc|RAM128x9:ram" File: D:/Storage/temp/semestr_6/sw/13/projekty/processor_with_hex_on_board/processor_with_hex_on_board.v Line: 18
Info (12128): Elaborating entity "altsyncram" for hierarchy "processor_with_hex:proc|RAM128x9:ram|altsyncram:altsyncram_component" File: D:/Storage/temp/semestr_6/sw/13/projekty/processor_with_hex_on_board/RAM128x9.v Line: 85
Info (12130): Elaborated megafunction instantiation "processor_with_hex:proc|RAM128x9:ram|altsyncram:altsyncram_component" File: D:/Storage/temp/semestr_6/sw/13/projekty/processor_with_hex_on_board/RAM128x9.v Line: 85
Info (12133): Instantiated megafunction "processor_with_hex:proc|RAM128x9:ram|altsyncram:altsyncram_component" with the following parameter: File: D:/Storage/temp/semestr_6/sw/13/projekty/processor_with_hex_on_board/RAM128x9.v Line: 85
    Info (12134): Parameter "clock_enable_input_a" = "BYPASS"
    Info (12134): Parameter "clock_enable_output_a" = "BYPASS"
    Info (12134): Parameter "init_file" = "init_mem.mif"
    Info (12134): Parameter "intended_device_family" = "Cyclone V"
    Info (12134): Parameter "lpm_hint" = "ENABLE_RUNTIME_MOD=NO"
    Info (12134): Parameter "lpm_type" = "altsyncram"
    Info (12134): Parameter "numwords_a" = "128"
    Info (12134): Parameter "operation_mode" = "SINGLE_PORT"
    Info (12134): Parameter "outdata_aclr_a" = "NONE"
    Info (12134): Parameter "outdata_reg_a" = "UNREGISTERED"
    Info (12134): Parameter "power_up_uninitialized" = "FALSE"
    Info (12134): Parameter "ram_block_type" = "M10K"
    Info (12134): Parameter "read_during_write_mode_port_a" = "NEW_DATA_NO_NBE_READ"
    Info (12134): Parameter "widthad_a" = "7"
    Info (12134): Parameter "width_a" = "9"
    Info (12134): Parameter "width_byteena_a" = "1"
Info (12021): Found 1 design units, including 1 entities, in source file db/altsyncram_ahq1.tdf
    Info (12023): Found entity 1: altsyncram_ahq1 File: D:/Storage/temp/semestr_6/sw/13/projekty/processor_with_hex_on_board/db/altsyncram_ahq1.tdf Line: 27
Info (12128): Elaborating entity "altsyncram_ahq1" for hierarchy "processor_with_hex:proc|RAM128x9:ram|altsyncram:altsyncram_component|altsyncram_ahq1:auto_generated" File: d:/intelfpga_lite/18.1/quartus/libraries/megafunctions/altsyncram.tdf Line: 791
Warning (113028): 66 out of 128 addresses are uninitialized. The Quartus Prime software will initialize them to "0". There are 1 warnings found, and 1 warnings are reported. File: D:/Storage/temp/semestr_6/sw/13/projekty/processor_with_hex_on_board/init_mem.mif Line: 1
    Warning (113027): Addresses ranging from 62 to 127 are not initialized File: D:/Storage/temp/semestr_6/sw/13/projekty/processor_with_hex_on_board/init_mem.mif Line: 1
Info (12128): Elaborating entity "processor_2" for hierarchy "processor_with_hex:proc|processor_2:proc" File: D:/Storage/temp/semestr_6/sw/13/projekty/processor_with_hex_on_board/processor_with_hex_on_board.v Line: 25
Info (10264): Verilog HDL Case Statement information at processor_with_hex_on_board.v(83): all case item expressions in this case statement are onehot File: D:/Storage/temp/semestr_6/sw/13/projekty/processor_with_hex_on_board/processor_with_hex_on_board.v Line: 83
Warning (10270): Verilog HDL Case Statement warning at processor_with_hex_on_board.v(136): incomplete case statement has no default case item File: D:/Storage/temp/semestr_6/sw/13/projekty/processor_with_hex_on_board/processor_with_hex_on_board.v Line: 136
Warning (10270): Verilog HDL Case Statement warning at processor_with_hex_on_board.v(165): incomplete case statement has no default case item File: D:/Storage/temp/semestr_6/sw/13/projekty/processor_with_hex_on_board/processor_with_hex_on_board.v Line: 165
Warning (10270): Verilog HDL Case Statement warning at processor_with_hex_on_board.v(185): incomplete case statement has no default case item File: D:/Storage/temp/semestr_6/sw/13/projekty/processor_with_hex_on_board/processor_with_hex_on_board.v Line: 185
Info (10264): Verilog HDL Case Statement information at processor_with_hex_on_board.v(229): all case item expressions in this case statement are onehot File: D:/Storage/temp/semestr_6/sw/13/projekty/processor_with_hex_on_board/processor_with_hex_on_board.v Line: 229
Info (12128): Elaborating entity "dec3to8" for hierarchy "processor_with_hex:proc|processor_2:proc|dec3to8:decX" File: D:/Storage/temp/semestr_6/sw/13/projekty/processor_with_hex_on_board/processor_with_hex_on_board.v Line: 78
Info (12128): Elaborating entity "regn" for hierarchy "processor_with_hex:proc|processor_2:proc|regn:reg_0" File: D:/Storage/temp/semestr_6/sw/13/projekty/processor_with_hex_on_board/processor_with_hex_on_board.v Line: 207
Info (12128): Elaborating entity "counter" for hierarchy "processor_with_hex:proc|processor_2:proc|counter:cnt_pc" File: D:/Storage/temp/semestr_6/sw/13/projekty/processor_with_hex_on_board/processor_with_hex_on_board.v Line: 214
Info (12128): Elaborating entity "regn" for hierarchy "processor_with_hex:proc|processor_2:proc|regn:reg_W" File: D:/Storage/temp/semestr_6/sw/13/projekty/processor_with_hex_on_board/processor_with_hex_on_board.v Line: 220
Info (12128): Elaborating entity "ripple_carry_adder_subtractor" for hierarchy "processor_with_hex:proc|processor_2:proc|ripple_carry_adder_subtractor:alu" File: D:/Storage/temp/semestr_6/sw/13/projekty/processor_with_hex_on_board/processor_with_hex_on_board.v Line: 223
Info (12128): Elaborating entity "full_adder" for hierarchy "processor_with_hex:proc|processor_2:proc|ripple_carry_adder_subtractor:alu|full_adder:ad[0].fa" File: D:/Storage/temp/semestr_6/sw/13/projekty/processor_with_hex_on_board/processor_with_hex_on_board.v Line: 294
Info (12128): Elaborating entity "decoder2_4" for hierarchy "processor_with_hex:proc|decoder2_4:dec" File: D:/Storage/temp/semestr_6/sw/13/projekty/processor_with_hex_on_board/processor_with_hex_on_board.v Line: 28
Info (12128): Elaborating entity "regn" for hierarchy "processor_with_hex:proc|regn:RH0" File: D:/Storage/temp/semestr_6/sw/13/projekty/processor_with_hex_on_board/processor_with_hex_on_board.v Line: 29
Warning (12241): 1 hierarchies have connectivity warnings - see the Connectivity Checks report folder
Info (286030): Timing-Driven Synthesis is running
Info (17049): 3 registers lost all their fanouts during netlist optimizations.
Info (17016): Found the following redundant logic cells in design
    Info (17048): Logic cell "processor_with_hex:proc|DOUT[0]" File: D:/Storage/temp/semestr_6/sw/13/projekty/processor_with_hex_on_board/processor_with_hex_on_board.v Line: 16
    Info (17048): Logic cell "processor_with_hex:proc|ADDR[7]" File: D:/Storage/temp/semestr_6/sw/13/projekty/processor_with_hex_on_board/processor_with_hex_on_board.v Line: 16
    Info (17048): Logic cell "processor_with_hex:proc|ADDR[8]" File: D:/Storage/temp/semestr_6/sw/13/projekty/processor_with_hex_on_board/processor_with_hex_on_board.v Line: 16
    Info (17048): Logic cell "processor_with_hex:proc|wr_en" File: D:/Storage/temp/semestr_6/sw/13/projekty/processor_with_hex_on_board/processor_with_hex_on_board.v Line: 17
    Info (17048): Logic cell "processor_with_hex:proc|DOUT[1]" File: D:/Storage/temp/semestr_6/sw/13/projekty/processor_with_hex_on_board/processor_with_hex_on_board.v Line: 16
    Info (17048): Logic cell "processor_with_hex:proc|DOUT[2]" File: D:/Storage/temp/semestr_6/sw/13/projekty/processor_with_hex_on_board/processor_with_hex_on_board.v Line: 16
    Info (17048): Logic cell "processor_with_hex:proc|DOUT[3]" File: D:/Storage/temp/semestr_6/sw/13/projekty/processor_with_hex_on_board/processor_with_hex_on_board.v Line: 16
    Info (17048): Logic cell "processor_with_hex:proc|DOUT[4]" File: D:/Storage/temp/semestr_6/sw/13/projekty/processor_with_hex_on_board/processor_with_hex_on_board.v Line: 16
    Info (17048): Logic cell "processor_with_hex:proc|DOUT[5]" File: D:/Storage/temp/semestr_6/sw/13/projekty/processor_with_hex_on_board/processor_with_hex_on_board.v Line: 16
    Info (17048): Logic cell "processor_with_hex:proc|DOUT[6]" File: D:/Storage/temp/semestr_6/sw/13/projekty/processor_with_hex_on_board/processor_with_hex_on_board.v Line: 16
    Info (17048): Logic cell "processor_with_hex:proc|DIN[0]" File: D:/Storage/temp/semestr_6/sw/13/projekty/processor_with_hex_on_board/processor_with_hex_on_board.v Line: 16
    Info (17048): Logic cell "processor_with_hex:proc|DIN[8]" File: D:/Storage/temp/semestr_6/sw/13/projekty/processor_with_hex_on_board/processor_with_hex_on_board.v Line: 16
    Info (17048): Logic cell "processor_with_hex:proc|DIN[6]" File: D:/Storage/temp/semestr_6/sw/13/projekty/processor_with_hex_on_board/processor_with_hex_on_board.v Line: 16
    Info (17048): Logic cell "processor_with_hex:proc|DIN[7]" File: D:/Storage/temp/semestr_6/sw/13/projekty/processor_with_hex_on_board/processor_with_hex_on_board.v Line: 16
    Info (17048): Logic cell "processor_with_hex:proc|Run" File: D:/Storage/temp/semestr_6/sw/13/projekty/processor_with_hex_on_board/processor_with_hex_on_board.v Line: 24
    Info (17048): Logic cell "processor_with_hex:proc|DIN[1]" File: D:/Storage/temp/semestr_6/sw/13/projekty/processor_with_hex_on_board/processor_with_hex_on_board.v Line: 16
    Info (17048): Logic cell "processor_with_hex:proc|DIN[2]" File: D:/Storage/temp/semestr_6/sw/13/projekty/processor_with_hex_on_board/processor_with_hex_on_board.v Line: 16
    Info (17048): Logic cell "processor_with_hex:proc|DIN[3]" File: D:/Storage/temp/semestr_6/sw/13/projekty/processor_with_hex_on_board/processor_with_hex_on_board.v Line: 16
    Info (17048): Logic cell "processor_with_hex:proc|DIN[4]" File: D:/Storage/temp/semestr_6/sw/13/projekty/processor_with_hex_on_board/processor_with_hex_on_board.v Line: 16
    Info (17048): Logic cell "processor_with_hex:proc|DIN[5]" File: D:/Storage/temp/semestr_6/sw/13/projekty/processor_with_hex_on_board/processor_with_hex_on_board.v Line: 16
    Info (17048): Logic cell "processor_with_hex:proc|ADDR[0]" File: D:/Storage/temp/semestr_6/sw/13/projekty/processor_with_hex_on_board/processor_with_hex_on_board.v Line: 16
    Info (17048): Logic cell "processor_with_hex:proc|ADDR[1]" File: D:/Storage/temp/semestr_6/sw/13/projekty/processor_with_hex_on_board/processor_with_hex_on_board.v Line: 16
    Info (17048): Logic cell "processor_with_hex:proc|ADDR[2]" File: D:/Storage/temp/semestr_6/sw/13/projekty/processor_with_hex_on_board/processor_with_hex_on_board.v Line: 16
    Info (17048): Logic cell "processor_with_hex:proc|ADDR[3]" File: D:/Storage/temp/semestr_6/sw/13/projekty/processor_with_hex_on_board/processor_with_hex_on_board.v Line: 16
    Info (17048): Logic cell "processor_with_hex:proc|ADDR[4]" File: D:/Storage/temp/semestr_6/sw/13/projekty/processor_with_hex_on_board/processor_with_hex_on_board.v Line: 16
    Info (17048): Logic cell "processor_with_hex:proc|ADDR[5]" File: D:/Storage/temp/semestr_6/sw/13/projekty/processor_with_hex_on_board/processor_with_hex_on_board.v Line: 16
    Info (17048): Logic cell "processor_with_hex:proc|ADDR[6]" File: D:/Storage/temp/semestr_6/sw/13/projekty/processor_with_hex_on_board/processor_with_hex_on_board.v Line: 16
    Info (17048): Logic cell "processor_with_hex:proc|DOUT[8]" File: D:/Storage/temp/semestr_6/sw/13/projekty/processor_with_hex_on_board/processor_with_hex_on_board.v Line: 16
    Info (17048): Logic cell "processor_with_hex:proc|DOUT[7]" File: D:/Storage/temp/semestr_6/sw/13/projekty/processor_with_hex_on_board/processor_with_hex_on_board.v Line: 16
Warning (20013): Ignored 571 assignments for entity "DE1_SoC" -- entity does not exist in design
    Warning (20014): Assignment for entity set_instance_assignment -name PACKAGE_SKEW_COMPENSATION OFF -to HPS_DDR3_ADDR[0] -entity DE1_SoC was ignored
    Warning (20014): Assignment for entity set_instance_assignment -name PACKAGE_SKEW_COMPENSATION OFF -to HPS_DDR3_ADDR[10] -entity DE1_SoC was ignored
    Warning (20014): Assignment for entity set_instance_assignment -name PACKAGE_SKEW_COMPENSATION OFF -to HPS_DDR3_ADDR[11] -entity DE1_SoC was ignored
    Warning (20014): Assignment for entity set_instance_assignment -name PACKAGE_SKEW_COMPENSATION OFF -to HPS_DDR3_ADDR[12] -entity DE1_SoC was ignored
    Warning (20014): Assignment for entity set_instance_assignment -name PACKAGE_SKEW_COMPENSATION OFF -to HPS_DDR3_ADDR[13] -entity DE1_SoC was ignored
    Warning (20014): Assignment for entity set_instance_assignment -name PACKAGE_SKEW_COMPENSATION OFF -to HPS_DDR3_ADDR[14] -entity DE1_SoC was ignored
    Warning (20014): Assignment for entity set_instance_assignment -name PACKAGE_SKEW_COMPENSATION OFF -to HPS_DDR3_ADDR[1] -entity DE1_SoC was ignored
    Warning (20014): Assignment for entity set_instance_assignment -name PACKAGE_SKEW_COMPENSATION OFF -to HPS_DDR3_ADDR[2] -entity DE1_SoC was ignored
    Warning (20014): Assignment for entity set_instance_assignment -name PACKAGE_SKEW_COMPENSATION OFF -to HPS_DDR3_ADDR[3] -entity DE1_SoC was ignored
    Warning (20014): Assignment for entity set_instance_assignment -name PACKAGE_SKEW_COMPENSATION OFF -to HPS_DDR3_ADDR[4] -entity DE1_SoC was ignored
    Warning (20014): Assignment for entity set_instance_assignment -name PACKAGE_SKEW_COMPENSATION OFF -to HPS_DDR3_ADDR[5] -entity DE1_SoC was ignored
    Warning (20014): Assignment for entity set_instance_assignment -name PACKAGE_SKEW_COMPENSATION OFF -to HPS_DDR3_ADDR[6] -entity DE1_SoC was ignored
    Warning (20014): Assignment for entity set_instance_assignment -name PACKAGE_SKEW_COMPENSATION OFF -to HPS_DDR3_ADDR[7] -entity DE1_SoC was ignored
    Warning (20014): Assignment for entity set_instance_assignment -name PACKAGE_SKEW_COMPENSATION OFF -to HPS_DDR3_ADDR[8] -entity DE1_SoC was ignored
    Warning (20014): Assignment for entity set_instance_assignment -name PACKAGE_SKEW_COMPENSATION OFF -to HPS_DDR3_ADDR[9] -entity DE1_SoC was ignored
    Warning (20014): Assignment for entity set_instance_assignment -name PACKAGE_SKEW_COMPENSATION OFF -to HPS_DDR3_BA[0] -entity DE1_SoC was ignored
    Warning (20014): Assignment for entity set_instance_assignment -name PACKAGE_SKEW_COMPENSATION OFF -to HPS_DDR3_BA[1] -entity DE1_SoC was ignored
    Warning (20014): Assignment for entity set_instance_assignment -name PACKAGE_SKEW_COMPENSATION OFF -to HPS_DDR3_BA[2] -entity DE1_SoC was ignored
    Warning (20014): Assignment for entity set_instance_assignment -name PACKAGE_SKEW_COMPENSATION OFF -to HPS_DDR3_CAS_N -entity DE1_SoC was ignored
    Warning (20014): Assignment for entity set_instance_assignment -name PACKAGE_SKEW_COMPENSATION OFF -to HPS_DDR3_CKE -entity DE1_SoC was ignored
    Warning (20014): Assignment for entity set_instance_assignment -name PACKAGE_SKEW_COMPENSATION OFF -to HPS_DDR3_CK_N -entity DE1_SoC was ignored
    Warning (20014): Assignment for entity set_instance_assignment -name PACKAGE_SKEW_COMPENSATION OFF -to HPS_DDR3_CK_P -entity DE1_SoC was ignored
    Warning (20014): Assignment for entity set_instance_assignment -name PACKAGE_SKEW_COMPENSATION OFF -to HPS_DDR3_CS_N -entity DE1_SoC was ignored
    Warning (20014): Assignment for entity set_instance_assignment -name PACKAGE_SKEW_COMPENSATION OFF -to HPS_DDR3_DM[0] -entity DE1_SoC was ignored
    Warning (20014): Assignment for entity set_instance_assignment -name PACKAGE_SKEW_COMPENSATION OFF -to HPS_DDR3_DM[1] -entity DE1_SoC was ignored
    Warning (20014): Assignment for entity set_instance_assignment -name PACKAGE_SKEW_COMPENSATION OFF -to HPS_DDR3_DM[2] -entity DE1_SoC was ignored
    Warning (20014): Assignment for entity set_instance_assignment -name PACKAGE_SKEW_COMPENSATION OFF -to HPS_DDR3_DM[3] -entity DE1_SoC was ignored
    Warning (20014): Assignment for entity set_instance_assignment -name PACKAGE_SKEW_COMPENSATION OFF -to HPS_DDR3_DQS_N[0] -entity DE1_SoC was ignored
    Warning (20014): Assignment for entity set_instance_assignment -name PACKAGE_SKEW_COMPENSATION OFF -to HPS_DDR3_DQS_N[1] -entity DE1_SoC was ignored
    Warning (20014): Assignment for entity set_instance_assignment -name PACKAGE_SKEW_COMPENSATION OFF -to HPS_DDR3_DQS_N[2] -entity DE1_SoC was ignored
    Warning (20014): Assignment for entity set_instance_assignment -name PACKAGE_SKEW_COMPENSATION OFF -to HPS_DDR3_DQS_N[3] -entity DE1_SoC was ignored
    Warning (20014): Assignment for entity set_instance_assignment -name PACKAGE_SKEW_COMPENSATION OFF -to HPS_DDR3_DQS_P[0] -entity DE1_SoC was ignored
    Warning (20014): Assignment for entity set_instance_assignment -name PACKAGE_SKEW_COMPENSATION OFF -to HPS_DDR3_DQS_P[1] -entity DE1_SoC was ignored
    Warning (20014): Assignment for entity set_instance_assignment -name PACKAGE_SKEW_COMPENSATION OFF -to HPS_DDR3_DQS_P[2] -entity DE1_SoC was ignored
    Warning (20014): Assignment for entity set_instance_assignment -name PACKAGE_SKEW_COMPENSATION OFF -to HPS_DDR3_DQS_P[3] -entity DE1_SoC was ignored
    Warning (20014): Assignment for entity set_instance_assignment -name PACKAGE_SKEW_COMPENSATION OFF -to HPS_DDR3_DQ[0] -entity DE1_SoC was ignored
    Warning (20014): Assignment for entity set_instance_assignment -name PACKAGE_SKEW_COMPENSATION OFF -to HPS_DDR3_DQ[10] -entity DE1_SoC was ignored
    Warning (20014): Assignment for entity set_instance_assignment -name PACKAGE_SKEW_COMPENSATION OFF -to HPS_DDR3_DQ[11] -entity DE1_SoC was ignored
    Warning (20014): Assignment for entity set_instance_assignment -name PACKAGE_SKEW_COMPENSATION OFF -to HPS_DDR3_DQ[12] -entity DE1_SoC was ignored
    Warning (20014): Assignment for entity set_instance_assignment -name PACKAGE_SKEW_COMPENSATION OFF -to HPS_DDR3_DQ[13] -entity DE1_SoC was ignored
    Warning (20014): Assignment for entity set_instance_assignment -name PACKAGE_SKEW_COMPENSATION OFF -to HPS_DDR3_DQ[14] -entity DE1_SoC was ignored
    Warning (20014): Assignment for entity set_instance_assignment -name PACKAGE_SKEW_COMPENSATION OFF -to HPS_DDR3_DQ[15] -entity DE1_SoC was ignored
    Warning (20014): Assignment for entity set_instance_assignment -name PACKAGE_SKEW_COMPENSATION OFF -to HPS_DDR3_DQ[16] -entity DE1_SoC was ignored
    Warning (20014): Assignment for entity set_instance_assignment -name PACKAGE_SKEW_COMPENSATION OFF -to HPS_DDR3_DQ[17] -entity DE1_SoC was ignored
    Warning (20014): Assignment for entity set_instance_assignment -name PACKAGE_SKEW_COMPENSATION OFF -to HPS_DDR3_DQ[18] -entity DE1_SoC was ignored
    Warning (20014): Assignment for entity set_instance_assignment -name PACKAGE_SKEW_COMPENSATION OFF -to HPS_DDR3_DQ[19] -entity DE1_SoC was ignored
    Warning (20014): Assignment for entity set_instance_assignment -name PACKAGE_SKEW_COMPENSATION OFF -to HPS_DDR3_DQ[1] -entity DE1_SoC was ignored
    Warning (20014): Assignment for entity set_instance_assignment -name PACKAGE_SKEW_COMPENSATION OFF -to HPS_DDR3_DQ[20] -entity DE1_SoC was ignored
    Warning (20014): Assignment for entity set_instance_assignment -name PACKAGE_SKEW_COMPENSATION OFF -to HPS_DDR3_DQ[21] -entity DE1_SoC was ignored
    Warning (20014): Assignment for entity set_instance_assignment -name PACKAGE_SKEW_COMPENSATION OFF -to HPS_DDR3_DQ[22] -entity DE1_SoC was ignored
    Warning (20014): Assignment for entity set_instance_assignment -name PACKAGE_SKEW_COMPENSATION OFF -to HPS_DDR3_DQ[23] -entity DE1_SoC was ignored
    Warning (20014): Assignment for entity set_instance_assignment -name PACKAGE_SKEW_COMPENSATION OFF -to HPS_DDR3_DQ[24] -entity DE1_SoC was ignored
    Warning (20014): Assignment for entity set_instance_assignment -name PACKAGE_SKEW_COMPENSATION OFF -to HPS_DDR3_DQ[25] -entity DE1_SoC was ignored
    Warning (20014): Assignment for entity set_instance_assignment -name PACKAGE_SKEW_COMPENSATION OFF -to HPS_DDR3_DQ[26] -entity DE1_SoC was ignored
    Warning (20014): Assignment for entity set_instance_assignment -name PACKAGE_SKEW_COMPENSATION OFF -to HPS_DDR3_DQ[27] -entity DE1_SoC was ignored
    Warning (20014): Assignment for entity set_instance_assignment -name PACKAGE_SKEW_COMPENSATION OFF -to HPS_DDR3_DQ[28] -entity DE1_SoC was ignored
    Warning (20014): Assignment for entity set_instance_assignment -name PACKAGE_SKEW_COMPENSATION OFF -to HPS_DDR3_DQ[29] -entity DE1_SoC was ignored
    Warning (20014): Assignment for entity set_instance_assignment -name PACKAGE_SKEW_COMPENSATION OFF -to HPS_DDR3_DQ[2] -entity DE1_SoC was ignored
    Warning (20014): Assignment for entity set_instance_assignment -name PACKAGE_SKEW_COMPENSATION OFF -to HPS_DDR3_DQ[30] -entity DE1_SoC was ignored
    Warning (20014): Assignment for entity set_instance_assignment -name PACKAGE_SKEW_COMPENSATION OFF -to HPS_DDR3_DQ[31] -entity DE1_SoC was ignored
    Warning (20014): Assignment for entity set_instance_assignment -name PACKAGE_SKEW_COMPENSATION OFF -to HPS_DDR3_DQ[3] -entity DE1_SoC was ignored
    Warning (20014): Assignment for entity set_instance_assignment -name PACKAGE_SKEW_COMPENSATION OFF -to HPS_DDR3_DQ[4] -entity DE1_SoC was ignored
    Warning (20014): Assignment for entity set_instance_assignment -name PACKAGE_SKEW_COMPENSATION OFF -to HPS_DDR3_DQ[5] -entity DE1_SoC was ignored
    Warning (20014): Assignment for entity set_instance_assignment -name PACKAGE_SKEW_COMPENSATION OFF -to HPS_DDR3_DQ[6] -entity DE1_SoC was ignored
    Warning (20014): Assignment for entity set_instance_assignment -name PACKAGE_SKEW_COMPENSATION OFF -to HPS_DDR3_DQ[7] -entity DE1_SoC was ignored
    Warning (20014): Assignment for entity set_instance_assignment -name PACKAGE_SKEW_COMPENSATION OFF -to HPS_DDR3_DQ[8] -entity DE1_SoC was ignored
    Warning (20014): Assignment for entity set_instance_assignment -name PACKAGE_SKEW_COMPENSATION OFF -to HPS_DDR3_DQ[9] -entity DE1_SoC was ignored
    Warning (20014): Assignment for entity set_instance_assignment -name PACKAGE_SKEW_COMPENSATION OFF -to HPS_DDR3_ODT -entity DE1_SoC was ignored
    Warning (20014): Assignment for entity set_instance_assignment -name PACKAGE_SKEW_COMPENSATION OFF -to HPS_DDR3_RAS_N -entity DE1_SoC was ignored
    Warning (20014): Assignment for entity set_instance_assignment -name PACKAGE_SKEW_COMPENSATION OFF -to HPS_DDR3_RESET_N -entity DE1_SoC was ignored
    Warning (20014): Assignment for entity set_instance_assignment -name PACKAGE_SKEW_COMPENSATION OFF -to HPS_DDR3_WE_N -entity DE1_SoC was ignored
    Warning (20014): Assignment for entity set_instance_assignment -name IO_STANDARD "3.3-V LVTTL" -to ADC_CS_N -entity DE1_SoC was ignored
    Warning (20014): Assignment for entity set_instance_assignment -name IO_STANDARD "3.3-V LVTTL" -to ADC_DIN -entity DE1_SoC was ignored
    Warning (20014): Assignment for entity set_instance_assignment -name IO_STANDARD "3.3-V LVTTL" -to ADC_DOUT -entity DE1_SoC was ignored
    Warning (20014): Assignment for entity set_instance_assignment -name IO_STANDARD "3.3-V LVTTL" -to ADC_SCLK -entity DE1_SoC was ignored
    Warning (20014): Assignment for entity set_instance_assignment -name IO_STANDARD "3.3-V LVTTL" -to AUD_ADCDAT -entity DE1_SoC was ignored
    Warning (20014): Assignment for entity set_instance_assignment -name IO_STANDARD "3.3-V LVTTL" -to AUD_ADCLRCK -entity DE1_SoC was ignored
    Warning (20014): Assignment for entity set_instance_assignment -name IO_STANDARD "3.3-V LVTTL" -to AUD_BCLK -entity DE1_SoC was ignored
    Warning (20014): Assignment for entity set_instance_assignment -name IO_STANDARD "3.3-V LVTTL" -to AUD_DACDAT -entity DE1_SoC was ignored
    Warning (20014): Assignment for entity set_instance_assignment -name IO_STANDARD "3.3-V LVTTL" -to AUD_DACLRCK -entity DE1_SoC was ignored
    Warning (20014): Assignment for entity set_instance_assignment -name IO_STANDARD "3.3-V LVTTL" -to AUD_XCK -entity DE1_SoC was ignored
    Warning (20014): Assignment for entity set_instance_assignment -name IO_STANDARD "3.3-V LVTTL" -to CLOCK2_50 -entity DE1_SoC was ignored
    Warning (20014): Assignment for entity set_instance_assignment -name IO_STANDARD "3.3-V LVTTL" -to CLOCK3_50 -entity DE1_SoC was ignored
    Warning (20014): Assignment for entity set_instance_assignment -name IO_STANDARD "3.3-V LVTTL" -to CLOCK4_50 -entity DE1_SoC was ignored
    Warning (20014): Assignment for entity set_instance_assignment -name IO_STANDARD "3.3-V LVTTL" -to CLOCK_50 -entity DE1_SoC was ignored
    Warning (20014): Assignment for entity set_instance_assignment -name IO_STANDARD "3.3-V LVTTL" -to DRAM_ADDR[0] -entity DE1_SoC was ignored
    Warning (20014): Assignment for entity set_instance_assignment -name IO_STANDARD "3.3-V LVTTL" -to DRAM_ADDR[10] -entity DE1_SoC was ignored
    Warning (20014): Assignment for entity set_instance_assignment -name IO_STANDARD "3.3-V LVTTL" -to DRAM_ADDR[11] -entity DE1_SoC was ignored
    Warning (20014): Assignment for entity set_instance_assignment -name IO_STANDARD "3.3-V LVTTL" -to DRAM_ADDR[12] -entity DE1_SoC was ignored
    Warning (20014): Assignment for entity set_instance_assignment -name IO_STANDARD "3.3-V LVTTL" -to DRAM_ADDR[1] -entity DE1_SoC was ignored
    Warning (20014): Assignment for entity set_instance_assignment -name IO_STANDARD "3.3-V LVTTL" -to DRAM_ADDR[2] -entity DE1_SoC was ignored
    Warning (20014): Assignment for entity set_instance_assignment -name IO_STANDARD "3.3-V LVTTL" -to DRAM_ADDR[3] -entity DE1_SoC was ignored
    Warning (20014): Assignment for entity set_instance_assignment -name IO_STANDARD "3.3-V LVTTL" -to DRAM_ADDR[4] -entity DE1_SoC was ignored
    Warning (20014): Assignment for entity set_instance_assignment -name IO_STANDARD "3.3-V LVTTL" -to DRAM_ADDR[5] -entity DE1_SoC was ignored
    Warning (20014): Assignment for entity set_instance_assignment -name IO_STANDARD "3.3-V LVTTL" -to DRAM_ADDR[6] -entity DE1_SoC was ignored
    Warning (20014): Assignment for entity set_instance_assignment -name IO_STANDARD "3.3-V LVTTL" -to DRAM_ADDR[7] -entity DE1_SoC was ignored
    Warning (20014): Assignment for entity set_instance_assignment -name IO_STANDARD "3.3-V LVTTL" -to DRAM_ADDR[8] -entity DE1_SoC was ignored
    Warning (20014): Assignment for entity set_instance_assignment -name IO_STANDARD "3.3-V LVTTL" -to DRAM_ADDR[9] -entity DE1_SoC was ignored
    Warning (20014): Assignment for entity set_instance_assignment -name IO_STANDARD "3.3-V LVTTL" -to DRAM_BA[0] -entity DE1_SoC was ignored
    Warning (20014): Assignment for entity set_instance_assignment -name IO_STANDARD "3.3-V LVTTL" -to DRAM_BA[1] -entity DE1_SoC was ignored
    Warning (20014): Assignment for entity set_instance_assignment -name IO_STANDARD "3.3-V LVTTL" -to DRAM_CAS_N -entity DE1_SoC was ignored
    Warning (20014): Assignment for entity set_instance_assignment -name IO_STANDARD "3.3-V LVTTL" -to DRAM_CKE -entity DE1_SoC was ignored
    Warning (20014): Assignment for entity set_instance_assignment -name IO_STANDARD "3.3-V LVTTL" -to DRAM_CLK -entity DE1_SoC was ignored
    Warning (20014): Assignment for entity set_instance_assignment -name IO_STANDARD "3.3-V LVTTL" -to DRAM_CS_N -entity DE1_SoC was ignored
    Warning (20014): Assignment for entity set_instance_assignment -name IO_STANDARD "3.3-V LVTTL" -to DRAM_DQ[0] -entity DE1_SoC was ignored
    Warning (20014): Assignment for entity set_instance_assignment -name IO_STANDARD "3.3-V LVTTL" -to DRAM_DQ[10] -entity DE1_SoC was ignored
    Warning (20014): Assignment for entity set_instance_assignment -name IO_STANDARD "3.3-V LVTTL" -to DRAM_DQ[11] -entity DE1_SoC was ignored
    Warning (20014): Assignment for entity set_instance_assignment -name IO_STANDARD "3.3-V LVTTL" -to DRAM_DQ[12] -entity DE1_SoC was ignored
    Warning (20014): Assignment for entity set_instance_assignment -name IO_STANDARD "3.3-V LVTTL" -to DRAM_DQ[13] -entity DE1_SoC was ignored
    Warning (20014): Assignment for entity set_instance_assignment -name IO_STANDARD "3.3-V LVTTL" -to DRAM_DQ[14] -entity DE1_SoC was ignored
    Warning (20014): Assignment for entity set_instance_assignment -name IO_STANDARD "3.3-V LVTTL" -to DRAM_DQ[15] -entity DE1_SoC was ignored
    Warning (20014): Assignment for entity set_instance_assignment -name IO_STANDARD "3.3-V LVTTL" -to DRAM_DQ[1] -entity DE1_SoC was ignored
    Warning (20014): Assignment for entity set_instance_assignment -name IO_STANDARD "3.3-V LVTTL" -to DRAM_DQ[2] -entity DE1_SoC was ignored
    Warning (20014): Assignment for entity set_instance_assignment -name IO_STANDARD "3.3-V LVTTL" -to DRAM_DQ[3] -entity DE1_SoC was ignored
    Warning (20014): Assignment for entity set_instance_assignment -name IO_STANDARD "3.3-V LVTTL" -to DRAM_DQ[4] -entity DE1_SoC was ignored
    Warning (20014): Assignment for entity set_instance_assignment -name IO_STANDARD "3.3-V LVTTL" -to DRAM_DQ[5] -entity DE1_SoC was ignored
    Warning (20014): Assignment for entity set_instance_assignment -name IO_STANDARD "3.3-V LVTTL" -to DRAM_DQ[6] -entity DE1_SoC was ignored
    Warning (20014): Assignment for entity set_instance_assignment -name IO_STANDARD "3.3-V LVTTL" -to DRAM_DQ[7] -entity DE1_SoC was ignored
    Warning (20014): Assignment for entity set_instance_assignment -name IO_STANDARD "3.3-V LVTTL" -to DRAM_DQ[8] -entity DE1_SoC was ignored
    Warning (20014): Assignment for entity set_instance_assignment -name IO_STANDARD "3.3-V LVTTL" -to DRAM_DQ[9] -entity DE1_SoC was ignored
    Warning (20014): Assignment for entity set_instance_assignment -name IO_STANDARD "3.3-V LVTTL" -to DRAM_LDQM -entity DE1_SoC was ignored
    Warning (20014): Assignment for entity set_instance_assignment -name IO_STANDARD "3.3-V LVTTL" -to DRAM_RAS_N -entity DE1_SoC was ignored
    Warning (20014): Assignment for entity set_instance_assignment -name IO_STANDARD "3.3-V LVTTL" -to DRAM_UDQM -entity DE1_SoC was ignored
    Warning (20014): Assignment for entity set_instance_assignment -name IO_STANDARD "3.3-V LVTTL" -to DRAM_WE_N -entity DE1_SoC was ignored
    Warning (20014): Assignment for entity set_instance_assignment -name IO_STANDARD "3.3-V LVTTL" -to FAN_CTRL -entity DE1_SoC was ignored
    Warning (20014): Assignment for entity set_instance_assignment -name IO_STANDARD "3.3-V LVTTL" -to FPGA_I2C_SCLK -entity DE1_SoC was ignored
    Warning (20014): Assignment for entity set_instance_assignment -name IO_STANDARD "3.3-V LVTTL" -to FPGA_I2C_SDAT -entity DE1_SoC was ignored
    Warning (20014): Assignment for entity set_instance_assignment -name IO_STANDARD "3.3-V LVTTL" -to GPIO_0[0] -entity DE1_SoC was ignored
    Warning (20014): Assignment for entity set_instance_assignment -name IO_STANDARD "3.3-V LVTTL" -to GPIO_0[10] -entity DE1_SoC was ignored
    Warning (20014): Assignment for entity set_instance_assignment -name IO_STANDARD "3.3-V LVTTL" -to GPIO_0[11] -entity DE1_SoC was ignored
    Warning (20014): Assignment for entity set_instance_assignment -name IO_STANDARD "3.3-V LVTTL" -to GPIO_0[12] -entity DE1_SoC was ignored
    Warning (20014): Assignment for entity set_instance_assignment -name IO_STANDARD "3.3-V LVTTL" -to GPIO_0[13] -entity DE1_SoC was ignored
    Warning (20014): Assignment for entity set_instance_assignment -name IO_STANDARD "3.3-V LVTTL" -to GPIO_0[14] -entity DE1_SoC was ignored
    Warning (20014): Assignment for entity set_instance_assignment -name IO_STANDARD "3.3-V LVTTL" -to GPIO_0[15] -entity DE1_SoC was ignored
    Warning (20014): Assignment for entity set_instance_assignment -name IO_STANDARD "3.3-V LVTTL" -to GPIO_0[16] -entity DE1_SoC was ignored
    Warning (20014): Assignment for entity set_instance_assignment -name IO_STANDARD "3.3-V LVTTL" -to GPIO_0[17] -entity DE1_SoC was ignored
    Warning (20014): Assignment for entity set_instance_assignment -name IO_STANDARD "3.3-V LVTTL" -to GPIO_0[18] -entity DE1_SoC was ignored
    Warning (20014): Assignment for entity set_instance_assignment -name IO_STANDARD "3.3-V LVTTL" -to GPIO_0[19] -entity DE1_SoC was ignored
    Warning (20014): Assignment for entity set_instance_assignment -name IO_STANDARD "3.3-V LVTTL" -to GPIO_0[1] -entity DE1_SoC was ignored
    Warning (20014): Assignment for entity set_instance_assignment -name IO_STANDARD "3.3-V LVTTL" -to GPIO_0[20] -entity DE1_SoC was ignored
    Warning (20014): Assignment for entity set_instance_assignment -name IO_STANDARD "3.3-V LVTTL" -to GPIO_0[21] -entity DE1_SoC was ignored
    Warning (20014): Assignment for entity set_instance_assignment -name IO_STANDARD "3.3-V LVTTL" -to GPIO_0[22] -entity DE1_SoC was ignored
    Warning (20014): Assignment for entity set_instance_assignment -name IO_STANDARD "3.3-V LVTTL" -to GPIO_0[23] -entity DE1_SoC was ignored
    Warning (20014): Assignment for entity set_instance_assignment -name IO_STANDARD "3.3-V LVTTL" -to GPIO_0[24] -entity DE1_SoC was ignored
    Warning (20014): Assignment for entity set_instance_assignment -name IO_STANDARD "3.3-V LVTTL" -to GPIO_0[25] -entity DE1_SoC was ignored
    Warning (20014): Assignment for entity set_instance_assignment -name IO_STANDARD "3.3-V LVTTL" -to GPIO_0[26] -entity DE1_SoC was ignored
    Warning (20014): Assignment for entity set_instance_assignment -name IO_STANDARD "3.3-V LVTTL" -to GPIO_0[27] -entity DE1_SoC was ignored
    Warning (20014): Assignment for entity set_instance_assignment -name IO_STANDARD "3.3-V LVTTL" -to GPIO_0[28] -entity DE1_SoC was ignored
    Warning (20014): Assignment for entity set_instance_assignment -name IO_STANDARD "3.3-V LVTTL" -to GPIO_0[29] -entity DE1_SoC was ignored
    Warning (20014): Assignment for entity set_instance_assignment -name IO_STANDARD "3.3-V LVTTL" -to GPIO_0[2] -entity DE1_SoC was ignored
    Warning (20014): Assignment for entity set_instance_assignment -name IO_STANDARD "3.3-V LVTTL" -to GPIO_0[30] -entity DE1_SoC was ignored
    Warning (20014): Assignment for entity set_instance_assignment -name IO_STANDARD "3.3-V LVTTL" -to GPIO_0[31] -entity DE1_SoC was ignored
    Warning (20014): Assignment for entity set_instance_assignment -name IO_STANDARD "3.3-V LVTTL" -to GPIO_0[32] -entity DE1_SoC was ignored
    Warning (20014): Assignment for entity set_instance_assignment -name IO_STANDARD "3.3-V LVTTL" -to GPIO_0[33] -entity DE1_SoC was ignored
    Warning (20014): Assignment for entity set_instance_assignment -name IO_STANDARD "3.3-V LVTTL" -to GPIO_0[34] -entity DE1_SoC was ignored
    Warning (20014): Assignment for entity set_instance_assignment -name IO_STANDARD "3.3-V LVTTL" -to GPIO_0[35] -entity DE1_SoC was ignored
    Warning (20014): Assignment for entity set_instance_assignment -name IO_STANDARD "3.3-V LVTTL" -to GPIO_0[3] -entity DE1_SoC was ignored
    Warning (20014): Assignment for entity set_instance_assignment -name IO_STANDARD "3.3-V LVTTL" -to GPIO_0[4] -entity DE1_SoC was ignored
    Warning (20014): Assignment for entity set_instance_assignment -name IO_STANDARD "3.3-V LVTTL" -to GPIO_0[5] -entity DE1_SoC was ignored
    Warning (20014): Assignment for entity set_instance_assignment -name IO_STANDARD "3.3-V LVTTL" -to GPIO_0[6] -entity DE1_SoC was ignored
    Warning (20014): Assignment for entity set_instance_assignment -name IO_STANDARD "3.3-V LVTTL" -to GPIO_0[7] -entity DE1_SoC was ignored
    Warning (20014): Assignment for entity set_instance_assignment -name IO_STANDARD "3.3-V LVTTL" -to GPIO_0[8] -entity DE1_SoC was ignored
    Warning (20014): Assignment for entity set_instance_assignment -name IO_STANDARD "3.3-V LVTTL" -to GPIO_0[9] -entity DE1_SoC was ignored
    Warning (20014): Assignment for entity set_instance_assignment -name IO_STANDARD "3.3-V LVTTL" -to GPIO_1[0] -entity DE1_SoC was ignored
    Warning (20014): Assignment for entity set_instance_assignment -name IO_STANDARD "3.3-V LVTTL" -to GPIO_1[10] -entity DE1_SoC was ignored
    Warning (20014): Assignment for entity set_instance_assignment -name IO_STANDARD "3.3-V LVTTL" -to GPIO_1[11] -entity DE1_SoC was ignored
    Warning (20014): Assignment for entity set_instance_assignment -name IO_STANDARD "3.3-V LVTTL" -to GPIO_1[12] -entity DE1_SoC was ignored
    Warning (20014): Assignment for entity set_instance_assignment -name IO_STANDARD "3.3-V LVTTL" -to GPIO_1[13] -entity DE1_SoC was ignored
    Warning (20014): Assignment for entity set_instance_assignment -name IO_STANDARD "3.3-V LVTTL" -to GPIO_1[14] -entity DE1_SoC was ignored
    Warning (20014): Assignment for entity set_instance_assignment -name IO_STANDARD "3.3-V LVTTL" -to GPIO_1[15] -entity DE1_SoC was ignored
    Warning (20014): Assignment for entity set_instance_assignment -name IO_STANDARD "3.3-V LVTTL" -to GPIO_1[16] -entity DE1_SoC was ignored
    Warning (20014): Assignment for entity set_instance_assignment -name IO_STANDARD "3.3-V LVTTL" -to GPIO_1[17] -entity DE1_SoC was ignored
    Warning (20014): Assignment for entity set_instance_assignment -name IO_STANDARD "3.3-V LVTTL" -to GPIO_1[18] -entity DE1_SoC was ignored
    Warning (20014): Assignment for entity set_instance_assignment -name IO_STANDARD "3.3-V LVTTL" -to GPIO_1[19] -entity DE1_SoC was ignored
    Warning (20014): Assignment for entity set_instance_assignment -name IO_STANDARD "3.3-V LVTTL" -to GPIO_1[1] -entity DE1_SoC was ignored
    Warning (20014): Assignment for entity set_instance_assignment -name IO_STANDARD "3.3-V LVTTL" -to GPIO_1[20] -entity DE1_SoC was ignored
    Warning (20014): Assignment for entity set_instance_assignment -name IO_STANDARD "3.3-V LVTTL" -to GPIO_1[21] -entity DE1_SoC was ignored
    Warning (20014): Assignment for entity set_instance_assignment -name IO_STANDARD "3.3-V LVTTL" -to GPIO_1[22] -entity DE1_SoC was ignored
    Warning (20014): Assignment for entity set_instance_assignment -name IO_STANDARD "3.3-V LVTTL" -to GPIO_1[23] -entity DE1_SoC was ignored
    Warning (20014): Assignment for entity set_instance_assignment -name IO_STANDARD "3.3-V LVTTL" -to GPIO_1[24] -entity DE1_SoC was ignored
    Warning (20014): Assignment for entity set_instance_assignment -name IO_STANDARD "3.3-V LVTTL" -to GPIO_1[25] -entity DE1_SoC was ignored
    Warning (20014): Assignment for entity set_instance_assignment -name IO_STANDARD "3.3-V LVTTL" -to GPIO_1[26] -entity DE1_SoC was ignored
    Warning (20014): Assignment for entity set_instance_assignment -name IO_STANDARD "3.3-V LVTTL" -to GPIO_1[27] -entity DE1_SoC was ignored
    Warning (20014): Assignment for entity set_instance_assignment -name IO_STANDARD "3.3-V LVTTL" -to GPIO_1[28] -entity DE1_SoC was ignored
    Warning (20014): Assignment for entity set_instance_assignment -name IO_STANDARD "3.3-V LVTTL" -to GPIO_1[29] -entity DE1_SoC was ignored
    Warning (20014): Assignment for entity set_instance_assignment -name IO_STANDARD "3.3-V LVTTL" -to GPIO_1[2] -entity DE1_SoC was ignored
    Warning (20014): Assignment for entity set_instance_assignment -name IO_STANDARD "3.3-V LVTTL" -to GPIO_1[30] -entity DE1_SoC was ignored
    Warning (20014): Assignment for entity set_instance_assignment -name IO_STANDARD "3.3-V LVTTL" -to GPIO_1[31] -entity DE1_SoC was ignored
    Warning (20014): Assignment for entity set_instance_assignment -name IO_STANDARD "3.3-V LVTTL" -to GPIO_1[32] -entity DE1_SoC was ignored
    Warning (20014): Assignment for entity set_instance_assignment -name IO_STANDARD "3.3-V LVTTL" -to GPIO_1[33] -entity DE1_SoC was ignored
    Warning (20014): Assignment for entity set_instance_assignment -name IO_STANDARD "3.3-V LVTTL" -to GPIO_1[34] -entity DE1_SoC was ignored
    Warning (20014): Assignment for entity set_instance_assignment -name IO_STANDARD "3.3-V LVTTL" -to GPIO_1[35] -entity DE1_SoC was ignored
    Warning (20014): Assignment for entity set_instance_assignment -name IO_STANDARD "3.3-V LVTTL" -to GPIO_1[3] -entity DE1_SoC was ignored
    Warning (20014): Assignment for entity set_instance_assignment -name IO_STANDARD "3.3-V LVTTL" -to GPIO_1[4] -entity DE1_SoC was ignored
    Warning (20014): Assignment for entity set_instance_assignment -name IO_STANDARD "3.3-V LVTTL" -to GPIO_1[5] -entity DE1_SoC was ignored
    Warning (20014): Assignment for entity set_instance_assignment -name IO_STANDARD "3.3-V LVTTL" -to GPIO_1[6] -entity DE1_SoC was ignored
    Warning (20014): Assignment for entity set_instance_assignment -name IO_STANDARD "3.3-V LVTTL" -to GPIO_1[7] -entity DE1_SoC was ignored
    Warning (20014): Assignment for entity set_instance_assignment -name IO_STANDARD "3.3-V LVTTL" -to GPIO_1[8] -entity DE1_SoC was ignored
    Warning (20014): Assignment for entity set_instance_assignment -name IO_STANDARD "3.3-V LVTTL" -to GPIO_1[9] -entity DE1_SoC was ignored
    Warning (20014): Assignment for entity set_instance_assignment -name IO_STANDARD "3.3-V LVTTL" -to HEX0[0] -entity DE1_SoC was ignored
    Warning (20014): Assignment for entity set_instance_assignment -name IO_STANDARD "3.3-V LVTTL" -to HEX0[1] -entity DE1_SoC was ignored
    Warning (20014): Assignment for entity set_instance_assignment -name IO_STANDARD "3.3-V LVTTL" -to HEX0[2] -entity DE1_SoC was ignored
    Warning (20014): Assignment for entity set_instance_assignment -name IO_STANDARD "3.3-V LVTTL" -to HEX0[3] -entity DE1_SoC was ignored
    Warning (20014): Assignment for entity set_instance_assignment -name IO_STANDARD "3.3-V LVTTL" -to HEX0[4] -entity DE1_SoC was ignored
    Warning (20014): Assignment for entity set_instance_assignment -name IO_STANDARD "3.3-V LVTTL" -to HEX0[5] -entity DE1_SoC was ignored
    Warning (20014): Assignment for entity set_instance_assignment -name IO_STANDARD "3.3-V LVTTL" -to HEX0[6] -entity DE1_SoC was ignored
    Warning (20014): Assignment for entity set_instance_assignment -name IO_STANDARD "3.3-V LVTTL" -to HEX1[0] -entity DE1_SoC was ignored
    Warning (20014): Assignment for entity set_instance_assignment -name IO_STANDARD "3.3-V LVTTL" -to HEX1[1] -entity DE1_SoC was ignored
    Warning (20014): Assignment for entity set_instance_assignment -name IO_STANDARD "3.3-V LVTTL" -to HEX1[2] -entity DE1_SoC was ignored
    Warning (20014): Assignment for entity set_instance_assignment -name IO_STANDARD "3.3-V LVTTL" -to HEX1[3] -entity DE1_SoC was ignored
    Warning (20014): Assignment for entity set_instance_assignment -name IO_STANDARD "3.3-V LVTTL" -to HEX1[4] -entity DE1_SoC was ignored
    Warning (20014): Assignment for entity set_instance_assignment -name IO_STANDARD "3.3-V LVTTL" -to HEX1[5] -entity DE1_SoC was ignored
    Warning (20014): Assignment for entity set_instance_assignment -name IO_STANDARD "3.3-V LVTTL" -to HEX1[6] -entity DE1_SoC was ignored
    Warning (20014): Assignment for entity set_instance_assignment -name IO_STANDARD "3.3-V LVTTL" -to HEX2[0] -entity DE1_SoC was ignored
    Warning (20014): Assignment for entity set_instance_assignment -name IO_STANDARD "3.3-V LVTTL" -to HEX2[1] -entity DE1_SoC was ignored
    Warning (20014): Assignment for entity set_instance_assignment -name IO_STANDARD "3.3-V LVTTL" -to HEX2[2] -entity DE1_SoC was ignored
    Warning (20014): Assignment for entity set_instance_assignment -name IO_STANDARD "3.3-V LVTTL" -to HEX2[3] -entity DE1_SoC was ignored
    Warning (20014): Assignment for entity set_instance_assignment -name IO_STANDARD "3.3-V LVTTL" -to HEX2[4] -entity DE1_SoC was ignored
    Warning (20014): Assignment for entity set_instance_assignment -name IO_STANDARD "3.3-V LVTTL" -to HEX2[5] -entity DE1_SoC was ignored
    Warning (20014): Assignment for entity set_instance_assignment -name IO_STANDARD "3.3-V LVTTL" -to HEX2[6] -entity DE1_SoC was ignored
    Warning (20014): Assignment for entity set_instance_assignment -name IO_STANDARD "3.3-V LVTTL" -to HEX3[0] -entity DE1_SoC was ignored
    Warning (20014): Assignment for entity set_instance_assignment -name IO_STANDARD "3.3-V LVTTL" -to HEX3[1] -entity DE1_SoC was ignored
    Warning (20014): Assignment for entity set_instance_assignment -name IO_STANDARD "3.3-V LVTTL" -to HEX3[2] -entity DE1_SoC was ignored
    Warning (20014): Assignment for entity set_instance_assignment -name IO_STANDARD "3.3-V LVTTL" -to HEX3[3] -entity DE1_SoC was ignored
    Warning (20014): Assignment for entity set_instance_assignment -name IO_STANDARD "3.3-V LVTTL" -to HEX3[4] -entity DE1_SoC was ignored
    Warning (20014): Assignment for entity set_instance_assignment -name IO_STANDARD "3.3-V LVTTL" -to HEX3[5] -entity DE1_SoC was ignored
    Warning (20014): Assignment for entity set_instance_assignment -name IO_STANDARD "3.3-V LVTTL" -to HEX3[6] -entity DE1_SoC was ignored
    Warning (20014): Assignment for entity set_instance_assignment -name IO_STANDARD "3.3-V LVTTL" -to HEX4[0] -entity DE1_SoC was ignored
    Warning (20014): Assignment for entity set_instance_assignment -name IO_STANDARD "3.3-V LVTTL" -to HEX4[1] -entity DE1_SoC was ignored
    Warning (20014): Assignment for entity set_instance_assignment -name IO_STANDARD "3.3-V LVTTL" -to HEX4[2] -entity DE1_SoC was ignored
    Warning (20014): Assignment for entity set_instance_assignment -name IO_STANDARD "3.3-V LVTTL" -to HEX4[3] -entity DE1_SoC was ignored
    Warning (20014): Assignment for entity set_instance_assignment -name IO_STANDARD "3.3-V LVTTL" -to HEX4[4] -entity DE1_SoC was ignored
    Warning (20014): Assignment for entity set_instance_assignment -name IO_STANDARD "3.3-V LVTTL" -to HEX4[5] -entity DE1_SoC was ignored
    Warning (20014): Assignment for entity set_instance_assignment -name IO_STANDARD "3.3-V LVTTL" -to HEX4[6] -entity DE1_SoC was ignored
    Warning (20014): Assignment for entity set_instance_assignment -name IO_STANDARD "3.3-V LVTTL" -to HEX5[0] -entity DE1_SoC was ignored
    Warning (20014): Assignment for entity set_instance_assignment -name IO_STANDARD "3.3-V LVTTL" -to HEX5[1] -entity DE1_SoC was ignored
    Warning (20014): Assignment for entity set_instance_assignment -name IO_STANDARD "3.3-V LVTTL" -to HEX5[2] -entity DE1_SoC was ignored
    Warning (20014): Assignment for entity set_instance_assignment -name IO_STANDARD "3.3-V LVTTL" -to HEX5[3] -entity DE1_SoC was ignored
    Warning (20014): Assignment for entity set_instance_assignment -name IO_STANDARD "3.3-V LVTTL" -to HEX5[4] -entity DE1_SoC was ignored
    Warning (20014): Assignment for entity set_instance_assignment -name IO_STANDARD "3.3-V LVTTL" -to HEX5[5] -entity DE1_SoC was ignored
    Warning (20014): Assignment for entity set_instance_assignment -name IO_STANDARD "3.3-V LVTTL" -to HEX5[6] -entity DE1_SoC was ignored
    Warning (20014): Assignment for entity set_instance_assignment -name IO_STANDARD "3.3-V LVTTL" -to HPS_CONV_USB_N -entity DE1_SoC was ignored
    Warning (20014): Assignment for entity set_instance_assignment -name IO_STANDARD "SSTL-15 CLASS I" -to HPS_DDR3_ADDR[0] -entity DE1_SoC was ignored
    Warning (20014): Assignment for entity set_instance_assignment -name IO_STANDARD "SSTL-15 CLASS I" -to HPS_DDR3_ADDR[10] -entity DE1_SoC was ignored
    Warning (20014): Assignment for entity set_instance_assignment -name IO_STANDARD "SSTL-15 CLASS I" -to HPS_DDR3_ADDR[11] -entity DE1_SoC was ignored
    Warning (20014): Assignment for entity set_instance_assignment -name IO_STANDARD "SSTL-15 CLASS I" -to HPS_DDR3_ADDR[12] -entity DE1_SoC was ignored
    Warning (20014): Assignment for entity set_instance_assignment -name IO_STANDARD "SSTL-15 CLASS I" -to HPS_DDR3_ADDR[13] -entity DE1_SoC was ignored
    Warning (20014): Assignment for entity set_instance_assignment -name IO_STANDARD "SSTL-15 CLASS I" -to HPS_DDR3_ADDR[14] -entity DE1_SoC was ignored
    Warning (20014): Assignment for entity set_instance_assignment -name IO_STANDARD "SSTL-15 CLASS I" -to HPS_DDR3_ADDR[1] -entity DE1_SoC was ignored
    Warning (20014): Assignment for entity set_instance_assignment -name IO_STANDARD "SSTL-15 CLASS I" -to HPS_DDR3_ADDR[2] -entity DE1_SoC was ignored
    Warning (20014): Assignment for entity set_instance_assignment -name IO_STANDARD "SSTL-15 CLASS I" -to HPS_DDR3_ADDR[3] -entity DE1_SoC was ignored
    Warning (20014): Assignment for entity set_instance_assignment -name IO_STANDARD "SSTL-15 CLASS I" -to HPS_DDR3_ADDR[4] -entity DE1_SoC was ignored
    Warning (20014): Assignment for entity set_instance_assignment -name IO_STANDARD "SSTL-15 CLASS I" -to HPS_DDR3_ADDR[5] -entity DE1_SoC was ignored
    Warning (20014): Assignment for entity set_instance_assignment -name IO_STANDARD "SSTL-15 CLASS I" -to HPS_DDR3_ADDR[6] -entity DE1_SoC was ignored
    Warning (20014): Assignment for entity set_instance_assignment -name IO_STANDARD "SSTL-15 CLASS I" -to HPS_DDR3_ADDR[7] -entity DE1_SoC was ignored
    Warning (20014): Assignment for entity set_instance_assignment -name IO_STANDARD "SSTL-15 CLASS I" -to HPS_DDR3_ADDR[8] -entity DE1_SoC was ignored
    Warning (20014): Assignment for entity set_instance_assignment -name IO_STANDARD "SSTL-15 CLASS I" -to HPS_DDR3_ADDR[9] -entity DE1_SoC was ignored
    Warning (20014): Assignment for entity set_instance_assignment -name IO_STANDARD "SSTL-15 CLASS I" -to HPS_DDR3_BA[0] -entity DE1_SoC was ignored
    Warning (20014): Assignment for entity set_instance_assignment -name IO_STANDARD "SSTL-15 CLASS I" -to HPS_DDR3_BA[1] -entity DE1_SoC was ignored
    Warning (20014): Assignment for entity set_instance_assignment -name IO_STANDARD "SSTL-15 CLASS I" -to HPS_DDR3_BA[2] -entity DE1_SoC was ignored
    Warning (20014): Assignment for entity set_instance_assignment -name IO_STANDARD "SSTL-15 CLASS I" -to HPS_DDR3_CAS_N -entity DE1_SoC was ignored
    Warning (20014): Assignment for entity set_instance_assignment -name IO_STANDARD "SSTL-15 CLASS I" -to HPS_DDR3_CKE -entity DE1_SoC was ignored
    Warning (20014): Assignment for entity set_instance_assignment -name IO_STANDARD "DIFFERENTIAL 1.5-V SSTL CLASS I" -to HPS_DDR3_CK_N -entity DE1_SoC was ignored
    Warning (20014): Assignment for entity set_instance_assignment -name IO_STANDARD "DIFFERENTIAL 1.5-V SSTL CLASS I" -to HPS_DDR3_CK_P -entity DE1_SoC was ignored
    Warning (20014): Assignment for entity set_instance_assignment -name IO_STANDARD "SSTL-15 CLASS I" -to HPS_DDR3_CS_N -entity DE1_SoC was ignored
    Warning (20014): Assignment for entity set_instance_assignment -name IO_STANDARD "SSTL-15 CLASS I" -to HPS_DDR3_DM[0] -entity DE1_SoC was ignored
    Warning (20014): Assignment for entity set_instance_assignment -name IO_STANDARD "SSTL-15 CLASS I" -to HPS_DDR3_DM[1] -entity DE1_SoC was ignored
    Warning (20014): Assignment for entity set_instance_assignment -name IO_STANDARD "SSTL-15 CLASS I" -to HPS_DDR3_DM[2] -entity DE1_SoC was ignored
    Warning (20014): Assignment for entity set_instance_assignment -name IO_STANDARD "SSTL-15 CLASS I" -to HPS_DDR3_DM[3] -entity DE1_SoC was ignored
    Warning (20014): Assignment for entity set_instance_assignment -name IO_STANDARD "DIFFERENTIAL 1.5-V SSTL CLASS I" -to HPS_DDR3_DQS_N[0] -entity DE1_SoC was ignored
    Warning (20014): Assignment for entity set_instance_assignment -name IO_STANDARD "DIFFERENTIAL 1.5-V SSTL CLASS I" -to HPS_DDR3_DQS_N[1] -entity DE1_SoC was ignored
    Warning (20014): Assignment for entity set_instance_assignment -name IO_STANDARD "DIFFERENTIAL 1.5-V SSTL CLASS I" -to HPS_DDR3_DQS_N[2] -entity DE1_SoC was ignored
    Warning (20014): Assignment for entity set_instance_assignment -name IO_STANDARD "DIFFERENTIAL 1.5-V SSTL CLASS I" -to HPS_DDR3_DQS_N[3] -entity DE1_SoC was ignored
    Warning (20014): Assignment for entity set_instance_assignment -name IO_STANDARD "DIFFERENTIAL 1.5-V SSTL CLASS I" -to HPS_DDR3_DQS_P[0] -entity DE1_SoC was ignored
    Warning (20014): Assignment for entity set_instance_assignment -name IO_STANDARD "DIFFERENTIAL 1.5-V SSTL CLASS I" -to HPS_DDR3_DQS_P[1] -entity DE1_SoC was ignored
    Warning (20014): Assignment for entity set_instance_assignment -name IO_STANDARD "DIFFERENTIAL 1.5-V SSTL CLASS I" -to HPS_DDR3_DQS_P[2] -entity DE1_SoC was ignored
    Warning (20014): Assignment for entity set_instance_assignment -name IO_STANDARD "DIFFERENTIAL 1.5-V SSTL CLASS I" -to HPS_DDR3_DQS_P[3] -entity DE1_SoC was ignored
    Warning (20014): Assignment for entity set_instance_assignment -name IO_STANDARD "SSTL-15 CLASS I" -to HPS_DDR3_DQ[0] -entity DE1_SoC was ignored
    Warning (20014): Assignment for entity set_instance_assignment -name IO_STANDARD "SSTL-15 CLASS I" -to HPS_DDR3_DQ[10] -entity DE1_SoC was ignored
    Warning (20014): Assignment for entity set_instance_assignment -name IO_STANDARD "SSTL-15 CLASS I" -to HPS_DDR3_DQ[11] -entity DE1_SoC was ignored
    Warning (20014): Assignment for entity set_instance_assignment -name IO_STANDARD "SSTL-15 CLASS I" -to HPS_DDR3_DQ[12] -entity DE1_SoC was ignored
    Warning (20014): Assignment for entity set_instance_assignment -name IO_STANDARD "SSTL-15 CLASS I" -to HPS_DDR3_DQ[13] -entity DE1_SoC was ignored
    Warning (20014): Assignment for entity set_instance_assignment -name IO_STANDARD "SSTL-15 CLASS I" -to HPS_DDR3_DQ[14] -entity DE1_SoC was ignored
    Warning (20014): Assignment for entity set_instance_assignment -name IO_STANDARD "SSTL-15 CLASS I" -to HPS_DDR3_DQ[15] -entity DE1_SoC was ignored
    Warning (20014): Assignment for entity set_instance_assignment -name IO_STANDARD "SSTL-15 CLASS I" -to HPS_DDR3_DQ[16] -entity DE1_SoC was ignored
    Warning (20014): Assignment for entity set_instance_assignment -name IO_STANDARD "SSTL-15 CLASS I" -to HPS_DDR3_DQ[17] -entity DE1_SoC was ignored
    Warning (20014): Assignment for entity set_instance_assignment -name IO_STANDARD "SSTL-15 CLASS I" -to HPS_DDR3_DQ[18] -entity DE1_SoC was ignored
    Warning (20014): Assignment for entity set_instance_assignment -name IO_STANDARD "SSTL-15 CLASS I" -to HPS_DDR3_DQ[19] -entity DE1_SoC was ignored
    Warning (20014): Assignment for entity set_instance_assignment -name IO_STANDARD "SSTL-15 CLASS I" -to HPS_DDR3_DQ[1] -entity DE1_SoC was ignored
    Warning (20014): Assignment for entity set_instance_assignment -name IO_STANDARD "SSTL-15 CLASS I" -to HPS_DDR3_DQ[20] -entity DE1_SoC was ignored
    Warning (20014): Assignment for entity set_instance_assignment -name IO_STANDARD "SSTL-15 CLASS I" -to HPS_DDR3_DQ[21] -entity DE1_SoC was ignored
    Warning (20014): Assignment for entity set_instance_assignment -name IO_STANDARD "SSTL-15 CLASS I" -to HPS_DDR3_DQ[22] -entity DE1_SoC was ignored
    Warning (20014): Assignment for entity set_instance_assignment -name IO_STANDARD "SSTL-15 CLASS I" -to HPS_DDR3_DQ[23] -entity DE1_SoC was ignored
    Warning (20014): Assignment for entity set_instance_assignment -name IO_STANDARD "SSTL-15 CLASS I" -to HPS_DDR3_DQ[24] -entity DE1_SoC was ignored
    Warning (20014): Assignment for entity set_instance_assignment -name IO_STANDARD "SSTL-15 CLASS I" -to HPS_DDR3_DQ[25] -entity DE1_SoC was ignored
    Warning (20014): Assignment for entity set_instance_assignment -name IO_STANDARD "SSTL-15 CLASS I" -to HPS_DDR3_DQ[26] -entity DE1_SoC was ignored
    Warning (20014): Assignment for entity set_instance_assignment -name IO_STANDARD "SSTL-15 CLASS I" -to HPS_DDR3_DQ[27] -entity DE1_SoC was ignored
    Warning (20014): Assignment for entity set_instance_assignment -name IO_STANDARD "SSTL-15 CLASS I" -to HPS_DDR3_DQ[28] -entity DE1_SoC was ignored
    Warning (20014): Assignment for entity set_instance_assignment -name IO_STANDARD "SSTL-15 CLASS I" -to HPS_DDR3_DQ[29] -entity DE1_SoC was ignored
    Warning (20014): Assignment for entity set_instance_assignment -name IO_STANDARD "SSTL-15 CLASS I" -to HPS_DDR3_DQ[2] -entity DE1_SoC was ignored
    Warning (20014): Assignment for entity set_instance_assignment -name IO_STANDARD "SSTL-15 CLASS I" -to HPS_DDR3_DQ[30] -entity DE1_SoC was ignored
    Warning (20014): Assignment for entity set_instance_assignment -name IO_STANDARD "SSTL-15 CLASS I" -to HPS_DDR3_DQ[31] -entity DE1_SoC was ignored
    Warning (20014): Assignment for entity set_instance_assignment -name IO_STANDARD "SSTL-15 CLASS I" -to HPS_DDR3_DQ[3] -entity DE1_SoC was ignored
    Warning (20014): Assignment for entity set_instance_assignment -name IO_STANDARD "SSTL-15 CLASS I" -to HPS_DDR3_DQ[4] -entity DE1_SoC was ignored
    Warning (20014): Assignment for entity set_instance_assignment -name IO_STANDARD "SSTL-15 CLASS I" -to HPS_DDR3_DQ[5] -entity DE1_SoC was ignored
    Warning (20014): Assignment for entity set_instance_assignment -name IO_STANDARD "SSTL-15 CLASS I" -to HPS_DDR3_DQ[6] -entity DE1_SoC was ignored
    Warning (20014): Assignment for entity set_instance_assignment -name IO_STANDARD "SSTL-15 CLASS I" -to HPS_DDR3_DQ[7] -entity DE1_SoC was ignored
    Warning (20014): Assignment for entity set_instance_assignment -name IO_STANDARD "SSTL-15 CLASS I" -to HPS_DDR3_DQ[8] -entity DE1_SoC was ignored
    Warning (20014): Assignment for entity set_instance_assignment -name IO_STANDARD "SSTL-15 CLASS I" -to HPS_DDR3_DQ[9] -entity DE1_SoC was ignored
    Warning (20014): Assignment for entity set_instance_assignment -name IO_STANDARD "SSTL-15 CLASS I" -to HPS_DDR3_ODT -entity DE1_SoC was ignored
    Warning (20014): Assignment for entity set_instance_assignment -name IO_STANDARD "SSTL-15 CLASS I" -to HPS_DDR3_RAS_N -entity DE1_SoC was ignored
    Warning (20014): Assignment for entity set_instance_assignment -name IO_STANDARD "SSTL-15 CLASS I" -to HPS_DDR3_RESET_N -entity DE1_SoC was ignored
    Warning (20014): Assignment for entity set_instance_assignment -name IO_STANDARD "SSTL-15 CLASS I" -to HPS_DDR3_RZQ -entity DE1_SoC was ignored
    Warning (20014): Assignment for entity set_instance_assignment -name IO_STANDARD "SSTL-15 CLASS I" -to HPS_DDR3_WE_N -entity DE1_SoC was ignored
    Warning (20014): Assignment for entity set_instance_assignment -name IO_STANDARD "3.3-V LVTTL" -to HPS_ENET_GTX_CLK -entity DE1_SoC was ignored
    Warning (20014): Assignment for entity set_instance_assignment -name IO_STANDARD "3.3-V LVTTL" -to HPS_ENET_INT_N -entity DE1_SoC was ignored
    Warning (20014): Assignment for entity set_instance_assignment -name IO_STANDARD "3.3-V LVTTL" -to HPS_ENET_MDC -entity DE1_SoC was ignored
    Warning (20014): Assignment for entity set_instance_assignment -name IO_STANDARD "3.3-V LVTTL" -to HPS_ENET_MDIO -entity DE1_SoC was ignored
    Warning (20014): Assignment for entity set_instance_assignment -name IO_STANDARD "3.3-V LVTTL" -to HPS_ENET_RX_CLK -entity DE1_SoC was ignored
    Warning (20014): Assignment for entity set_instance_assignment -name IO_STANDARD "3.3-V LVTTL" -to HPS_ENET_RX_DATA[0] -entity DE1_SoC was ignored
    Warning (20014): Assignment for entity set_instance_assignment -name IO_STANDARD "3.3-V LVTTL" -to HPS_ENET_RX_DATA[1] -entity DE1_SoC was ignored
    Warning (20014): Assignment for entity set_instance_assignment -name IO_STANDARD "3.3-V LVTTL" -to HPS_ENET_RX_DATA[2] -entity DE1_SoC was ignored
    Warning (20014): Assignment for entity set_instance_assignment -name IO_STANDARD "3.3-V LVTTL" -to HPS_ENET_RX_DATA[3] -entity DE1_SoC was ignored
    Warning (20014): Assignment for entity set_instance_assignment -name IO_STANDARD "3.3-V LVTTL" -to HPS_ENET_RX_DV -entity DE1_SoC was ignored
    Warning (20014): Assignment for entity set_instance_assignment -name IO_STANDARD "3.3-V LVTTL" -to HPS_ENET_TX_DATA[0] -entity DE1_SoC was ignored
    Warning (20014): Assignment for entity set_instance_assignment -name IO_STANDARD "3.3-V LVTTL" -to HPS_ENET_TX_DATA[1] -entity DE1_SoC was ignored
    Warning (20014): Assignment for entity set_instance_assignment -name IO_STANDARD "3.3-V LVTTL" -to HPS_ENET_TX_DATA[2] -entity DE1_SoC was ignored
    Warning (20014): Assignment for entity set_instance_assignment -name IO_STANDARD "3.3-V LVTTL" -to HPS_ENET_TX_DATA[3] -entity DE1_SoC was ignored
    Warning (20014): Assignment for entity set_instance_assignment -name IO_STANDARD "3.3-V LVTTL" -to HPS_ENET_TX_EN -entity DE1_SoC was ignored
    Warning (20014): Assignment for entity set_instance_assignment -name IO_STANDARD "3.3-V LVTTL" -to HPS_FLASH_DATA[0] -entity DE1_SoC was ignored
    Warning (20014): Assignment for entity set_instance_assignment -name IO_STANDARD "3.3-V LVTTL" -to HPS_FLASH_DATA[1] -entity DE1_SoC was ignored
    Warning (20014): Assignment for entity set_instance_assignment -name IO_STANDARD "3.3-V LVTTL" -to HPS_FLASH_DATA[2] -entity DE1_SoC was ignored
    Warning (20014): Assignment for entity set_instance_assignment -name IO_STANDARD "3.3-V LVTTL" -to HPS_FLASH_DATA[3] -entity DE1_SoC was ignored
    Warning (20014): Assignment for entity set_instance_assignment -name IO_STANDARD "3.3-V LVTTL" -to HPS_FLASH_DCLK -entity DE1_SoC was ignored
    Warning (20014): Assignment for entity set_instance_assignment -name IO_STANDARD "3.3-V LVTTL" -to HPS_FLASH_NCSO -entity DE1_SoC was ignored
    Warning (20014): Assignment for entity set_instance_assignment -name IO_STANDARD "3.3-V LVTTL" -to HPS_GPIO[0] -entity DE1_SoC was ignored
    Warning (20014): Assignment for entity set_instance_assignment -name IO_STANDARD "3.3-V LVTTL" -to HPS_GPIO[1] -entity DE1_SoC was ignored
    Warning (20014): Assignment for entity set_instance_assignment -name IO_STANDARD "3.3-V LVTTL" -to HPS_GSENSOR_INT -entity DE1_SoC was ignored
    Warning (20014): Assignment for entity set_instance_assignment -name IO_STANDARD "3.3-V LVTTL" -to HPS_I2C1_SCLK -entity DE1_SoC was ignored
    Warning (20014): Assignment for entity set_instance_assignment -name IO_STANDARD "3.3-V LVTTL" -to HPS_I2C1_SDAT -entity DE1_SoC was ignored
    Warning (20014): Assignment for entity set_instance_assignment -name IO_STANDARD "3.3-V LVTTL" -to HPS_I2C2_SCLK -entity DE1_SoC was ignored
    Warning (20014): Assignment for entity set_instance_assignment -name IO_STANDARD "3.3-V LVTTL" -to HPS_I2C2_SDAT -entity DE1_SoC was ignored
    Warning (20014): Assignment for entity set_instance_assignment -name IO_STANDARD "3.3-V LVTTL" -to HPS_I2C_CONTROL -entity DE1_SoC was ignored
    Warning (20014): Assignment for entity set_instance_assignment -name IO_STANDARD "3.3-V LVTTL" -to HPS_KEY -entity DE1_SoC was ignored
    Warning (20014): Assignment for entity set_instance_assignment -name IO_STANDARD "3.3-V LVTTL" -to HPS_LED -entity DE1_SoC was ignored
    Warning (20014): Assignment for entity set_instance_assignment -name IO_STANDARD "3.3-V LVTTL" -to HPS_LTC_GPIO -entity DE1_SoC was ignored
    Warning (20014): Assignment for entity set_instance_assignment -name IO_STANDARD "3.3-V LVTTL" -to HPS_SD_CLK -entity DE1_SoC was ignored
    Warning (20014): Assignment for entity set_instance_assignment -name IO_STANDARD "3.3-V LVTTL" -to HPS_SD_CMD -entity DE1_SoC was ignored
    Warning (20014): Assignment for entity set_instance_assignment -name IO_STANDARD "3.3-V LVTTL" -to HPS_SD_DATA[0] -entity DE1_SoC was ignored
    Warning (20014): Assignment for entity set_instance_assignment -name IO_STANDARD "3.3-V LVTTL" -to HPS_SD_DATA[1] -entity DE1_SoC was ignored
    Warning (20014): Assignment for entity set_instance_assignment -name IO_STANDARD "3.3-V LVTTL" -to HPS_SD_DATA[2] -entity DE1_SoC was ignored
    Warning (20014): Assignment for entity set_instance_assignment -name IO_STANDARD "3.3-V LVTTL" -to HPS_SD_DATA[3] -entity DE1_SoC was ignored
    Warning (20014): Assignment for entity set_instance_assignment -name IO_STANDARD "3.3-V LVTTL" -to HPS_SPIM_CLK -entity DE1_SoC was ignored
    Warning (20014): Assignment for entity set_instance_assignment -name IO_STANDARD "3.3-V LVTTL" -to HPS_SPIM_MISO -entity DE1_SoC was ignored
    Warning (20014): Assignment for entity set_instance_assignment -name IO_STANDARD "3.3-V LVTTL" -to HPS_SPIM_MOSI -entity DE1_SoC was ignored
    Warning (20014): Assignment for entity set_instance_assignment -name IO_STANDARD "3.3-V LVTTL" -to HPS_SPIM_SS -entity DE1_SoC was ignored
    Warning (20014): Assignment for entity set_instance_assignment -name IO_STANDARD "3.3-V LVTTL" -to HPS_UART_RX -entity DE1_SoC was ignored
    Warning (20014): Assignment for entity set_instance_assignment -name IO_STANDARD "3.3-V LVTTL" -to HPS_UART_TX -entity DE1_SoC was ignored
    Warning (20014): Assignment for entity set_instance_assignment -name IO_STANDARD "3.3-V LVTTL" -to HPS_USB_CLKOUT -entity DE1_SoC was ignored
    Warning (20014): Assignment for entity set_instance_assignment -name IO_STANDARD "3.3-V LVTTL" -to HPS_USB_DATA[0] -entity DE1_SoC was ignored
    Warning (20014): Assignment for entity set_instance_assignment -name IO_STANDARD "3.3-V LVTTL" -to HPS_USB_DATA[1] -entity DE1_SoC was ignored
    Warning (20014): Assignment for entity set_instance_assignment -name IO_STANDARD "3.3-V LVTTL" -to HPS_USB_DATA[2] -entity DE1_SoC was ignored
    Warning (20014): Assignment for entity set_instance_assignment -name IO_STANDARD "3.3-V LVTTL" -to HPS_USB_DATA[3] -entity DE1_SoC was ignored
    Warning (20014): Assignment for entity set_instance_assignment -name IO_STANDARD "3.3-V LVTTL" -to HPS_USB_DATA[4] -entity DE1_SoC was ignored
    Warning (20014): Assignment for entity set_instance_assignment -name IO_STANDARD "3.3-V LVTTL" -to HPS_USB_DATA[5] -entity DE1_SoC was ignored
    Warning (20014): Assignment for entity set_instance_assignment -name IO_STANDARD "3.3-V LVTTL" -to HPS_USB_DATA[6] -entity DE1_SoC was ignored
    Warning (20014): Assignment for entity set_instance_assignment -name IO_STANDARD "3.3-V LVTTL" -to HPS_USB_DATA[7] -entity DE1_SoC was ignored
    Warning (20014): Assignment for entity set_instance_assignment -name IO_STANDARD "3.3-V LVTTL" -to HPS_USB_DIR -entity DE1_SoC was ignored
    Warning (20014): Assignment for entity set_instance_assignment -name IO_STANDARD "3.3-V LVTTL" -to HPS_USB_NXT -entity DE1_SoC was ignored
    Warning (20014): Assignment for entity set_instance_assignment -name IO_STANDARD "3.3-V LVTTL" -to HPS_USB_STP -entity DE1_SoC was ignored
    Warning (20014): Assignment for entity set_instance_assignment -name IO_STANDARD "3.3-V LVTTL" -to IRDA_RXD -entity DE1_SoC was ignored
    Warning (20014): Assignment for entity set_instance_assignment -name IO_STANDARD "3.3-V LVTTL" -to IRDA_TXD -entity DE1_SoC was ignored
    Warning (20014): Assignment for entity set_instance_assignment -name IO_STANDARD "3.3-V LVTTL" -to KEY[0] -entity DE1_SoC was ignored
    Warning (20014): Assignment for entity set_instance_assignment -name IO_STANDARD "3.3-V LVTTL" -to KEY[1] -entity DE1_SoC was ignored
    Warning (20014): Assignment for entity set_instance_assignment -name IO_STANDARD "3.3-V LVTTL" -to KEY[2] -entity DE1_SoC was ignored
    Warning (20014): Assignment for entity set_instance_assignment -name IO_STANDARD "3.3-V LVTTL" -to KEY[3] -entity DE1_SoC was ignored
    Warning (20014): Assignment for entity set_instance_assignment -name IO_STANDARD "3.3-V LVTTL" -to LEDR[0] -entity DE1_SoC was ignored
    Warning (20014): Assignment for entity set_instance_assignment -name IO_STANDARD "3.3-V LVTTL" -to LEDR[1] -entity DE1_SoC was ignored
    Warning (20014): Assignment for entity set_instance_assignment -name IO_STANDARD "3.3-V LVTTL" -to LEDR[2] -entity DE1_SoC was ignored
    Warning (20014): Assignment for entity set_instance_assignment -name IO_STANDARD "3.3-V LVTTL" -to LEDR[3] -entity DE1_SoC was ignored
    Warning (20014): Assignment for entity set_instance_assignment -name IO_STANDARD "3.3-V LVTTL" -to LEDR[4] -entity DE1_SoC was ignored
    Warning (20014): Assignment for entity set_instance_assignment -name IO_STANDARD "3.3-V LVTTL" -to LEDR[5] -entity DE1_SoC was ignored
    Warning (20014): Assignment for entity set_instance_assignment -name IO_STANDARD "3.3-V LVTTL" -to LEDR[6] -entity DE1_SoC was ignored
    Warning (20014): Assignment for entity set_instance_assignment -name IO_STANDARD "3.3-V LVTTL" -to LEDR[7] -entity DE1_SoC was ignored
    Warning (20014): Assignment for entity set_instance_assignment -name IO_STANDARD "3.3-V LVTTL" -to LEDR[8] -entity DE1_SoC was ignored
    Warning (20014): Assignment for entity set_instance_assignment -name IO_STANDARD "3.3-V LVTTL" -to LEDR[9] -entity DE1_SoC was ignored
    Warning (20014): Assignment for entity set_instance_assignment -name IO_STANDARD "3.3-V LVTTL" -to PS2_CLK -entity DE1_SoC was ignored
    Warning (20014): Assignment for entity set_instance_assignment -name IO_STANDARD "3.3-V LVTTL" -to PS2_CLK2 -entity DE1_SoC was ignored
    Warning (20014): Assignment for entity set_instance_assignment -name IO_STANDARD "3.3-V LVTTL" -to PS2_DAT -entity DE1_SoC was ignored
    Warning (20014): Assignment for entity set_instance_assignment -name IO_STANDARD "3.3-V LVTTL" -to PS2_DAT2 -entity DE1_SoC was ignored
    Warning (20014): Assignment for entity set_instance_assignment -name IO_STANDARD "3.3-V LVTTL" -to SW[0] -entity DE1_SoC was ignored
    Warning (20014): Assignment for entity set_instance_assignment -name IO_STANDARD "3.3-V LVTTL" -to SW[1] -entity DE1_SoC was ignored
    Warning (20014): Assignment for entity set_instance_assignment -name IO_STANDARD "3.3-V LVTTL" -to SW[2] -entity DE1_SoC was ignored
    Warning (20014): Assignment for entity set_instance_assignment -name IO_STANDARD "3.3-V LVTTL" -to SW[3] -entity DE1_SoC was ignored
    Warning (20014): Assignment for entity set_instance_assignment -name IO_STANDARD "3.3-V LVTTL" -to SW[4] -entity DE1_SoC was ignored
    Warning (20014): Assignment for entity set_instance_assignment -name IO_STANDARD "3.3-V LVTTL" -to SW[5] -entity DE1_SoC was ignored
    Warning (20014): Assignment for entity set_instance_assignment -name IO_STANDARD "3.3-V LVTTL" -to SW[6] -entity DE1_SoC was ignored
    Warning (20014): Assignment for entity set_instance_assignment -name IO_STANDARD "3.3-V LVTTL" -to SW[7] -entity DE1_SoC was ignored
    Warning (20014): Assignment for entity set_instance_assignment -name IO_STANDARD "3.3-V LVTTL" -to SW[8] -entity DE1_SoC was ignored
    Warning (20014): Assignment for entity set_instance_assignment -name IO_STANDARD "3.3-V LVTTL" -to SW[9] -entity DE1_SoC was ignored
    Warning (20014): Assignment for entity set_instance_assignment -name IO_STANDARD "3.3-V LVTTL" -to TD_CLK27 -entity DE1_SoC was ignored
    Warning (20014): Assignment for entity set_instance_assignment -name IO_STANDARD "3.3-V LVTTL" -to TD_DATA[0] -entity DE1_SoC was ignored
    Warning (20014): Assignment for entity set_instance_assignment -name IO_STANDARD "3.3-V LVTTL" -to TD_DATA[1] -entity DE1_SoC was ignored
    Warning (20014): Assignment for entity set_instance_assignment -name IO_STANDARD "3.3-V LVTTL" -to TD_DATA[2] -entity DE1_SoC was ignored
    Warning (20014): Assignment for entity set_instance_assignment -name IO_STANDARD "3.3-V LVTTL" -to TD_DATA[3] -entity DE1_SoC was ignored
    Warning (20014): Assignment for entity set_instance_assignment -name IO_STANDARD "3.3-V LVTTL" -to TD_DATA[4] -entity DE1_SoC was ignored
    Warning (20014): Assignment for entity set_instance_assignment -name IO_STANDARD "3.3-V LVTTL" -to TD_DATA[5] -entity DE1_SoC was ignored
    Warning (20014): Assignment for entity set_instance_assignment -name IO_STANDARD "3.3-V LVTTL" -to TD_DATA[6] -entity DE1_SoC was ignored
    Warning (20014): Assignment for entity set_instance_assignment -name IO_STANDARD "3.3-V LVTTL" -to TD_DATA[7] -entity DE1_SoC was ignored
    Warning (20014): Assignment for entity set_instance_assignment -name IO_STANDARD "3.3-V LVTTL" -to TD_HS -entity DE1_SoC was ignored
    Warning (20014): Assignment for entity set_instance_assignment -name IO_STANDARD "3.3-V LVTTL" -to TD_RESET_N -entity DE1_SoC was ignored
    Warning (20014): Assignment for entity set_instance_assignment -name IO_STANDARD "3.3-V LVTTL" -to TD_VS -entity DE1_SoC was ignored
    Warning (20014): Assignment for entity set_instance_assignment -name IO_STANDARD "3.3-V LVTTL" -to USB_B2_CLK -entity DE1_SoC was ignored
    Warning (20014): Assignment for entity set_instance_assignment -name IO_STANDARD "3.3-V LVTTL" -to USB_B2_DATA[0] -entity DE1_SoC was ignored
    Warning (20014): Assignment for entity set_instance_assignment -name IO_STANDARD "3.3-V LVTTL" -to USB_B2_DATA[1] -entity DE1_SoC was ignored
    Warning (20014): Assignment for entity set_instance_assignment -name IO_STANDARD "3.3-V LVTTL" -to USB_B2_DATA[2] -entity DE1_SoC was ignored
    Warning (20014): Assignment for entity set_instance_assignment -name IO_STANDARD "3.3-V LVTTL" -to USB_B2_DATA[3] -entity DE1_SoC was ignored
    Warning (20014): Assignment for entity set_instance_assignment -name IO_STANDARD "3.3-V LVTTL" -to USB_B2_DATA[4] -entity DE1_SoC was ignored
    Warning (20014): Assignment for entity set_instance_assignment -name IO_STANDARD "3.3-V LVTTL" -to USB_B2_DATA[5] -entity DE1_SoC was ignored
    Warning (20014): Assignment for entity set_instance_assignment -name IO_STANDARD "3.3-V LVTTL" -to USB_B2_DATA[6] -entity DE1_SoC was ignored
    Warning (20014): Assignment for entity set_instance_assignment -name IO_STANDARD "3.3-V LVTTL" -to USB_B2_DATA[7] -entity DE1_SoC was ignored
    Warning (20014): Assignment for entity set_instance_assignment -name IO_STANDARD "3.3-V LVTTL" -to USB_EMPTY -entity DE1_SoC was ignored
    Warning (20014): Assignment for entity set_instance_assignment -name IO_STANDARD "3.3-V LVTTL" -to USB_FULL -entity DE1_SoC was ignored
    Warning (20014): Assignment for entity set_instance_assignment -name IO_STANDARD "3.3-V LVTTL" -to USB_OE_N -entity DE1_SoC was ignored
    Warning (20014): Assignment for entity set_instance_assignment -name IO_STANDARD "3.3-V LVTTL" -to USB_RD_N -entity DE1_SoC was ignored
    Warning (20014): Assignment for entity set_instance_assignment -name IO_STANDARD "3.3-V LVTTL" -to USB_RESET_N -entity DE1_SoC was ignored
    Warning (20014): Assignment for entity set_instance_assignment -name IO_STANDARD "3.3-V LVTTL" -to USB_SCL -entity DE1_SoC was ignored
    Warning (20014): Assignment for entity set_instance_assignment -name IO_STANDARD "3.3-V LVTTL" -to USB_SDA -entity DE1_SoC was ignored
    Warning (20014): Assignment for entity set_instance_assignment -name IO_STANDARD "3.3-V LVTTL" -to USB_WR_N -entity DE1_SoC was ignored
    Warning (20014): Assignment for entity set_instance_assignment -name IO_STANDARD "3.3-V LVTTL" -to VGA_BLANK_N -entity DE1_SoC was ignored
    Warning (20014): Assignment for entity set_instance_assignment -name IO_STANDARD "3.3-V LVTTL" -to VGA_B[0] -entity DE1_SoC was ignored
    Warning (20014): Assignment for entity set_instance_assignment -name IO_STANDARD "3.3-V LVTTL" -to VGA_B[1] -entity DE1_SoC was ignored
    Warning (20014): Assignment for entity set_instance_assignment -name IO_STANDARD "3.3-V LVTTL" -to VGA_B[2] -entity DE1_SoC was ignored
    Warning (20014): Assignment for entity set_instance_assignment -name IO_STANDARD "3.3-V LVTTL" -to VGA_B[3] -entity DE1_SoC was ignored
    Warning (20014): Assignment for entity set_instance_assignment -name IO_STANDARD "3.3-V LVTTL" -to VGA_B[4] -entity DE1_SoC was ignored
    Warning (20014): Assignment for entity set_instance_assignment -name IO_STANDARD "3.3-V LVTTL" -to VGA_B[5] -entity DE1_SoC was ignored
    Warning (20014): Assignment for entity set_instance_assignment -name IO_STANDARD "3.3-V LVTTL" -to VGA_B[6] -entity DE1_SoC was ignored
    Warning (20014): Assignment for entity set_instance_assignment -name IO_STANDARD "3.3-V LVTTL" -to VGA_B[7] -entity DE1_SoC was ignored
    Warning (20014): Assignment for entity set_instance_assignment -name IO_STANDARD "3.3-V LVTTL" -to VGA_CLK -entity DE1_SoC was ignored
    Warning (20014): Assignment for entity set_instance_assignment -name IO_STANDARD "3.3-V LVTTL" -to VGA_G[0] -entity DE1_SoC was ignored
    Warning (20014): Assignment for entity set_instance_assignment -name IO_STANDARD "3.3-V LVTTL" -to VGA_G[1] -entity DE1_SoC was ignored
    Warning (20014): Assignment for entity set_instance_assignment -name IO_STANDARD "3.3-V LVTTL" -to VGA_G[2] -entity DE1_SoC was ignored
    Warning (20014): Assignment for entity set_instance_assignment -name IO_STANDARD "3.3-V LVTTL" -to VGA_G[3] -entity DE1_SoC was ignored
    Warning (20014): Assignment for entity set_instance_assignment -name IO_STANDARD "3.3-V LVTTL" -to VGA_G[4] -entity DE1_SoC was ignored
    Warning (20014): Assignment for entity set_instance_assignment -name IO_STANDARD "3.3-V LVTTL" -to VGA_G[5] -entity DE1_SoC was ignored
    Warning (20014): Assignment for entity set_instance_assignment -name IO_STANDARD "3.3-V LVTTL" -to VGA_G[6] -entity DE1_SoC was ignored
    Warning (20014): Assignment for entity set_instance_assignment -name IO_STANDARD "3.3-V LVTTL" -to VGA_G[7] -entity DE1_SoC was ignored
    Warning (20014): Assignment for entity set_instance_assignment -name IO_STANDARD "3.3-V LVTTL" -to VGA_HS -entity DE1_SoC was ignored
    Warning (20014): Assignment for entity set_instance_assignment -name IO_STANDARD "3.3-V LVTTL" -to VGA_R[0] -entity DE1_SoC was ignored
    Warning (20014): Assignment for entity set_instance_assignment -name IO_STANDARD "3.3-V LVTTL" -to VGA_R[1] -entity DE1_SoC was ignored
    Warning (20014): Assignment for entity set_instance_assignment -name IO_STANDARD "3.3-V LVTTL" -to VGA_R[2] -entity DE1_SoC was ignored
    Warning (20014): Assignment for entity set_instance_assignment -name IO_STANDARD "3.3-V LVTTL" -to VGA_R[3] -entity DE1_SoC was ignored
    Warning (20014): Assignment for entity set_instance_assignment -name IO_STANDARD "3.3-V LVTTL" -to VGA_R[4] -entity DE1_SoC was ignored
    Warning (20014): Assignment for entity set_instance_assignment -name IO_STANDARD "3.3-V LVTTL" -to VGA_R[5] -entity DE1_SoC was ignored
    Warning (20014): Assignment for entity set_instance_assignment -name IO_STANDARD "3.3-V LVTTL" -to VGA_R[6] -entity DE1_SoC was ignored
    Warning (20014): Assignment for entity set_instance_assignment -name IO_STANDARD "3.3-V LVTTL" -to VGA_R[7] -entity DE1_SoC was ignored
    Warning (20014): Assignment for entity set_instance_assignment -name IO_STANDARD "3.3-V LVTTL" -to VGA_SYNC_N -entity DE1_SoC was ignored
    Warning (20014): Assignment for entity set_instance_assignment -name IO_STANDARD "3.3-V LVTTL" -to VGA_VS -entity DE1_SoC was ignored
    Warning (20014): Assignment for entity set_instance_assignment -name CURRENT_STRENGTH_NEW "MAXIMUM CURRENT" -to HPS_DDR3_ADDR[0] -entity DE1_SoC was ignored
    Warning (20014): Assignment for entity set_instance_assignment -name CURRENT_STRENGTH_NEW "MAXIMUM CURRENT" -to HPS_DDR3_ADDR[10] -entity DE1_SoC was ignored
    Warning (20014): Assignment for entity set_instance_assignment -name CURRENT_STRENGTH_NEW "MAXIMUM CURRENT" -to HPS_DDR3_ADDR[11] -entity DE1_SoC was ignored
    Warning (20014): Assignment for entity set_instance_assignment -name CURRENT_STRENGTH_NEW "MAXIMUM CURRENT" -to HPS_DDR3_ADDR[12] -entity DE1_SoC was ignored
    Warning (20014): Assignment for entity set_instance_assignment -name CURRENT_STRENGTH_NEW "MAXIMUM CURRENT" -to HPS_DDR3_ADDR[13] -entity DE1_SoC was ignored
    Warning (20014): Assignment for entity set_instance_assignment -name CURRENT_STRENGTH_NEW "MAXIMUM CURRENT" -to HPS_DDR3_ADDR[14] -entity DE1_SoC was ignored
    Warning (20014): Assignment for entity set_instance_assignment -name CURRENT_STRENGTH_NEW "MAXIMUM CURRENT" -to HPS_DDR3_ADDR[1] -entity DE1_SoC was ignored
    Warning (20014): Assignment for entity set_instance_assignment -name CURRENT_STRENGTH_NEW "MAXIMUM CURRENT" -to HPS_DDR3_ADDR[2] -entity DE1_SoC was ignored
    Warning (20014): Assignment for entity set_instance_assignment -name CURRENT_STRENGTH_NEW "MAXIMUM CURRENT" -to HPS_DDR3_ADDR[3] -entity DE1_SoC was ignored
    Warning (20014): Assignment for entity set_instance_assignment -name CURRENT_STRENGTH_NEW "MAXIMUM CURRENT" -to HPS_DDR3_ADDR[4] -entity DE1_SoC was ignored
    Warning (20014): Assignment for entity set_instance_assignment -name CURRENT_STRENGTH_NEW "MAXIMUM CURRENT" -to HPS_DDR3_ADDR[5] -entity DE1_SoC was ignored
    Warning (20014): Assignment for entity set_instance_assignment -name CURRENT_STRENGTH_NEW "MAXIMUM CURRENT" -to HPS_DDR3_ADDR[6] -entity DE1_SoC was ignored
    Warning (20014): Assignment for entity set_instance_assignment -name CURRENT_STRENGTH_NEW "MAXIMUM CURRENT" -to HPS_DDR3_ADDR[7] -entity DE1_SoC was ignored
    Warning (20014): Assignment for entity set_instance_assignment -name CURRENT_STRENGTH_NEW "MAXIMUM CURRENT" -to HPS_DDR3_ADDR[8] -entity DE1_SoC was ignored
    Warning (20014): Assignment for entity set_instance_assignment -name CURRENT_STRENGTH_NEW "MAXIMUM CURRENT" -to HPS_DDR3_ADDR[9] -entity DE1_SoC was ignored
    Warning (20014): Assignment for entity set_instance_assignment -name CURRENT_STRENGTH_NEW "MAXIMUM CURRENT" -to HPS_DDR3_BA[0] -entity DE1_SoC was ignored
    Warning (20014): Assignment for entity set_instance_assignment -name CURRENT_STRENGTH_NEW "MAXIMUM CURRENT" -to HPS_DDR3_BA[1] -entity DE1_SoC was ignored
    Warning (20014): Assignment for entity set_instance_assignment -name CURRENT_STRENGTH_NEW "MAXIMUM CURRENT" -to HPS_DDR3_BA[2] -entity DE1_SoC was ignored
    Warning (20014): Assignment for entity set_instance_assignment -name CURRENT_STRENGTH_NEW "MAXIMUM CURRENT" -to HPS_DDR3_CAS_N -entity DE1_SoC was ignored
    Warning (20014): Assignment for entity set_instance_assignment -name CURRENT_STRENGTH_NEW "MAXIMUM CURRENT" -to HPS_DDR3_CKE -entity DE1_SoC was ignored
    Warning (20014): Assignment for entity set_instance_assignment -name CURRENT_STRENGTH_NEW "MAXIMUM CURRENT" -to HPS_DDR3_CS_N -entity DE1_SoC was ignored
    Warning (20014): Assignment for entity set_instance_assignment -name CURRENT_STRENGTH_NEW "MAXIMUM CURRENT" -to HPS_DDR3_ODT -entity DE1_SoC was ignored
    Warning (20014): Assignment for entity set_instance_assignment -name CURRENT_STRENGTH_NEW "MAXIMUM CURRENT" -to HPS_DDR3_RAS_N -entity DE1_SoC was ignored
    Warning (20014): Assignment for entity set_instance_assignment -name CURRENT_STRENGTH_NEW "MAXIMUM CURRENT" -to HPS_DDR3_RESET_N -entity DE1_SoC was ignored
    Warning (20014): Assignment for entity set_instance_assignment -name CURRENT_STRENGTH_NEW "MAXIMUM CURRENT" -to HPS_DDR3_WE_N -entity DE1_SoC was ignored
    Warning (20014): Assignment for entity set_instance_assignment -name INPUT_TERMINATION "PARALLEL 50 OHM WITH CALIBRATION" -to HPS_DDR3_DQS_N[0] -entity DE1_SoC was ignored
    Warning (20014): Assignment for entity set_instance_assignment -name INPUT_TERMINATION "PARALLEL 50 OHM WITH CALIBRATION" -to HPS_DDR3_DQS_N[1] -entity DE1_SoC was ignored
    Warning (20014): Assignment for entity set_instance_assignment -name INPUT_TERMINATION "PARALLEL 50 OHM WITH CALIBRATION" -to HPS_DDR3_DQS_N[2] -entity DE1_SoC was ignored
    Warning (20014): Assignment for entity set_instance_assignment -name INPUT_TERMINATION "PARALLEL 50 OHM WITH CALIBRATION" -to HPS_DDR3_DQS_N[3] -entity DE1_SoC was ignored
    Warning (20014): Assignment for entity set_instance_assignment -name INPUT_TERMINATION "PARALLEL 50 OHM WITH CALIBRATION" -to HPS_DDR3_DQS_P[0] -entity DE1_SoC was ignored
    Warning (20014): Assignment for entity set_instance_assignment -name INPUT_TERMINATION "PARALLEL 50 OHM WITH CALIBRATION" -to HPS_DDR3_DQS_P[1] -entity DE1_SoC was ignored
    Warning (20014): Assignment for entity set_instance_assignment -name INPUT_TERMINATION "PARALLEL 50 OHM WITH CALIBRATION" -to HPS_DDR3_DQS_P[2] -entity DE1_SoC was ignored
    Warning (20014): Assignment for entity set_instance_assignment -name INPUT_TERMINATION "PARALLEL 50 OHM WITH CALIBRATION" -to HPS_DDR3_DQS_P[3] -entity DE1_SoC was ignored
    Warning (20014): Assignment for entity set_instance_assignment -name INPUT_TERMINATION "PARALLEL 50 OHM WITH CALIBRATION" -to HPS_DDR3_DQ[0] -entity DE1_SoC was ignored
    Warning (20014): Assignment for entity set_instance_assignment -name INPUT_TERMINATION "PARALLEL 50 OHM WITH CALIBRATION" -to HPS_DDR3_DQ[10] -entity DE1_SoC was ignored
    Warning (20014): Assignment for entity set_instance_assignment -name INPUT_TERMINATION "PARALLEL 50 OHM WITH CALIBRATION" -to HPS_DDR3_DQ[11] -entity DE1_SoC was ignored
    Warning (20014): Assignment for entity set_instance_assignment -name INPUT_TERMINATION "PARALLEL 50 OHM WITH CALIBRATION" -to HPS_DDR3_DQ[12] -entity DE1_SoC was ignored
    Warning (20014): Assignment for entity set_instance_assignment -name INPUT_TERMINATION "PARALLEL 50 OHM WITH CALIBRATION" -to HPS_DDR3_DQ[13] -entity DE1_SoC was ignored
    Warning (20014): Assignment for entity set_instance_assignment -name INPUT_TERMINATION "PARALLEL 50 OHM WITH CALIBRATION" -to HPS_DDR3_DQ[14] -entity DE1_SoC was ignored
    Warning (20014): Assignment for entity set_instance_assignment -name INPUT_TERMINATION "PARALLEL 50 OHM WITH CALIBRATION" -to HPS_DDR3_DQ[15] -entity DE1_SoC was ignored
    Warning (20014): Assignment for entity set_instance_assignment -name INPUT_TERMINATION "PARALLEL 50 OHM WITH CALIBRATION" -to HPS_DDR3_DQ[16] -entity DE1_SoC was ignored
    Warning (20014): Assignment for entity set_instance_assignment -name INPUT_TERMINATION "PARALLEL 50 OHM WITH CALIBRATION" -to HPS_DDR3_DQ[17] -entity DE1_SoC was ignored
    Warning (20014): Assignment for entity set_instance_assignment -name INPUT_TERMINATION "PARALLEL 50 OHM WITH CALIBRATION" -to HPS_DDR3_DQ[18] -entity DE1_SoC was ignored
    Warning (20014): Assignment for entity set_instance_assignment -name INPUT_TERMINATION "PARALLEL 50 OHM WITH CALIBRATION" -to HPS_DDR3_DQ[19] -entity DE1_SoC was ignored
    Warning (20014): Assignment for entity set_instance_assignment -name INPUT_TERMINATION "PARALLEL 50 OHM WITH CALIBRATION" -to HPS_DDR3_DQ[1] -entity DE1_SoC was ignored
    Warning (20014): Assignment for entity set_instance_assignment -name INPUT_TERMINATION "PARALLEL 50 OHM WITH CALIBRATION" -to HPS_DDR3_DQ[20] -entity DE1_SoC was ignored
    Warning (20014): Assignment for entity set_instance_assignment -name INPUT_TERMINATION "PARALLEL 50 OHM WITH CALIBRATION" -to HPS_DDR3_DQ[21] -entity DE1_SoC was ignored
    Warning (20014): Assignment for entity set_instance_assignment -name INPUT_TERMINATION "PARALLEL 50 OHM WITH CALIBRATION" -to HPS_DDR3_DQ[22] -entity DE1_SoC was ignored
    Warning (20014): Assignment for entity set_instance_assignment -name INPUT_TERMINATION "PARALLEL 50 OHM WITH CALIBRATION" -to HPS_DDR3_DQ[23] -entity DE1_SoC was ignored
    Warning (20014): Assignment for entity set_instance_assignment -name INPUT_TERMINATION "PARALLEL 50 OHM WITH CALIBRATION" -to HPS_DDR3_DQ[24] -entity DE1_SoC was ignored
    Warning (20014): Assignment for entity set_instance_assignment -name INPUT_TERMINATION "PARALLEL 50 OHM WITH CALIBRATION" -to HPS_DDR3_DQ[25] -entity DE1_SoC was ignored
    Warning (20014): Assignment for entity set_instance_assignment -name INPUT_TERMINATION "PARALLEL 50 OHM WITH CALIBRATION" -to HPS_DDR3_DQ[26] -entity DE1_SoC was ignored
    Warning (20014): Assignment for entity set_instance_assignment -name INPUT_TERMINATION "PARALLEL 50 OHM WITH CALIBRATION" -to HPS_DDR3_DQ[27] -entity DE1_SoC was ignored
    Warning (20014): Assignment for entity set_instance_assignment -name INPUT_TERMINATION "PARALLEL 50 OHM WITH CALIBRATION" -to HPS_DDR3_DQ[28] -entity DE1_SoC was ignored
    Warning (20014): Assignment for entity set_instance_assignment -name INPUT_TERMINATION "PARALLEL 50 OHM WITH CALIBRATION" -to HPS_DDR3_DQ[29] -entity DE1_SoC was ignored
    Warning (20014): Assignment for entity set_instance_assignment -name INPUT_TERMINATION "PARALLEL 50 OHM WITH CALIBRATION" -to HPS_DDR3_DQ[2] -entity DE1_SoC was ignored
    Warning (20014): Assignment for entity set_instance_assignment -name INPUT_TERMINATION "PARALLEL 50 OHM WITH CALIBRATION" -to HPS_DDR3_DQ[30] -entity DE1_SoC was ignored
    Warning (20014): Assignment for entity set_instance_assignment -name INPUT_TERMINATION "PARALLEL 50 OHM WITH CALIBRATION" -to HPS_DDR3_DQ[31] -entity DE1_SoC was ignored
    Warning (20014): Assignment for entity set_instance_assignment -name INPUT_TERMINATION "PARALLEL 50 OHM WITH CALIBRATION" -to HPS_DDR3_DQ[3] -entity DE1_SoC was ignored
    Warning (20014): Assignment for entity set_instance_assignment -name INPUT_TERMINATION "PARALLEL 50 OHM WITH CALIBRATION" -to HPS_DDR3_DQ[4] -entity DE1_SoC was ignored
    Warning (20014): Assignment for entity set_instance_assignment -name INPUT_TERMINATION "PARALLEL 50 OHM WITH CALIBRATION" -to HPS_DDR3_DQ[5] -entity DE1_SoC was ignored
    Warning (20014): Assignment for entity set_instance_assignment -name INPUT_TERMINATION "PARALLEL 50 OHM WITH CALIBRATION" -to HPS_DDR3_DQ[6] -entity DE1_SoC was ignored
    Warning (20014): Assignment for entity set_instance_assignment -name INPUT_TERMINATION "PARALLEL 50 OHM WITH CALIBRATION" -to HPS_DDR3_DQ[7] -entity DE1_SoC was ignored
    Warning (20014): Assignment for entity set_instance_assignment -name INPUT_TERMINATION "PARALLEL 50 OHM WITH CALIBRATION" -to HPS_DDR3_DQ[8] -entity DE1_SoC was ignored
    Warning (20014): Assignment for entity set_instance_assignment -name INPUT_TERMINATION "PARALLEL 50 OHM WITH CALIBRATION" -to HPS_DDR3_DQ[9] -entity DE1_SoC was ignored
    Warning (20014): Assignment for entity set_instance_assignment -name OUTPUT_TERMINATION "SERIES 50 OHM WITHOUT CALIBRATION" -to HPS_DDR3_CK_N -entity DE1_SoC was ignored
    Warning (20014): Assignment for entity set_instance_assignment -name OUTPUT_TERMINATION "SERIES 50 OHM WITHOUT CALIBRATION" -to HPS_DDR3_CK_P -entity DE1_SoC was ignored
    Warning (20014): Assignment for entity set_instance_assignment -name OUTPUT_TERMINATION "SERIES 50 OHM WITH CALIBRATION" -to HPS_DDR3_DM[0] -entity DE1_SoC was ignored
    Warning (20014): Assignment for entity set_instance_assignment -name OUTPUT_TERMINATION "SERIES 50 OHM WITH CALIBRATION" -to HPS_DDR3_DM[1] -entity DE1_SoC was ignored
    Warning (20014): Assignment for entity set_instance_assignment -name OUTPUT_TERMINATION "SERIES 50 OHM WITH CALIBRATION" -to HPS_DDR3_DM[2] -entity DE1_SoC was ignored
    Warning (20014): Assignment for entity set_instance_assignment -name OUTPUT_TERMINATION "SERIES 50 OHM WITH CALIBRATION" -to HPS_DDR3_DM[3] -entity DE1_SoC was ignored
    Warning (20014): Assignment for entity set_instance_assignment -name OUTPUT_TERMINATION "SERIES 50 OHM WITH CALIBRATION" -to HPS_DDR3_DQS_N[0] -entity DE1_SoC was ignored
    Warning (20014): Assignment for entity set_instance_assignment -name OUTPUT_TERMINATION "SERIES 50 OHM WITH CALIBRATION" -to HPS_DDR3_DQS_N[1] -entity DE1_SoC was ignored
    Warning (20014): Assignment for entity set_instance_assignment -name OUTPUT_TERMINATION "SERIES 50 OHM WITH CALIBRATION" -to HPS_DDR3_DQS_N[2] -entity DE1_SoC was ignored
    Warning (20014): Assignment for entity set_instance_assignment -name OUTPUT_TERMINATION "SERIES 50 OHM WITH CALIBRATION" -to HPS_DDR3_DQS_N[3] -entity DE1_SoC was ignored
    Warning (20014): Assignment for entity set_instance_assignment -name OUTPUT_TERMINATION "SERIES 50 OHM WITH CALIBRATION" -to HPS_DDR3_DQS_P[0] -entity DE1_SoC was ignored
    Warning (20014): Assignment for entity set_instance_assignment -name OUTPUT_TERMINATION "SERIES 50 OHM WITH CALIBRATION" -to HPS_DDR3_DQS_P[1] -entity DE1_SoC was ignored
    Warning (20014): Assignment for entity set_instance_assignment -name OUTPUT_TERMINATION "SERIES 50 OHM WITH CALIBRATION" -to HPS_DDR3_DQS_P[2] -entity DE1_SoC was ignored
    Warning (20014): Assignment for entity set_instance_assignment -name OUTPUT_TERMINATION "SERIES 50 OHM WITH CALIBRATION" -to HPS_DDR3_DQS_P[3] -entity DE1_SoC was ignored
    Warning (20014): Assignment for entity set_instance_assignment -name OUTPUT_TERMINATION "SERIES 50 OHM WITH CALIBRATION" -to HPS_DDR3_DQ[0] -entity DE1_SoC was ignored
    Warning (20014): Assignment for entity set_instance_assignment -name OUTPUT_TERMINATION "SERIES 50 OHM WITH CALIBRATION" -to HPS_DDR3_DQ[10] -entity DE1_SoC was ignored
    Warning (20014): Assignment for entity set_instance_assignment -name OUTPUT_TERMINATION "SERIES 50 OHM WITH CALIBRATION" -to HPS_DDR3_DQ[11] -entity DE1_SoC was ignored
    Warning (20014): Assignment for entity set_instance_assignment -name OUTPUT_TERMINATION "SERIES 50 OHM WITH CALIBRATION" -to HPS_DDR3_DQ[12] -entity DE1_SoC was ignored
    Warning (20014): Assignment for entity set_instance_assignment -name OUTPUT_TERMINATION "SERIES 50 OHM WITH CALIBRATION" -to HPS_DDR3_DQ[13] -entity DE1_SoC was ignored
    Warning (20014): Assignment for entity set_instance_assignment -name OUTPUT_TERMINATION "SERIES 50 OHM WITH CALIBRATION" -to HPS_DDR3_DQ[14] -entity DE1_SoC was ignored
    Warning (20014): Assignment for entity set_instance_assignment -name OUTPUT_TERMINATION "SERIES 50 OHM WITH CALIBRATION" -to HPS_DDR3_DQ[15] -entity DE1_SoC was ignored
    Warning (20014): Assignment for entity set_instance_assignment -name OUTPUT_TERMINATION "SERIES 50 OHM WITH CALIBRATION" -to HPS_DDR3_DQ[16] -entity DE1_SoC was ignored
    Warning (20014): Assignment for entity set_instance_assignment -name OUTPUT_TERMINATION "SERIES 50 OHM WITH CALIBRATION" -to HPS_DDR3_DQ[17] -entity DE1_SoC was ignored
    Warning (20014): Assignment for entity set_instance_assignment -name OUTPUT_TERMINATION "SERIES 50 OHM WITH CALIBRATION" -to HPS_DDR3_DQ[18] -entity DE1_SoC was ignored
    Warning (20014): Assignment for entity set_instance_assignment -name OUTPUT_TERMINATION "SERIES 50 OHM WITH CALIBRATION" -to HPS_DDR3_DQ[19] -entity DE1_SoC was ignored
    Warning (20014): Assignment for entity set_instance_assignment -name OUTPUT_TERMINATION "SERIES 50 OHM WITH CALIBRATION" -to HPS_DDR3_DQ[1] -entity DE1_SoC was ignored
    Warning (20014): Assignment for entity set_instance_assignment -name OUTPUT_TERMINATION "SERIES 50 OHM WITH CALIBRATION" -to HPS_DDR3_DQ[20] -entity DE1_SoC was ignored
    Warning (20014): Assignment for entity set_instance_assignment -name OUTPUT_TERMINATION "SERIES 50 OHM WITH CALIBRATION" -to HPS_DDR3_DQ[21] -entity DE1_SoC was ignored
    Warning (20014): Assignment for entity set_instance_assignment -name OUTPUT_TERMINATION "SERIES 50 OHM WITH CALIBRATION" -to HPS_DDR3_DQ[22] -entity DE1_SoC was ignored
    Warning (20014): Assignment for entity set_instance_assignment -name OUTPUT_TERMINATION "SERIES 50 OHM WITH CALIBRATION" -to HPS_DDR3_DQ[23] -entity DE1_SoC was ignored
    Warning (20014): Assignment for entity set_instance_assignment -name OUTPUT_TERMINATION "SERIES 50 OHM WITH CALIBRATION" -to HPS_DDR3_DQ[24] -entity DE1_SoC was ignored
    Warning (20014): Assignment for entity set_instance_assignment -name OUTPUT_TERMINATION "SERIES 50 OHM WITH CALIBRATION" -to HPS_DDR3_DQ[25] -entity DE1_SoC was ignored
    Warning (20014): Assignment for entity set_instance_assignment -name OUTPUT_TERMINATION "SERIES 50 OHM WITH CALIBRATION" -to HPS_DDR3_DQ[26] -entity DE1_SoC was ignored
    Warning (20014): Assignment for entity set_instance_assignment -name OUTPUT_TERMINATION "SERIES 50 OHM WITH CALIBRATION" -to HPS_DDR3_DQ[27] -entity DE1_SoC was ignored
    Warning (20014): Assignment for entity set_instance_assignment -name OUTPUT_TERMINATION "SERIES 50 OHM WITH CALIBRATION" -to HPS_DDR3_DQ[28] -entity DE1_SoC was ignored
    Warning (20014): Assignment for entity set_instance_assignment -name OUTPUT_TERMINATION "SERIES 50 OHM WITH CALIBRATION" -to HPS_DDR3_DQ[29] -entity DE1_SoC was ignored
    Warning (20014): Assignment for entity set_instance_assignment -name OUTPUT_TERMINATION "SERIES 50 OHM WITH CALIBRATION" -to HPS_DDR3_DQ[2] -entity DE1_SoC was ignored
    Warning (20014): Assignment for entity set_instance_assignment -name OUTPUT_TERMINATION "SERIES 50 OHM WITH CALIBRATION" -to HPS_DDR3_DQ[30] -entity DE1_SoC was ignored
    Warning (20014): Assignment for entity set_instance_assignment -name OUTPUT_TERMINATION "SERIES 50 OHM WITH CALIBRATION" -to HPS_DDR3_DQ[31] -entity DE1_SoC was ignored
    Warning (20014): Assignment for entity set_instance_assignment -name OUTPUT_TERMINATION "SERIES 50 OHM WITH CALIBRATION" -to HPS_DDR3_DQ[3] -entity DE1_SoC was ignored
    Warning (20014): Assignment for entity set_instance_assignment -name OUTPUT_TERMINATION "SERIES 50 OHM WITH CALIBRATION" -to HPS_DDR3_DQ[4] -entity DE1_SoC was ignored
    Warning (20014): Assignment for entity set_instance_assignment -name OUTPUT_TERMINATION "SERIES 50 OHM WITH CALIBRATION" -to HPS_DDR3_DQ[5] -entity DE1_SoC was ignored
    Warning (20014): Assignment for entity set_instance_assignment -name OUTPUT_TERMINATION "SERIES 50 OHM WITH CALIBRATION" -to HPS_DDR3_DQ[6] -entity DE1_SoC was ignored
    Warning (20014): Assignment for entity set_instance_assignment -name OUTPUT_TERMINATION "SERIES 50 OHM WITH CALIBRATION" -to HPS_DDR3_DQ[7] -entity DE1_SoC was ignored
    Warning (20014): Assignment for entity set_instance_assignment -name OUTPUT_TERMINATION "SERIES 50 OHM WITH CALIBRATION" -to HPS_DDR3_DQ[8] -entity DE1_SoC was ignored
    Warning (20014): Assignment for entity set_instance_assignment -name OUTPUT_TERMINATION "SERIES 50 OHM WITH CALIBRATION" -to HPS_DDR3_DQ[9] -entity DE1_SoC was ignored
    Warning (20014): Assignment for entity set_instance_assignment -name D5_DELAY 2 -to HPS_DDR3_CK_N -entity DE1_SoC was ignored
    Warning (20014): Assignment for entity set_instance_assignment -name D5_DELAY 2 -to HPS_DDR3_CK_P -entity DE1_SoC was ignored
Info (144001): Generated suppressed messages file D:/Storage/temp/semestr_6/sw/13/projekty/processor_with_hex_on_board/output_files/processor_with_hex_on_board.map.smsg
Info (16010): Generating hard_block partition "hard_block:auto_generated_inst"
    Info (16011): Adding 0 node(s), including 0 DDIO, 0 PLL, 0 transceiver and 0 LCELL
Info (21057): Implemented 366 device resources after synthesis - the final resource count might be different
    Info (21058): Implemented 3 input pins
    Info (21059): Implemented 28 output pins
    Info (21061): Implemented 326 logic cells
    Info (21064): Implemented 9 RAM segments
Info: Quartus Prime Analysis & Synthesis was successful. 0 errors, 580 warnings
    Info: Peak virtual memory: 4838 megabytes
    Info: Processing ended: Thu Jun 23 12:11:25 2022
    Info: Elapsed time: 00:00:14
    Info: Total CPU time (on all processors): 00:00:29


+------------------------------------------+
; Analysis & Synthesis Suppressed Messages ;
+------------------------------------------+
The suppressed messages can be found in D:/Storage/temp/semestr_6/sw/13/projekty/processor_with_hex_on_board/output_files/processor_with_hex_on_board.map.smsg.


