$comment
	File created using the following command:
		vcd file counter_BCD_3_digits_on_board.msim.vcd -direction
$end
$date
	Thu Apr 21 02:11:46 2022
$end
$version
	ModelSim Version 10.5b
$end
$timescale
	1ps
$end

$scope module counter_BCD_3_digits_on_board_vlg_vec_tst $end
$var reg 1 ! CLOCK_50 $end
$var reg 1 " KEY [0:0] $end
$var wire 1 # HEX0 [6] $end
$var wire 1 $ HEX0 [5] $end
$var wire 1 % HEX0 [4] $end
$var wire 1 & HEX0 [3] $end
$var wire 1 ' HEX0 [2] $end
$var wire 1 ( HEX0 [1] $end
$var wire 1 ) HEX0 [0] $end
$var wire 1 * HEX1 [6] $end
$var wire 1 + HEX1 [5] $end
$var wire 1 , HEX1 [4] $end
$var wire 1 - HEX1 [3] $end
$var wire 1 . HEX1 [2] $end
$var wire 1 / HEX1 [1] $end
$var wire 1 0 HEX1 [0] $end
$var wire 1 1 HEX2 [6] $end
$var wire 1 2 HEX2 [5] $end
$var wire 1 3 HEX2 [4] $end
$var wire 1 4 HEX2 [3] $end
$var wire 1 5 HEX2 [2] $end
$var wire 1 6 HEX2 [1] $end
$var wire 1 7 HEX2 [0] $end
$var wire 1 8 LEDR [0] $end

$scope module i1 $end
$var wire 1 9 gnd $end
$var wire 1 : vcc $end
$var wire 1 ; unknown $end
$var tri1 1 < devclrn $end
$var tri1 1 = devpor $end
$var tri1 1 > devoe $end
$var wire 1 ? HEX2[0]~output_o $end
$var wire 1 @ HEX2[1]~output_o $end
$var wire 1 A HEX2[2]~output_o $end
$var wire 1 B HEX2[3]~output_o $end
$var wire 1 C HEX2[4]~output_o $end
$var wire 1 D HEX2[5]~output_o $end
$var wire 1 E HEX2[6]~output_o $end
$var wire 1 F HEX1[0]~output_o $end
$var wire 1 G HEX1[1]~output_o $end
$var wire 1 H HEX1[2]~output_o $end
$var wire 1 I HEX1[3]~output_o $end
$var wire 1 J HEX1[4]~output_o $end
$var wire 1 K HEX1[5]~output_o $end
$var wire 1 L HEX1[6]~output_o $end
$var wire 1 M HEX0[0]~output_o $end
$var wire 1 N HEX0[1]~output_o $end
$var wire 1 O HEX0[2]~output_o $end
$var wire 1 P HEX0[3]~output_o $end
$var wire 1 Q HEX0[4]~output_o $end
$var wire 1 R HEX0[5]~output_o $end
$var wire 1 S HEX0[6]~output_o $end
$var wire 1 T LEDR[0]~output_o $end
$var wire 1 U CLOCK_50~input_o $end
$var wire 1 V counter|delay|counter|Q~0_combout $end
$var wire 1 W counter|delay|counter|Q~1_combout $end
$var wire 1 X counter|delay|counter|Equal0~combout $end
$var wire 1 Y counter|counter0|Q~0_combout $end
$var wire 1 Z KEY[0]~input_o $end
$var wire 1 [ counter|counter0|Q~1_combout $end
$var wire 1 \ counter|counter0|Q~2_combout $end
$var wire 1 ] counter|counter0|Q~3_combout $end
$var wire 1 ^ counter|counter0|Equal0~combout $end
$var wire 1 _ counter|counter1|Q~0_combout $end
$var wire 1 ` counter|counter1|Q~1_combout $end
$var wire 1 a counter|counter1|Q~2_combout $end
$var wire 1 b counter|counter1|Q~3_combout $end
$var wire 1 c counter|counter1|Equal0~combout $end
$var wire 1 d counter|counter2|Q[0]~3_combout $end
$var wire 1 e counter|counter2|Q[2]~1_combout $end
$var wire 1 f counter|counter2|Q~2_combout $end
$var wire 1 g counter|counter2|Q~0_combout $end
$var wire 1 h dec2|WideOr6~0_combout $end
$var wire 1 i dec2|WideOr5~0_combout $end
$var wire 1 j dec2|WideOr4~0_combout $end
$var wire 1 k dec2|WideOr3~0_combout $end
$var wire 1 l dec2|WideOr2~0_combout $end
$var wire 1 m dec2|WideOr1~0_combout $end
$var wire 1 n dec2|WideOr0~0_combout $end
$var wire 1 o dec1|WideOr6~0_combout $end
$var wire 1 p dec1|WideOr5~0_combout $end
$var wire 1 q dec1|WideOr4~0_combout $end
$var wire 1 r dec1|WideOr3~0_combout $end
$var wire 1 s dec1|WideOr2~0_combout $end
$var wire 1 t dec1|WideOr1~0_combout $end
$var wire 1 u dec1|WideOr0~0_combout $end
$var wire 1 v dec0|WideOr6~0_combout $end
$var wire 1 w dec0|WideOr5~0_combout $end
$var wire 1 x dec0|WideOr4~0_combout $end
$var wire 1 y dec0|WideOr3~0_combout $end
$var wire 1 z dec0|WideOr2~0_combout $end
$var wire 1 { dec0|WideOr1~0_combout $end
$var wire 1 | dec0|WideOr0~0_combout $end
$var wire 1 } counter|max~combout $end
$var wire 1 ~ counter|delay|counter|Q [1] $end
$var wire 1 !! counter|delay|counter|Q [0] $end
$var wire 1 "! counter|counter2|Q [3] $end
$var wire 1 #! counter|counter2|Q [2] $end
$var wire 1 $! counter|counter2|Q [1] $end
$var wire 1 %! counter|counter2|Q [0] $end
$var wire 1 &! bcd [11] $end
$var wire 1 '! bcd [10] $end
$var wire 1 (! bcd [9] $end
$var wire 1 )! bcd [8] $end
$var wire 1 *! bcd [7] $end
$var wire 1 +! bcd [6] $end
$var wire 1 ,! bcd [5] $end
$var wire 1 -! bcd [4] $end
$var wire 1 .! bcd [3] $end
$var wire 1 /! bcd [2] $end
$var wire 1 0! bcd [1] $end
$var wire 1 1! bcd [0] $end
$var wire 1 2! counter|counter1|Q [3] $end
$var wire 1 3! counter|counter1|Q [2] $end
$var wire 1 4! counter|counter1|Q [1] $end
$var wire 1 5! counter|counter1|Q [0] $end
$var wire 1 6! counter|counter0|Q [3] $end
$var wire 1 7! counter|counter0|Q [2] $end
$var wire 1 8! counter|counter0|Q [1] $end
$var wire 1 9! counter|counter0|Q [0] $end
$upscope $end
$upscope $end
$enddefinitions $end
#0
$dumpvars
0!
b0 "
0)
0(
0'
0&
0%
0$
1#
00
0/
0.
0-
0,
0+
1*
07
06
05
04
03
02
11
08
09
1:
x;
1<
1=
1>
0?
0@
0A
0B
0C
0D
1E
0F
0G
0H
0I
0J
0K
1L
0M
0N
0O
0P
0Q
0R
1S
0T
0U
1V
0W
1X
1Y
0Z
0[
0\
0]
1^
1_
0`
0a
0b
1c
1d
0e
0f
0g
0h
0i
0j
0k
0l
0m
0n
0o
0p
0q
0r
0s
0t
0u
0v
0w
0x
0y
0z
0{
0|
0}
0!!
0~
0%!
0$!
0#!
0"!
01!
00!
0/!
0.!
0-!
0,!
0+!
0*!
0)!
0(!
0'!
0&!
05!
04!
03!
02!
09!
08!
07!
06!
$end
#1000
1!
b1 "
1Z
1U
1!!
1W
0V
#2000
0!
0U
#3000
1!
1U
1~
0!!
0X
1V
0W
0V
#4000
0!
0U
#5000
1!
1U
0~
1X
1V
19!
11!
1[
0Y
1{
1z
1y
1v
1M
1P
1Q
1R
1$
1%
1&
1)
#6000
0!
0U
#7000
1!
1U
1!!
1W
0V
#8000
0!
0U
#9000
1!
1U
1~
0!!
0X
1V
0W
0V
#10000
0!
0U
#11000
1!
1U
0~
1X
1V
18!
09!
01!
10!
1Y
1|
0z
0y
1x
0v
0M
1O
0P
0Q
0S
0#
0%
0&
1'
0)
#12000
0!
0U
#13000
1!
1U
1!!
1W
0V
#14000
0!
0U
#15000
1!
1U
1~
0!!
0X
1V
0W
0V
#16000
0!
0U
#17000
1!
1U
0~
1X
1V
19!
11!
1\
0[
0Y
1z
0x
0O
1Q
1%
0'
#18000
0!
0U
#19000
1!
1U
1!!
1W
0V
#20000
0!
0U
#21000
1!
1U
1~
0!!
0X
1V
0W
0V
#22000
0!
0U
#23000
1!
1U
0~
1X
1V
17!
08!
09!
01!
00!
1/!
1Y
0{
1y
1v
1M
1P
0R
0$
1&
1)
#24000
0!
0U
#25000
1!
1U
1!!
1W
0V
#26000
0!
0U
#27000
1!
1U
1~
0!!
0X
1V
0W
0V
#28000
0!
0U
#29000
1!
1U
0~
1X
1V
19!
11!
1[
0Y
0y
1w
0v
0M
1N
0P
0&
1(
0)
#30000
0!
0U
#31000
1!
1U
1!!
1W
0V
#32000
0!
0U
#33000
1!
1U
1~
0!!
0X
1V
0W
0V
#34000
0!
0U
#35000
1!
1U
0~
1X
1V
18!
09!
01!
10!
1Y
0z
0Q
0%
#36000
0!
0U
#37000
1!
1U
1!!
1W
0V
#38000
0!
0U
#39000
1!
1U
1~
0!!
0X
1V
0W
0V
#40000
0!
0U
#41000
1!
1U
0~
1X
1V
19!
11!
1]
0\
0[
0Y
0|
1{
1z
1y
0w
0N
1P
1Q
1R
1S
1#
1$
1%
1&
0(
#42000
0!
0U
#43000
1!
1U
1!!
1W
0V
#44000
0!
0U
#45000
1!
1U
1~
0!!
0X
1V
0W
0V
#46000
0!
0U
#47000
1!
1U
0~
1X
1V
16!
07!
08!
09!
01!
00!
0/!
1.!
1Y
1|
0{
0z
0y
0P
0Q
0R
0S
0#
0$
0%
0&
#48000
0!
0U
#49000
1!
1U
1!!
1W
0V
#50000
0!
0U
#51000
1!
1U
1~
0!!
0X
1V
0W
0V
#52000
0!
0U
#53000
1!
1U
0~
1X
1V
19!
11!
0^
1[
0Y
1z
0]
0[
1Q
1%
#54000
0!
0U
#55000
1!
1U
1!!
1W
0V
#56000
0!
0U
#57000
1!
1U
1~
0!!
0X
1V
0W
0V
#58000
0!
0U
#59000
1!
1U
0~
1X
1V
06!
09!
01!
0.!
1^
0|
0z
1Y
0Q
1S
1#
0%
15!
1-!
1`
0_
1t
1s
1r
1o
1F
1I
1J
1K
1+
1,
1-
10
#60000
0!
0U
#61000
1!
1U
1!!
1W
0V
#62000
0!
0U
#63000
1!
1U
1~
0!!
0X
1V
0W
0V
#64000
0!
0U
#65000
1!
1U
0~
1X
1V
19!
11!
1[
0Y
1{
1z
1y
1v
1M
1P
1Q
1R
1$
1%
1&
1)
#66000
0!
0U
#67000
1!
1U
1!!
1W
0V
#68000
0!
0U
#69000
1!
1U
1~
0!!
0X
1V
0W
0V
#70000
0!
0U
#71000
1!
1U
0~
1X
1V
18!
09!
01!
10!
1Y
1|
0z
0y
1x
0v
0M
1O
0P
0Q
0S
0#
0%
0&
1'
0)
#72000
0!
0U
#73000
1!
1U
1!!
1W
0V
#74000
0!
0U
#75000
1!
1U
1~
0!!
0X
1V
0W
0V
#76000
0!
0U
#77000
1!
1U
0~
1X
1V
19!
11!
1\
0[
0Y
1z
0x
0O
1Q
1%
0'
#78000
0!
0U
#79000
1!
1U
1!!
1W
0V
#80000
0!
0U
#81000
1!
1U
1~
0!!
0X
1V
0W
0V
#82000
0!
0U
#83000
1!
1U
0~
1X
1V
17!
08!
09!
01!
00!
1/!
1Y
0{
1y
1v
1M
1P
0R
0$
1&
1)
#84000
0!
0U
#85000
1!
1U
1!!
1W
0V
#86000
0!
0U
#87000
1!
1U
1~
0!!
0X
1V
0W
0V
#88000
0!
0U
#89000
1!
1U
0~
1X
1V
19!
11!
1[
0Y
0y
1w
0v
0M
1N
0P
0&
1(
0)
#90000
0!
0U
#91000
1!
1U
1!!
1W
0V
#92000
0!
0U
#93000
1!
1U
1~
0!!
0X
1V
0W
0V
#94000
0!
0U
#95000
1!
1U
0~
1X
1V
18!
09!
01!
10!
1Y
0z
0Q
0%
#96000
0!
0U
#97000
1!
1U
1!!
1W
0V
#98000
0!
0U
#99000
1!
1U
1~
0!!
0X
1V
0W
0V
#100000
0!
0U
#101000
1!
1U
0~
1X
1V
19!
11!
1]
0\
0[
0Y
0|
1{
1z
1y
0w
0N
1P
1Q
1R
1S
1#
1$
1%
1&
0(
#102000
0!
0U
#103000
1!
1U
1!!
1W
0V
#104000
0!
0U
#105000
1!
1U
1~
0!!
0X
1V
0W
0V
#106000
0!
0U
#107000
1!
1U
0~
1X
1V
16!
07!
08!
09!
01!
00!
0/!
1.!
1Y
1|
0{
0z
0y
0P
0Q
0R
0S
0#
0$
0%
0&
#108000
0!
0U
#109000
1!
1U
1!!
1W
0V
#110000
0!
0U
#111000
1!
1U
1~
0!!
0X
1V
0W
0V
#112000
0!
0U
#113000
1!
1U
0~
1X
1V
19!
11!
0^
1[
0Y
1z
0]
0[
1Q
1%
#114000
0!
0U
#115000
1!
1U
1!!
1W
0V
#116000
0!
0U
#117000
1!
1U
1~
0!!
0X
1V
0W
0V
#118000
0!
0U
#119000
1!
1U
0~
1X
1V
06!
09!
01!
0.!
1^
0|
0z
1Y
0Q
1S
1#
0%
14!
05!
0-!
1,!
1_
1u
0s
0r
1q
0o
0F
1H
0I
0J
0L
0*
0,
0-
1.
00
#120000
0!
0U
#121000
1!
1U
1!!
1W
0V
#122000
0!
0U
#123000
1!
1U
1~
0!!
0X
1V
0W
0V
#124000
0!
0U
#125000
1!
1U
0~
1X
1V
19!
11!
1[
0Y
1{
1z
1y
1v
1M
1P
1Q
1R
1$
1%
1&
1)
#126000
0!
0U
#127000
1!
1U
1!!
1W
0V
#128000
0!
0U
#129000
1!
1U
1~
0!!
0X
1V
0W
0V
#130000
0!
0U
#131000
1!
1U
0~
1X
1V
18!
09!
01!
10!
1Y
1|
0z
0y
1x
0v
0M
1O
0P
0Q
0S
0#
0%
0&
1'
0)
#132000
0!
0U
#133000
1!
1U
1!!
1W
0V
#134000
0!
0U
#135000
1!
1U
1~
0!!
0X
1V
0W
0V
#136000
0!
0U
#137000
1!
1U
0~
1X
1V
19!
11!
1\
0[
0Y
1z
0x
0O
1Q
1%
0'
#138000
0!
0U
#139000
1!
1U
1!!
1W
0V
#140000
0!
0U
#141000
1!
1U
1~
0!!
0X
1V
0W
0V
#142000
0!
0U
#143000
1!
1U
0~
1X
1V
17!
08!
09!
01!
00!
1/!
1Y
0{
1y
1v
1M
1P
0R
0$
1&
1)
#144000
0!
0U
#145000
1!
1U
1!!
1W
0V
#146000
0!
0U
#147000
1!
1U
1~
0!!
0X
1V
0W
0V
#148000
0!
0U
#149000
1!
1U
0~
1X
1V
19!
11!
1[
0Y
0y
1w
0v
0M
1N
0P
0&
1(
0)
#150000
0!
0U
#151000
1!
1U
1!!
1W
0V
#152000
0!
0U
#153000
1!
1U
1~
0!!
0X
1V
0W
0V
#154000
0!
0U
#155000
1!
1U
0~
1X
1V
18!
09!
01!
10!
1Y
0z
0Q
0%
#156000
0!
0U
#157000
1!
1U
1!!
1W
0V
#158000
0!
0U
#159000
1!
1U
1~
0!!
0X
1V
0W
0V
#160000
0!
0U
#161000
1!
1U
0~
1X
1V
19!
11!
1]
0\
0[
0Y
0|
1{
1z
1y
0w
0N
1P
1Q
1R
1S
1#
1$
1%
1&
0(
#162000
0!
0U
#163000
1!
1U
1!!
1W
0V
#164000
0!
0U
#165000
1!
1U
1~
0!!
0X
1V
0W
0V
#166000
0!
0U
#167000
1!
1U
0~
1X
1V
16!
07!
08!
09!
01!
00!
0/!
1.!
1Y
1|
0{
0z
0y
0P
0Q
0R
0S
0#
0$
0%
0&
#168000
0!
0U
#169000
1!
1U
1!!
1W
0V
#170000
0!
0U
#171000
1!
1U
1~
0!!
0X
1V
0W
0V
#172000
0!
0U
#173000
1!
1U
0~
1X
1V
19!
11!
0^
1[
0Y
1z
0]
0[
1Q
1%
#174000
0!
0U
#175000
1!
1U
1!!
1W
0V
#176000
0!
0U
#177000
1!
1U
1~
0!!
0X
1V
0W
0V
#178000
0!
0U
#179000
1!
1U
0~
1X
1V
06!
09!
01!
0.!
1^
0|
0z
1Y
0Q
1S
1#
0%
15!
1-!
1a
0`
0_
1s
0q
0H
1J
1,
0.
#180000
0!
0U
#181000
1!
1U
1!!
1W
0V
#182000
0!
0U
#183000
1!
1U
1~
0!!
0X
1V
0W
0V
#184000
0!
0U
#185000
1!
1U
0~
1X
1V
19!
11!
1[
0Y
1{
1z
1y
1v
1M
1P
1Q
1R
1$
1%
1&
1)
#186000
0!
0U
#187000
1!
1U
1!!
1W
0V
#188000
0!
0U
#189000
1!
1U
1~
0!!
0X
1V
0W
0V
#190000
0!
0U
#191000
1!
1U
0~
1X
1V
18!
09!
01!
10!
1Y
1|
0z
0y
1x
0v
0M
1O
0P
0Q
0S
0#
0%
0&
1'
0)
#192000
0!
0U
#193000
1!
1U
1!!
1W
0V
#194000
0!
0U
#195000
1!
1U
1~
0!!
0X
1V
0W
0V
#196000
0!
0U
#197000
1!
1U
0~
1X
1V
19!
11!
1\
0[
0Y
1z
0x
0O
1Q
1%
0'
#198000
0!
0U
#199000
1!
1U
1!!
1W
0V
#200000
0!
0U
#201000
1!
1U
1~
0!!
0X
1V
0W
0V
#202000
0!
0U
#203000
1!
1U
0~
1X
1V
17!
08!
09!
01!
00!
1/!
1Y
0{
1y
1v
1M
1P
0R
0$
1&
1)
#204000
0!
0U
#205000
1!
1U
1!!
1W
0V
#206000
0!
0U
#207000
1!
1U
1~
0!!
0X
1V
0W
0V
#208000
0!
0U
#209000
1!
1U
0~
1X
1V
19!
11!
1[
0Y
0y
1w
0v
0M
1N
0P
0&
1(
0)
#210000
0!
0U
#211000
1!
1U
1!!
1W
0V
#212000
0!
0U
#213000
1!
1U
1~
0!!
0X
1V
0W
0V
#214000
0!
0U
#215000
1!
1U
0~
1X
1V
18!
09!
01!
10!
1Y
0z
0Q
0%
#216000
0!
0U
#217000
1!
1U
1!!
1W
0V
#218000
0!
0U
#219000
1!
1U
1~
0!!
0X
1V
0W
0V
#220000
0!
0U
#221000
1!
1U
0~
1X
1V
19!
11!
1]
0\
0[
0Y
0|
1{
1z
1y
0w
0N
1P
1Q
1R
1S
1#
1$
1%
1&
0(
#222000
0!
0U
#223000
1!
1U
1!!
1W
0V
#224000
0!
0U
#225000
1!
1U
1~
0!!
0X
1V
0W
0V
#226000
0!
0U
#227000
1!
1U
0~
1X
1V
16!
07!
08!
09!
01!
00!
0/!
1.!
1Y
1|
0{
0z
0y
0P
0Q
0R
0S
0#
0$
0%
0&
#228000
0!
0U
#229000
1!
1U
1!!
1W
0V
#230000
0!
0U
#231000
1!
1U
1~
0!!
0X
1V
0W
0V
#232000
0!
0U
#233000
1!
1U
0~
1X
1V
19!
11!
0^
1[
0Y
1z
0]
0[
1Q
1%
#234000
0!
0U
#235000
1!
1U
1!!
1W
0V
#236000
0!
0U
#237000
1!
1U
1~
0!!
0X
1V
0W
0V
#238000
0!
0U
#239000
1!
1U
0~
1X
1V
06!
09!
01!
0.!
1^
0|
0z
1Y
0Q
1S
1#
0%
13!
04!
05!
0-!
0,!
1+!
1_
0t
1r
1o
1F
1I
0K
0+
1-
10
#240000
0!
0U
#241000
1!
1U
1!!
1W
0V
#242000
0!
0U
#243000
1!
1U
1~
0!!
0X
1V
0W
0V
#244000
0!
0U
#245000
1!
1U
0~
1X
1V
19!
11!
1[
0Y
1{
1z
1y
1v
1M
1P
1Q
1R
1$
1%
1&
1)
#246000
0!
0U
#247000
1!
1U
1!!
1W
0V
#248000
0!
0U
#249000
1!
1U
1~
0!!
0X
1V
0W
0V
#250000
0!
0U
#251000
1!
1U
0~
1X
1V
18!
09!
01!
10!
1Y
1|
0z
0y
1x
0v
0M
1O
0P
0Q
0S
0#
0%
0&
1'
0)
#252000
0!
0U
#253000
1!
1U
1!!
1W
0V
#254000
0!
0U
#255000
1!
1U
1~
0!!
0X
1V
0W
0V
#256000
0!
0U
#257000
1!
1U
0~
1X
1V
19!
11!
1\
0[
0Y
1z
0x
0O
1Q
1%
0'
#258000
0!
0U
#259000
1!
1U
1!!
1W
0V
#260000
0!
0U
#261000
1!
1U
1~
0!!
0X
1V
0W
0V
#262000
0!
0U
#263000
1!
1U
0~
1X
1V
17!
08!
09!
01!
00!
1/!
1Y
0{
1y
1v
1M
1P
0R
0$
1&
1)
#264000
0!
0U
#265000
1!
1U
1!!
1W
0V
#266000
0!
0U
#267000
1!
1U
1~
0!!
0X
1V
0W
0V
#268000
0!
0U
#269000
1!
1U
0~
1X
1V
19!
11!
1[
0Y
0y
1w
0v
0M
1N
0P
0&
1(
0)
#270000
0!
0U
#271000
1!
1U
1!!
1W
0V
#272000
0!
0U
#273000
1!
1U
1~
0!!
0X
1V
0W
0V
#274000
0!
0U
#275000
1!
1U
0~
1X
1V
18!
09!
01!
10!
1Y
0z
0Q
0%
#276000
0!
0U
#277000
1!
1U
1!!
1W
0V
#278000
0!
0U
#279000
1!
1U
1~
0!!
0X
1V
0W
0V
#280000
0!
0U
#281000
1!
1U
0~
1X
1V
19!
11!
1]
0\
0[
0Y
0|
1{
1z
1y
0w
0N
1P
1Q
1R
1S
1#
1$
1%
1&
0(
#282000
0!
0U
#283000
1!
1U
1!!
1W
0V
#284000
0!
0U
#285000
1!
1U
1~
0!!
0X
1V
0W
0V
#286000
0!
0U
#287000
1!
1U
0~
1X
1V
16!
07!
08!
09!
01!
00!
0/!
1.!
1Y
1|
0{
0z
0y
0P
0Q
0R
0S
0#
0$
0%
0&
#288000
0!
0U
#289000
1!
1U
1!!
1W
0V
#290000
0!
0U
#291000
1!
1U
1~
0!!
0X
1V
0W
0V
#292000
0!
0U
#293000
1!
1U
0~
1X
1V
19!
11!
0^
1[
0Y
1z
0]
0[
1Q
1%
#294000
0!
0U
#295000
1!
1U
1!!
1W
0V
#296000
0!
0U
#297000
1!
1U
1~
0!!
0X
1V
0W
0V
#298000
0!
0U
#299000
1!
1U
0~
1X
1V
06!
09!
01!
0.!
1^
0|
0z
1Y
0Q
1S
1#
0%
15!
1-!
1`
0_
0r
1p
0o
0F
1G
0I
0-
1/
00
#300000
0!
0U
#301000
1!
1U
1!!
1W
0V
#302000
0!
0U
#303000
1!
1U
1~
0!!
0X
1V
0W
0V
#304000
0!
0U
#305000
1!
1U
0~
1X
1V
19!
11!
1[
0Y
1{
1z
1y
1v
1M
1P
1Q
1R
1$
1%
1&
1)
#306000
0!
0U
#307000
1!
1U
1!!
1W
0V
#308000
0!
0U
#309000
1!
1U
1~
0!!
0X
1V
0W
0V
#310000
0!
0U
#311000
1!
1U
0~
1X
1V
18!
09!
01!
10!
1Y
1|
0z
0y
1x
0v
0M
1O
0P
0Q
0S
0#
0%
0&
1'
0)
#312000
0!
0U
#313000
1!
1U
1!!
1W
0V
#314000
0!
0U
#315000
1!
1U
1~
0!!
0X
1V
0W
0V
#316000
0!
0U
#317000
1!
1U
0~
1X
1V
19!
11!
1\
0[
0Y
1z
0x
0O
1Q
1%
0'
#318000
0!
0U
#319000
1!
1U
1!!
1W
0V
#320000
0!
0U
#321000
1!
1U
1~
0!!
0X
1V
0W
0V
#322000
0!
0U
#323000
1!
1U
0~
1X
1V
17!
08!
09!
01!
00!
1/!
1Y
0{
1y
1v
1M
1P
0R
0$
1&
1)
#324000
0!
0U
#325000
1!
1U
1!!
1W
0V
#326000
0!
0U
#327000
1!
1U
1~
0!!
0X
1V
0W
0V
#328000
0!
0U
#329000
1!
1U
0~
1X
1V
19!
11!
1[
0Y
0y
1w
0v
0M
1N
0P
0&
1(
0)
#330000
0!
0U
#331000
1!
1U
1!!
1W
0V
#332000
0!
0U
#333000
1!
1U
1~
0!!
0X
1V
0W
0V
#334000
0!
0U
#335000
1!
1U
0~
1X
1V
18!
09!
01!
10!
1Y
0z
0Q
0%
#336000
0!
0U
#337000
1!
1U
1!!
1W
0V
#338000
0!
0U
#339000
1!
1U
1~
0!!
0X
1V
0W
0V
#340000
0!
0U
#341000
1!
1U
0~
1X
1V
19!
11!
1]
0\
0[
0Y
0|
1{
1z
1y
0w
0N
1P
1Q
1R
1S
1#
1$
1%
1&
0(
#342000
0!
0U
#343000
1!
1U
1!!
1W
0V
#344000
0!
0U
#345000
1!
1U
1~
0!!
0X
1V
0W
0V
#346000
0!
0U
#347000
1!
1U
0~
1X
1V
16!
07!
08!
09!
01!
00!
0/!
1.!
1Y
1|
0{
0z
0y
0P
0Q
0R
0S
0#
0$
0%
0&
#348000
0!
0U
#349000
1!
1U
1!!
1W
0V
#350000
0!
0U
#351000
1!
1U
1~
0!!
0X
1V
0W
0V
#352000
0!
0U
#353000
1!
1U
0~
1X
1V
19!
11!
0^
1[
0Y
1z
0]
0[
1Q
1%
#354000
0!
0U
#355000
1!
1U
1!!
1W
0V
#356000
0!
0U
#357000
1!
1U
1~
0!!
0X
1V
0W
0V
#358000
0!
0U
#359000
1!
1U
0~
1X
1V
06!
09!
01!
0.!
1^
0|
0z
1Y
0Q
1S
1#
0%
14!
05!
0-!
1,!
1_
0s
0J
0,
#360000
0!
0U
#361000
1!
1U
1!!
1W
0V
#362000
0!
0U
#363000
1!
1U
1~
0!!
0X
1V
0W
0V
#364000
0!
0U
#365000
1!
1U
0~
1X
1V
19!
11!
1[
0Y
1{
1z
1y
1v
1M
1P
1Q
1R
1$
1%
1&
1)
#366000
0!
0U
#367000
1!
1U
1!!
1W
0V
#368000
0!
0U
#369000
1!
1U
1~
0!!
0X
1V
0W
0V
#370000
0!
0U
#371000
1!
1U
0~
1X
1V
18!
09!
01!
10!
1Y
1|
0z
0y
1x
0v
0M
1O
0P
0Q
0S
0#
0%
0&
1'
0)
#372000
0!
0U
#373000
1!
1U
1!!
1W
0V
#374000
0!
0U
#375000
1!
1U
1~
0!!
0X
1V
0W
0V
#376000
0!
0U
#377000
1!
1U
0~
1X
1V
19!
11!
1\
0[
0Y
1z
0x
0O
1Q
1%
0'
#378000
0!
0U
#379000
1!
1U
1!!
1W
0V
#380000
0!
0U
#381000
1!
1U
1~
0!!
0X
1V
0W
0V
#382000
0!
0U
#383000
1!
1U
0~
1X
1V
17!
08!
09!
01!
00!
1/!
1Y
0{
1y
1v
1M
1P
0R
0$
1&
1)
#384000
0!
0U
#385000
1!
1U
1!!
1W
0V
#386000
0!
0U
#387000
1!
1U
1~
0!!
0X
1V
0W
0V
#388000
0!
0U
#389000
1!
1U
0~
1X
1V
19!
11!
1[
0Y
0y
1w
0v
0M
1N
0P
0&
1(
0)
#390000
0!
0U
#391000
1!
1U
1!!
1W
0V
#392000
0!
0U
#393000
1!
1U
1~
0!!
0X
1V
0W
0V
#394000
0!
0U
#395000
1!
1U
0~
1X
1V
18!
09!
01!
10!
1Y
0z
0Q
0%
#396000
0!
0U
#397000
1!
1U
1!!
1W
0V
#398000
0!
0U
#399000
1!
1U
1~
0!!
0X
1V
0W
0V
#400000
0!
0U
#401000
1!
1U
0~
1X
1V
19!
11!
1]
0\
0[
0Y
0|
1{
1z
1y
0w
0N
1P
1Q
1R
1S
1#
1$
1%
1&
0(
#402000
0!
0U
#403000
1!
1U
1!!
1W
0V
#404000
0!
0U
#405000
1!
1U
1~
0!!
0X
1V
0W
0V
#406000
0!
0U
#407000
1!
1U
0~
1X
1V
16!
07!
08!
09!
01!
00!
0/!
1.!
1Y
1|
0{
0z
0y
0P
0Q
0R
0S
0#
0$
0%
0&
#408000
0!
0U
#409000
1!
1U
1!!
1W
0V
#410000
0!
0U
#411000
1!
1U
1~
0!!
0X
1V
0W
0V
#412000
0!
0U
#413000
1!
1U
0~
1X
1V
19!
11!
0^
1[
0Y
1z
0]
0[
1Q
1%
#414000
0!
0U
#415000
1!
1U
1!!
1W
0V
#416000
0!
0U
#417000
1!
1U
1~
0!!
0X
1V
0W
0V
#418000
0!
0U
#419000
1!
1U
0~
1X
1V
06!
09!
01!
0.!
1^
0|
0z
1Y
0Q
1S
1#
0%
15!
1-!
1b
0a
0`
0_
0u
1t
1s
1r
0p
0G
1I
1J
1K
1L
1*
1+
1,
1-
0/
#420000
0!
0U
#421000
1!
1U
1!!
1W
0V
#422000
0!
0U
#423000
1!
1U
1~
0!!
0X
1V
0W
0V
#424000
0!
0U
#425000
1!
1U
0~
1X
1V
19!
11!
1[
0Y
1{
1z
1y
1v
1M
1P
1Q
1R
1$
1%
1&
1)
#426000
0!
0U
#427000
1!
1U
1!!
1W
0V
#428000
0!
0U
#429000
1!
1U
1~
0!!
0X
1V
0W
0V
#430000
0!
0U
#431000
1!
1U
0~
1X
1V
18!
09!
01!
10!
1Y
1|
0z
0y
1x
0v
0M
1O
0P
0Q
0S
0#
0%
0&
1'
0)
#432000
0!
0U
#433000
1!
1U
1!!
1W
0V
#434000
0!
0U
#435000
1!
1U
1~
0!!
0X
1V
0W
0V
#436000
0!
0U
#437000
1!
1U
0~
1X
1V
19!
11!
1\
0[
0Y
1z
0x
0O
1Q
1%
0'
#438000
0!
0U
#439000
1!
1U
1!!
1W
0V
#440000
0!
0U
#441000
1!
1U
1~
0!!
0X
1V
0W
0V
#442000
0!
0U
#443000
1!
1U
0~
1X
1V
17!
08!
09!
01!
00!
1/!
1Y
0{
1y
1v
1M
1P
0R
0$
1&
1)
#444000
0!
0U
#445000
1!
1U
1!!
1W
0V
#446000
0!
0U
#447000
1!
1U
1~
0!!
0X
1V
0W
0V
#448000
0!
0U
#449000
1!
1U
0~
1X
1V
19!
11!
1[
0Y
0y
1w
0v
0M
1N
0P
0&
1(
0)
#450000
0!
0U
#451000
1!
1U
1!!
1W
0V
#452000
0!
0U
#453000
1!
1U
1~
0!!
0X
1V
0W
0V
#454000
0!
0U
#455000
1!
1U
0~
1X
1V
18!
09!
01!
10!
1Y
0z
0Q
0%
#456000
0!
0U
#457000
1!
1U
1!!
1W
0V
#458000
0!
0U
#459000
1!
1U
1~
0!!
0X
1V
0W
0V
#460000
0!
0U
#461000
1!
1U
0~
1X
1V
19!
11!
1]
0\
0[
0Y
0|
1{
1z
1y
0w
0N
1P
1Q
1R
1S
1#
1$
1%
1&
0(
#462000
0!
0U
#463000
1!
1U
1!!
1W
0V
#464000
0!
0U
#465000
1!
1U
1~
0!!
0X
1V
0W
0V
#466000
0!
0U
#467000
1!
1U
0~
1X
1V
16!
07!
08!
09!
01!
00!
0/!
1.!
1Y
1|
0{
0z
0y
0P
0Q
0R
0S
0#
0$
0%
0&
#468000
0!
0U
#469000
1!
1U
1!!
1W
0V
#470000
0!
0U
#471000
1!
1U
1~
0!!
0X
1V
0W
0V
#472000
0!
0U
#473000
1!
1U
0~
1X
1V
19!
11!
0^
1[
0Y
1z
0]
0[
1Q
1%
#474000
0!
0U
#475000
1!
1U
1!!
1W
0V
#476000
0!
0U
#477000
1!
1U
1~
0!!
0X
1V
0W
0V
#478000
0!
0U
#479000
1!
1U
0~
1X
1V
06!
09!
01!
0.!
1^
0|
0z
1Y
0Q
1S
1#
0%
12!
03!
04!
05!
0-!
0,!
0+!
1*!
1_
1u
0t
0s
0r
0I
0J
0K
0L
0*
0+
0,
0-
#480000
0!
0U
#481000
1!
1U
1!!
1W
0V
#482000
0!
0U
#483000
1!
1U
1~
0!!
0X
1V
0W
0V
#484000
0!
0U
#485000
1!
1U
0~
1X
1V
19!
11!
1[
0Y
1{
1z
1y
1v
1M
1P
1Q
1R
1$
1%
1&
1)
#486000
0!
0U
#487000
1!
1U
1!!
1W
0V
#488000
0!
0U
#489000
1!
1U
1~
0!!
0X
1V
0W
0V
#490000
0!
0U
#491000
1!
1U
0~
1X
1V
18!
09!
01!
10!
1Y
1|
0z
0y
1x
0v
0M
1O
0P
0Q
0S
0#
0%
0&
1'
0)
#492000
0!
0U
#493000
1!
1U
1!!
1W
0V
#494000
0!
0U
#495000
1!
1U
1~
0!!
0X
1V
0W
0V
#496000
0!
0U
#497000
1!
1U
0~
1X
1V
19!
11!
1\
0[
0Y
1z
0x
0O
1Q
1%
0'
#498000
0!
0U
#499000
1!
1U
1!!
1W
0V
#500000
0!
0U
#501000
1!
1U
1~
0!!
0X
1V
0W
0V
#502000
0!
0U
#503000
1!
1U
0~
1X
1V
17!
08!
09!
01!
00!
1/!
1Y
0{
1y
1v
1M
1P
0R
0$
1&
1)
#504000
0!
0U
#505000
1!
1U
1!!
1W
0V
#506000
0!
0U
#507000
1!
1U
1~
0!!
0X
1V
0W
0V
#508000
0!
0U
#509000
1!
1U
0~
1X
1V
19!
11!
1[
0Y
0y
1w
0v
0M
1N
0P
0&
1(
0)
#510000
0!
0U
#511000
1!
1U
1!!
1W
0V
#512000
0!
0U
#513000
1!
1U
1~
0!!
0X
1V
0W
0V
#514000
0!
0U
#515000
1!
1U
0~
1X
1V
18!
09!
01!
10!
1Y
0z
0Q
0%
#516000
0!
0U
#517000
1!
1U
1!!
1W
0V
#518000
0!
0U
#519000
1!
1U
1~
0!!
0X
1V
0W
0V
#520000
0!
0U
#521000
1!
1U
0~
1X
1V
19!
11!
1]
0\
0[
0Y
0|
1{
1z
1y
0w
0N
1P
1Q
1R
1S
1#
1$
1%
1&
0(
#522000
0!
0U
#523000
1!
1U
1!!
1W
0V
#524000
0!
0U
#525000
1!
1U
1~
0!!
0X
1V
0W
0V
#526000
0!
0U
#527000
1!
1U
0~
1X
1V
16!
07!
08!
09!
01!
00!
0/!
1.!
1Y
1|
0{
0z
0y
0P
0Q
0R
0S
0#
0$
0%
0&
#528000
0!
0U
#529000
1!
1U
1!!
1W
0V
#530000
0!
0U
#531000
1!
1U
1~
0!!
0X
1V
0W
0V
#532000
0!
0U
#533000
1!
1U
0~
1X
1V
19!
11!
0^
1[
0Y
1z
0]
0[
1Q
1%
#534000
0!
0U
#535000
1!
1U
1!!
1W
0V
#536000
0!
0U
#537000
1!
1U
1~
0!!
0X
1V
0W
0V
#538000
0!
0U
#539000
1!
1U
0~
1X
1V
06!
09!
01!
0.!
1^
0|
0z
1Y
0Q
1S
1#
0%
15!
1-!
0c
1`
0_
1s
0b
0`
1J
1,
#540000
0!
0U
#541000
1!
1U
1!!
1W
0V
#542000
0!
0U
#543000
1!
1U
1~
0!!
0X
1V
0W
0V
#544000
0!
0U
#545000
1!
1U
0~
1X
1V
19!
11!
1[
0Y
1{
1z
1y
1v
1M
1P
1Q
1R
1$
1%
1&
1)
#546000
0!
0U
#547000
1!
1U
1!!
1W
0V
#548000
0!
0U
#549000
1!
1U
1~
0!!
0X
1V
0W
0V
#550000
0!
0U
#551000
1!
1U
0~
1X
1V
18!
09!
01!
10!
1Y
1|
0z
0y
1x
0v
0M
1O
0P
0Q
0S
0#
0%
0&
1'
0)
#552000
0!
0U
#553000
1!
1U
1!!
1W
0V
#554000
0!
0U
#555000
1!
1U
1~
0!!
0X
1V
0W
0V
#556000
0!
0U
#557000
1!
1U
0~
1X
1V
19!
11!
1\
0[
0Y
1z
0x
0O
1Q
1%
0'
#558000
0!
0U
#559000
1!
1U
1!!
1W
0V
#560000
0!
0U
#561000
1!
1U
1~
0!!
0X
1V
0W
0V
#562000
0!
0U
#563000
1!
1U
0~
1X
1V
17!
08!
09!
01!
00!
1/!
1Y
0{
1y
1v
1M
1P
0R
0$
1&
1)
#564000
0!
0U
#565000
1!
1U
1!!
1W
0V
#566000
0!
0U
#567000
1!
1U
1~
0!!
0X
1V
0W
0V
#568000
0!
0U
#569000
1!
1U
0~
1X
1V
19!
11!
1[
0Y
0y
1w
0v
0M
1N
0P
0&
1(
0)
#570000
0!
0U
#571000
1!
1U
1!!
1W
0V
#572000
0!
0U
#573000
1!
1U
1~
0!!
0X
1V
0W
0V
#574000
0!
0U
#575000
1!
1U
0~
1X
1V
18!
09!
01!
10!
1Y
0z
0Q
0%
#576000
0!
0U
#577000
1!
1U
1!!
1W
0V
#578000
0!
0U
#579000
1!
1U
1~
0!!
0X
1V
0W
0V
#580000
0!
0U
#581000
1!
1U
0~
1X
1V
19!
11!
1]
0\
0[
0Y
0|
1{
1z
1y
0w
0N
1P
1Q
1R
1S
1#
1$
1%
1&
0(
#582000
0!
0U
#583000
1!
1U
1!!
1W
0V
#584000
0!
0U
#585000
1!
1U
1~
0!!
0X
1V
0W
0V
#586000
0!
0U
#587000
1!
1U
0~
1X
1V
16!
07!
08!
09!
01!
00!
0/!
1.!
1Y
1|
0{
0z
0y
0P
0Q
0R
0S
0#
0$
0%
0&
#588000
0!
0U
#589000
1!
1U
1!!
1W
0V
#590000
0!
0U
#591000
1!
1U
1~
0!!
0X
1V
0W
0V
#592000
0!
0U
#593000
1!
1U
0~
1X
1V
19!
11!
0^
1[
0Y
1z
0]
0[
1Q
1%
#594000
0!
0U
#595000
1!
1U
1!!
1W
0V
#596000
0!
0U
#597000
1!
1U
1~
0!!
0X
1V
0W
0V
#598000
0!
0U
#599000
1!
1U
0~
1X
1V
06!
09!
01!
0.!
1^
0|
0z
1Y
0Q
1S
1#
0%
02!
05!
0-!
0*!
1c
0u
0s
1_
0J
1L
1*
0,
1%!
1)!
1g
0d
1m
1l
1k
1h
1?
1B
1C
1D
12
13
14
17
#600000
0!
0U
#601000
1!
1U
1!!
1W
0V
#602000
0!
0U
#603000
1!
1U
1~
0!!
0X
1V
0W
0V
#604000
0!
0U
#605000
1!
1U
0~
1X
1V
19!
11!
1[
0Y
1{
1z
1y
1v
1M
1P
1Q
1R
1$
1%
1&
1)
#606000
0!
0U
#607000
1!
1U
1!!
1W
0V
#608000
0!
0U
#609000
1!
1U
1~
0!!
0X
1V
0W
0V
#610000
0!
0U
#611000
1!
1U
0~
1X
1V
18!
09!
01!
10!
1Y
1|
0z
0y
1x
0v
0M
1O
0P
0Q
0S
0#
0%
0&
1'
0)
#612000
0!
0U
#613000
1!
1U
1!!
1W
0V
#614000
0!
0U
#615000
1!
1U
1~
0!!
0X
1V
0W
0V
#616000
0!
0U
#617000
1!
1U
0~
1X
1V
19!
11!
1\
0[
0Y
1z
0x
0O
1Q
1%
0'
#618000
0!
0U
#619000
1!
1U
1!!
1W
0V
#620000
0!
0U
#621000
1!
1U
1~
0!!
0X
1V
0W
0V
#622000
0!
0U
#623000
1!
1U
0~
1X
1V
17!
08!
09!
01!
00!
1/!
1Y
0{
1y
1v
1M
1P
0R
0$
1&
1)
#624000
0!
0U
#625000
1!
1U
1!!
1W
0V
#626000
0!
0U
#627000
1!
1U
1~
0!!
0X
1V
0W
0V
#628000
0!
0U
#629000
1!
1U
0~
1X
1V
19!
11!
1[
0Y
0y
1w
0v
0M
1N
0P
0&
1(
0)
#630000
0!
0U
#631000
1!
1U
1!!
1W
0V
#632000
0!
0U
#633000
1!
1U
1~
0!!
0X
1V
0W
0V
#634000
0!
0U
#635000
1!
1U
0~
1X
1V
18!
09!
01!
10!
1Y
0z
0Q
0%
#636000
0!
0U
#637000
1!
1U
1!!
1W
0V
#638000
0!
0U
#639000
1!
1U
1~
0!!
0X
1V
0W
0V
#640000
0!
0U
#641000
1!
1U
0~
1X
1V
19!
11!
1]
0\
0[
0Y
0|
1{
1z
1y
0w
0N
1P
1Q
1R
1S
1#
1$
1%
1&
0(
#642000
0!
0U
#643000
1!
1U
1!!
1W
0V
#644000
0!
0U
#645000
1!
1U
1~
0!!
0X
1V
0W
0V
#646000
0!
0U
#647000
1!
1U
0~
1X
1V
16!
07!
08!
09!
01!
00!
0/!
1.!
1Y
1|
0{
0z
0y
0P
0Q
0R
0S
0#
0$
0%
0&
#648000
0!
0U
#649000
1!
1U
1!!
1W
0V
#650000
0!
0U
#651000
1!
1U
1~
0!!
0X
1V
0W
0V
#652000
0!
0U
#653000
1!
1U
0~
1X
1V
19!
11!
0^
1[
0Y
1z
0]
0[
1Q
1%
#654000
0!
0U
#655000
1!
1U
1!!
1W
0V
#656000
0!
0U
#657000
1!
1U
1~
0!!
0X
1V
0W
0V
#658000
0!
0U
#659000
1!
1U
0~
1X
1V
06!
09!
01!
0.!
1^
0|
0z
1Y
0Q
1S
1#
0%
15!
1-!
1`
0_
1t
1s
1r
1o
1F
1I
1J
1K
1+
1,
1-
10
#660000
0!
0U
#661000
1!
1U
1!!
1W
0V
#662000
0!
0U
#663000
1!
1U
1~
0!!
0X
1V
0W
0V
#664000
0!
0U
#665000
1!
1U
0~
1X
1V
19!
11!
1[
0Y
1{
1z
1y
1v
1M
1P
1Q
1R
1$
1%
1&
1)
#666000
0!
0U
#667000
1!
1U
1!!
1W
0V
#668000
0!
0U
#669000
1!
1U
1~
0!!
0X
1V
0W
0V
#670000
0!
0U
#671000
1!
1U
0~
1X
1V
18!
09!
01!
10!
1Y
1|
0z
0y
1x
0v
0M
1O
0P
0Q
0S
0#
0%
0&
1'
0)
#672000
0!
0U
#673000
1!
1U
1!!
1W
0V
#674000
0!
0U
#675000
1!
1U
1~
0!!
0X
1V
0W
0V
#676000
0!
0U
#677000
1!
1U
0~
1X
1V
19!
11!
1\
0[
0Y
1z
0x
0O
1Q
1%
0'
#678000
0!
0U
#679000
1!
1U
1!!
1W
0V
#680000
0!
0U
#681000
1!
1U
1~
0!!
0X
1V
0W
0V
#682000
0!
0U
#683000
1!
1U
0~
1X
1V
17!
08!
09!
01!
00!
1/!
1Y
0{
1y
1v
1M
1P
0R
0$
1&
1)
#684000
0!
0U
#685000
1!
1U
1!!
1W
0V
#686000
0!
0U
#687000
1!
1U
1~
0!!
0X
1V
0W
0V
#688000
0!
0U
#689000
1!
1U
0~
1X
1V
19!
11!
1[
0Y
0y
1w
0v
0M
1N
0P
0&
1(
0)
#690000
0!
0U
#691000
1!
1U
1!!
1W
0V
#692000
0!
0U
#693000
1!
1U
1~
0!!
0X
1V
0W
0V
#694000
0!
0U
#695000
1!
1U
0~
1X
1V
18!
09!
01!
10!
1Y
0z
0Q
0%
#696000
0!
0U
#697000
1!
1U
1!!
1W
0V
#698000
0!
0U
#699000
1!
1U
1~
0!!
0X
1V
0W
0V
#700000
0!
0U
#701000
1!
1U
0~
1X
1V
19!
11!
1]
0\
0[
0Y
0|
1{
1z
1y
0w
0N
1P
1Q
1R
1S
1#
1$
1%
1&
0(
#702000
0!
0U
#703000
1!
1U
1!!
1W
0V
#704000
0!
0U
#705000
1!
1U
1~
0!!
0X
1V
0W
0V
#706000
0!
0U
#707000
1!
1U
0~
1X
1V
16!
07!
08!
09!
01!
00!
0/!
1.!
1Y
1|
0{
0z
0y
0P
0Q
0R
0S
0#
0$
0%
0&
#708000
0!
0U
#709000
1!
1U
1!!
1W
0V
#710000
0!
0U
#711000
1!
1U
1~
0!!
0X
1V
0W
0V
#712000
0!
0U
#713000
1!
1U
0~
1X
1V
19!
11!
0^
1[
0Y
1z
0]
0[
1Q
1%
#714000
0!
0U
#715000
1!
1U
1!!
1W
0V
#716000
0!
0U
#717000
1!
1U
1~
0!!
0X
1V
0W
0V
#718000
0!
0U
#719000
1!
1U
0~
1X
1V
06!
09!
01!
0.!
1^
0|
0z
1Y
0Q
1S
1#
0%
14!
05!
0-!
1,!
1_
1u
0s
0r
1q
0o
0F
1H
0I
0J
0L
0*
0,
0-
1.
00
#720000
0!
0U
#721000
1!
1U
1!!
1W
0V
#722000
0!
0U
#723000
1!
1U
1~
0!!
0X
1V
0W
0V
#724000
0!
0U
#725000
1!
1U
0~
1X
1V
19!
11!
1[
0Y
1{
1z
1y
1v
1M
1P
1Q
1R
1$
1%
1&
1)
#726000
0!
0U
#727000
1!
1U
1!!
1W
0V
#728000
0!
0U
#729000
1!
1U
1~
0!!
0X
1V
0W
0V
#730000
0!
0U
#731000
1!
1U
0~
1X
1V
18!
09!
01!
10!
1Y
1|
0z
0y
1x
0v
0M
1O
0P
0Q
0S
0#
0%
0&
1'
0)
#732000
0!
0U
#733000
1!
1U
1!!
1W
0V
#734000
0!
0U
#735000
1!
1U
1~
0!!
0X
1V
0W
0V
#736000
0!
0U
#737000
1!
1U
0~
1X
1V
19!
11!
1\
0[
0Y
1z
0x
0O
1Q
1%
0'
#738000
0!
0U
#739000
1!
1U
1!!
1W
0V
#740000
0!
0U
#741000
1!
1U
1~
0!!
0X
1V
0W
0V
#742000
0!
0U
#743000
1!
1U
0~
1X
1V
17!
08!
09!
01!
00!
1/!
1Y
0{
1y
1v
1M
1P
0R
0$
1&
1)
#744000
0!
0U
#745000
1!
1U
1!!
1W
0V
#746000
0!
0U
#747000
1!
1U
1~
0!!
0X
1V
0W
0V
#748000
0!
0U
#749000
1!
1U
0~
1X
1V
19!
11!
1[
0Y
0y
1w
0v
0M
1N
0P
0&
1(
0)
#750000
0!
0U
#751000
1!
1U
1!!
1W
0V
#752000
0!
0U
#753000
1!
1U
1~
0!!
0X
1V
0W
0V
#754000
0!
0U
#755000
1!
1U
0~
1X
1V
18!
09!
01!
10!
1Y
0z
0Q
0%
#756000
0!
0U
#757000
1!
1U
1!!
1W
0V
#758000
0!
0U
#759000
1!
1U
1~
0!!
0X
1V
0W
0V
#760000
0!
0U
#761000
1!
1U
0~
1X
1V
19!
11!
1]
0\
0[
0Y
0|
1{
1z
1y
0w
0N
1P
1Q
1R
1S
1#
1$
1%
1&
0(
#762000
0!
0U
#763000
1!
1U
1!!
1W
0V
#764000
0!
0U
#765000
1!
1U
1~
0!!
0X
1V
0W
0V
#766000
0!
0U
#767000
1!
1U
0~
1X
1V
16!
07!
08!
09!
01!
00!
0/!
1.!
1Y
1|
0{
0z
0y
0P
0Q
0R
0S
0#
0$
0%
0&
#768000
0!
0U
#769000
1!
1U
1!!
1W
0V
#770000
0!
0U
#771000
1!
1U
1~
0!!
0X
1V
0W
0V
#772000
0!
0U
#773000
1!
1U
0~
1X
1V
19!
11!
0^
1[
0Y
1z
0]
0[
1Q
1%
#774000
0!
0U
#775000
1!
1U
1!!
1W
0V
#776000
0!
0U
#777000
1!
1U
1~
0!!
0X
1V
0W
0V
#778000
0!
0U
#779000
1!
1U
0~
1X
1V
06!
09!
01!
0.!
1^
0|
0z
1Y
0Q
1S
1#
0%
15!
1-!
1a
0`
0_
1s
0q
0H
1J
1,
0.
#780000
0!
0U
#781000
1!
1U
1!!
1W
0V
#782000
0!
0U
#783000
1!
1U
1~
0!!
0X
1V
0W
0V
#784000
0!
0U
#785000
1!
1U
0~
1X
1V
19!
11!
1[
0Y
1{
1z
1y
1v
1M
1P
1Q
1R
1$
1%
1&
1)
#786000
0!
0U
#787000
1!
1U
1!!
1W
0V
#788000
0!
0U
#789000
1!
1U
1~
0!!
0X
1V
0W
0V
#790000
0!
0U
#791000
1!
1U
0~
1X
1V
18!
09!
01!
10!
1Y
1|
0z
0y
1x
0v
0M
1O
0P
0Q
0S
0#
0%
0&
1'
0)
#792000
0!
0U
#793000
1!
1U
1!!
1W
0V
#794000
0!
0U
#795000
1!
1U
1~
0!!
0X
1V
0W
0V
#796000
0!
0U
#797000
1!
1U
0~
1X
1V
19!
11!
1\
0[
0Y
1z
0x
0O
1Q
1%
0'
#798000
0!
0U
#799000
1!
1U
1!!
1W
0V
#800000
0!
0U
#801000
1!
1U
1~
0!!
0X
1V
0W
0V
#802000
0!
0U
#803000
1!
1U
0~
1X
1V
17!
08!
09!
01!
00!
1/!
1Y
0{
1y
1v
1M
1P
0R
0$
1&
1)
#804000
0!
0U
#805000
1!
1U
1!!
1W
0V
#806000
0!
0U
#807000
1!
1U
1~
0!!
0X
1V
0W
0V
#808000
0!
0U
#809000
1!
1U
0~
1X
1V
19!
11!
1[
0Y
0y
1w
0v
0M
1N
0P
0&
1(
0)
#810000
0!
0U
#811000
1!
1U
1!!
1W
0V
#812000
0!
0U
#813000
1!
1U
1~
0!!
0X
1V
0W
0V
#814000
0!
0U
#815000
1!
1U
0~
1X
1V
18!
09!
01!
10!
1Y
0z
0Q
0%
#816000
0!
0U
#817000
1!
1U
1!!
1W
0V
#818000
0!
0U
#819000
1!
1U
1~
0!!
0X
1V
0W
0V
#820000
0!
0U
#821000
1!
1U
0~
1X
1V
19!
11!
1]
0\
0[
0Y
0|
1{
1z
1y
0w
0N
1P
1Q
1R
1S
1#
1$
1%
1&
0(
#822000
0!
0U
#823000
1!
1U
1!!
1W
0V
#824000
0!
0U
#825000
1!
1U
1~
0!!
0X
1V
0W
0V
#826000
0!
0U
#827000
1!
1U
0~
1X
1V
16!
07!
08!
09!
01!
00!
0/!
1.!
1Y
1|
0{
0z
0y
0P
0Q
0R
0S
0#
0$
0%
0&
#828000
0!
0U
#829000
1!
1U
1!!
1W
0V
#830000
0!
0U
#831000
1!
1U
1~
0!!
0X
1V
0W
0V
#832000
0!
0U
#833000
1!
1U
0~
1X
1V
19!
11!
0^
1[
0Y
1z
0]
0[
1Q
1%
#834000
0!
0U
#835000
1!
1U
1!!
1W
0V
#836000
0!
0U
#837000
1!
1U
1~
0!!
0X
1V
0W
0V
#838000
0!
0U
#839000
1!
1U
0~
1X
1V
06!
09!
01!
0.!
1^
0|
0z
1Y
0Q
1S
1#
0%
13!
04!
05!
0-!
0,!
1+!
1_
0t
1r
1o
1F
1I
0K
0+
1-
10
#840000
0!
0U
#841000
1!
1U
1!!
1W
0V
#842000
0!
0U
#843000
1!
1U
1~
0!!
0X
1V
0W
0V
#844000
0!
0U
#845000
1!
1U
0~
1X
1V
19!
11!
1[
0Y
1{
1z
1y
1v
1M
1P
1Q
1R
1$
1%
1&
1)
#846000
0!
0U
#847000
1!
1U
1!!
1W
0V
#848000
0!
0U
#849000
1!
1U
1~
0!!
0X
1V
0W
0V
#850000
0!
0U
#851000
1!
1U
0~
1X
1V
18!
09!
01!
10!
1Y
1|
0z
0y
1x
0v
0M
1O
0P
0Q
0S
0#
0%
0&
1'
0)
#852000
0!
0U
#853000
1!
1U
1!!
1W
0V
#854000
0!
0U
#855000
1!
1U
1~
0!!
0X
1V
0W
0V
#856000
0!
0U
#857000
1!
1U
0~
1X
1V
19!
11!
1\
0[
0Y
1z
0x
0O
1Q
1%
0'
#858000
0!
0U
#859000
1!
1U
1!!
1W
0V
#860000
0!
0U
#861000
1!
1U
1~
0!!
0X
1V
0W
0V
#862000
0!
0U
#863000
1!
1U
0~
1X
1V
17!
08!
09!
01!
00!
1/!
1Y
0{
1y
1v
1M
1P
0R
0$
1&
1)
#864000
0!
0U
#865000
1!
1U
1!!
1W
0V
#866000
0!
0U
#867000
1!
1U
1~
0!!
0X
1V
0W
0V
#868000
0!
0U
#869000
1!
1U
0~
1X
1V
19!
11!
1[
0Y
0y
1w
0v
0M
1N
0P
0&
1(
0)
#870000
0!
0U
#871000
1!
1U
1!!
1W
0V
#872000
0!
0U
#873000
1!
1U
1~
0!!
0X
1V
0W
0V
#874000
0!
0U
#875000
1!
1U
0~
1X
1V
18!
09!
01!
10!
1Y
0z
0Q
0%
#876000
0!
0U
#877000
1!
1U
1!!
1W
0V
#878000
0!
0U
#879000
1!
1U
1~
0!!
0X
1V
0W
0V
#880000
0!
0U
#881000
1!
1U
0~
1X
1V
19!
11!
1]
0\
0[
0Y
0|
1{
1z
1y
0w
0N
1P
1Q
1R
1S
1#
1$
1%
1&
0(
#882000
0!
0U
#883000
1!
1U
1!!
1W
0V
#884000
0!
0U
#885000
1!
1U
1~
0!!
0X
1V
0W
0V
#886000
0!
0U
#887000
1!
1U
0~
1X
1V
16!
07!
08!
09!
01!
00!
0/!
1.!
1Y
1|
0{
0z
0y
0P
0Q
0R
0S
0#
0$
0%
0&
#888000
0!
0U
#889000
1!
1U
1!!
1W
0V
#890000
0!
0U
#891000
1!
1U
1~
0!!
0X
1V
0W
0V
#892000
0!
0U
#893000
1!
1U
0~
1X
1V
19!
11!
0^
1[
0Y
1z
0]
0[
1Q
1%
#894000
0!
0U
#895000
1!
1U
1!!
1W
0V
#896000
0!
0U
#897000
1!
1U
1~
0!!
0X
1V
0W
0V
#898000
0!
0U
#899000
1!
1U
0~
1X
1V
06!
09!
01!
0.!
1^
0|
0z
1Y
0Q
1S
1#
0%
15!
1-!
1`
0_
0r
1p
0o
0F
1G
0I
0-
1/
00
#900000
0!
0U
#901000
1!
1U
1!!
1W
0V
#902000
0!
0U
#903000
1!
1U
1~
0!!
0X
1V
0W
0V
#904000
0!
0U
#905000
1!
1U
0~
1X
1V
19!
11!
1[
0Y
1{
1z
1y
1v
1M
1P
1Q
1R
1$
1%
1&
1)
#906000
0!
0U
#907000
1!
1U
1!!
1W
0V
#908000
0!
0U
#909000
1!
1U
1~
0!!
0X
1V
0W
0V
#910000
0!
0U
#911000
1!
1U
0~
1X
1V
18!
09!
01!
10!
1Y
1|
0z
0y
1x
0v
0M
1O
0P
0Q
0S
0#
0%
0&
1'
0)
#912000
0!
0U
#913000
1!
1U
1!!
1W
0V
#914000
0!
0U
#915000
1!
1U
1~
0!!
0X
1V
0W
0V
#916000
0!
0U
#917000
1!
1U
0~
1X
1V
19!
11!
1\
0[
0Y
1z
0x
0O
1Q
1%
0'
#918000
0!
0U
#919000
1!
1U
1!!
1W
0V
#920000
0!
0U
#921000
1!
1U
1~
0!!
0X
1V
0W
0V
#922000
0!
0U
#923000
1!
1U
0~
1X
1V
17!
08!
09!
01!
00!
1/!
1Y
0{
1y
1v
1M
1P
0R
0$
1&
1)
#924000
0!
0U
#925000
1!
1U
1!!
1W
0V
#926000
0!
0U
#927000
1!
1U
1~
0!!
0X
1V
0W
0V
#928000
0!
0U
#929000
1!
1U
0~
1X
1V
19!
11!
1[
0Y
0y
1w
0v
0M
1N
0P
0&
1(
0)
#930000
0!
0U
#931000
1!
1U
1!!
1W
0V
#932000
0!
0U
#933000
1!
1U
1~
0!!
0X
1V
0W
0V
#934000
0!
0U
#935000
1!
1U
0~
1X
1V
18!
09!
01!
10!
1Y
0z
0Q
0%
#936000
0!
0U
#937000
1!
1U
1!!
1W
0V
#938000
0!
0U
#939000
1!
1U
1~
0!!
0X
1V
0W
0V
#940000
0!
0U
#941000
1!
1U
0~
1X
1V
19!
11!
1]
0\
0[
0Y
0|
1{
1z
1y
0w
0N
1P
1Q
1R
1S
1#
1$
1%
1&
0(
#942000
0!
0U
#943000
1!
1U
1!!
1W
0V
#944000
0!
0U
#945000
1!
1U
1~
0!!
0X
1V
0W
0V
#946000
0!
0U
#947000
1!
1U
0~
1X
1V
16!
07!
08!
09!
01!
00!
0/!
1.!
1Y
1|
0{
0z
0y
0P
0Q
0R
0S
0#
0$
0%
0&
#948000
0!
0U
#949000
1!
1U
1!!
1W
0V
#950000
0!
0U
#951000
1!
1U
1~
0!!
0X
1V
0W
0V
#952000
0!
0U
#953000
1!
1U
0~
1X
1V
19!
11!
0^
1[
0Y
1z
0]
0[
1Q
1%
#954000
0!
0U
#955000
1!
1U
1!!
1W
0V
#956000
0!
0U
#957000
1!
1U
1~
0!!
0X
1V
0W
0V
#958000
0!
0U
#959000
1!
1U
0~
1X
1V
06!
09!
01!
0.!
1^
0|
0z
1Y
0Q
1S
1#
0%
14!
05!
0-!
1,!
1_
0s
0J
0,
#960000
0!
0U
#961000
1!
1U
1!!
1W
0V
#962000
0!
0U
#963000
1!
1U
1~
0!!
0X
1V
0W
0V
#964000
0!
0U
#965000
1!
1U
0~
1X
1V
19!
11!
1[
0Y
1{
1z
1y
1v
1M
1P
1Q
1R
1$
1%
1&
1)
#966000
0!
0U
#967000
1!
1U
1!!
1W
0V
#968000
0!
0U
#969000
1!
1U
1~
0!!
0X
1V
0W
0V
#970000
0!
0U
#971000
1!
1U
0~
1X
1V
18!
09!
01!
10!
1Y
1|
0z
0y
1x
0v
0M
1O
0P
0Q
0S
0#
0%
0&
1'
0)
#972000
0!
0U
#973000
1!
1U
1!!
1W
0V
#974000
0!
0U
#975000
1!
1U
1~
0!!
0X
1V
0W
0V
#976000
0!
0U
#977000
1!
1U
0~
1X
1V
19!
11!
1\
0[
0Y
1z
0x
0O
1Q
1%
0'
#978000
0!
0U
#979000
1!
1U
1!!
1W
0V
#980000
0!
0U
#981000
1!
1U
1~
0!!
0X
1V
0W
0V
#982000
0!
0U
#983000
1!
1U
0~
1X
1V
17!
08!
09!
01!
00!
1/!
1Y
0{
1y
1v
1M
1P
0R
0$
1&
1)
#984000
0!
0U
#985000
1!
1U
1!!
1W
0V
#986000
0!
0U
#987000
1!
1U
1~
0!!
0X
1V
0W
0V
#988000
0!
0U
#989000
1!
1U
0~
1X
1V
19!
11!
1[
0Y
0y
1w
0v
0M
1N
0P
0&
1(
0)
#990000
0!
0U
#991000
1!
1U
1!!
1W
0V
#992000
0!
0U
#993000
1!
1U
1~
0!!
0X
1V
0W
0V
#994000
0!
0U
#995000
1!
1U
0~
1X
1V
18!
09!
01!
10!
1Y
0z
0Q
0%
#996000
0!
0U
#997000
1!
1U
1!!
1W
0V
#998000
0!
0U
#999000
1!
1U
1~
0!!
0X
1V
0W
0V
#1000000
0!
0U
#1001000
1!
1U
0~
1X
1V
19!
11!
1]
0\
0[
0Y
0|
1{
1z
1y
0w
0N
1P
1Q
1R
1S
1#
1$
1%
1&
0(
#1002000
0!
0U
#1003000
1!
1U
1!!
1W
0V
#1004000
0!
0U
#1005000
1!
1U
1~
0!!
0X
1V
0W
0V
#1006000
0!
0U
#1007000
1!
1U
0~
1X
1V
16!
07!
08!
09!
01!
00!
0/!
1.!
1Y
1|
0{
0z
0y
0P
0Q
0R
0S
0#
0$
0%
0&
#1008000
0!
0U
#1009000
1!
1U
1!!
1W
0V
#1010000
0!
0U
#1011000
1!
1U
1~
0!!
0X
1V
0W
0V
#1012000
0!
0U
#1013000
1!
1U
0~
1X
1V
19!
11!
0^
1[
0Y
1z
0]
0[
1Q
1%
#1014000
0!
0U
#1015000
1!
1U
1!!
1W
0V
#1016000
0!
0U
#1017000
1!
1U
1~
0!!
0X
1V
0W
0V
#1018000
0!
0U
#1019000
1!
1U
0~
1X
1V
06!
09!
01!
0.!
1^
0|
0z
1Y
0Q
1S
1#
0%
15!
1-!
1b
0a
0`
0_
0u
1t
1s
1r
0p
0G
1I
1J
1K
1L
1*
1+
1,
1-
0/
#1020000
0!
0U
#1021000
1!
1U
1!!
1W
0V
#1022000
0!
0U
#1023000
1!
1U
1~
0!!
0X
1V
0W
0V
#1024000
0!
0U
#1025000
1!
1U
0~
1X
1V
19!
11!
1[
0Y
1{
1z
1y
1v
1M
1P
1Q
1R
1$
1%
1&
1)
#1026000
0!
0U
#1027000
1!
1U
1!!
1W
0V
#1028000
0!
0U
#1029000
1!
1U
1~
0!!
0X
1V
0W
0V
#1030000
0!
0U
#1031000
1!
1U
0~
1X
1V
18!
09!
01!
10!
1Y
1|
0z
0y
1x
0v
0M
1O
0P
0Q
0S
0#
0%
0&
1'
0)
#1032000
0!
0U
#1033000
1!
1U
1!!
1W
0V
#1034000
0!
0U
#1035000
1!
1U
1~
0!!
0X
1V
0W
0V
#1036000
0!
0U
#1037000
1!
1U
0~
1X
1V
19!
11!
1\
0[
0Y
1z
0x
0O
1Q
1%
0'
#1038000
0!
0U
#1039000
1!
1U
1!!
1W
0V
#1040000
0!
0U
#1041000
1!
1U
1~
0!!
0X
1V
0W
0V
#1042000
0!
0U
#1043000
1!
1U
0~
1X
1V
17!
08!
09!
01!
00!
1/!
1Y
0{
1y
1v
1M
1P
0R
0$
1&
1)
#1044000
0!
0U
#1045000
1!
1U
1!!
1W
0V
#1046000
0!
0U
#1047000
1!
1U
1~
0!!
0X
1V
0W
0V
#1048000
0!
0U
#1049000
1!
1U
0~
1X
1V
19!
11!
1[
0Y
0y
1w
0v
0M
1N
0P
0&
1(
0)
#1050000
0!
0U
#1051000
1!
1U
1!!
1W
0V
#1052000
0!
0U
#1053000
1!
1U
1~
0!!
0X
1V
0W
0V
#1054000
0!
0U
#1055000
1!
1U
0~
1X
1V
18!
09!
01!
10!
1Y
0z
0Q
0%
#1056000
0!
0U
#1057000
1!
1U
1!!
1W
0V
#1058000
0!
0U
#1059000
1!
1U
1~
0!!
0X
1V
0W
0V
#1060000
0!
0U
#1061000
1!
1U
0~
1X
1V
19!
11!
1]
0\
0[
0Y
0|
1{
1z
1y
0w
0N
1P
1Q
1R
1S
1#
1$
1%
1&
0(
#1062000
0!
0U
#1063000
1!
1U
1!!
1W
0V
#1064000
0!
0U
#1065000
1!
1U
1~
0!!
0X
1V
0W
0V
#1066000
0!
0U
#1067000
1!
1U
0~
1X
1V
16!
07!
08!
09!
01!
00!
0/!
1.!
1Y
1|
0{
0z
0y
0P
0Q
0R
0S
0#
0$
0%
0&
#1068000
0!
0U
#1069000
1!
1U
1!!
1W
0V
#1070000
0!
0U
#1071000
1!
1U
1~
0!!
0X
1V
0W
0V
#1072000
0!
0U
#1073000
1!
1U
0~
1X
1V
19!
11!
0^
1[
0Y
1z
0]
0[
1Q
1%
#1074000
0!
0U
#1075000
1!
1U
1!!
1W
0V
#1076000
0!
0U
#1077000
1!
1U
1~
0!!
0X
1V
0W
0V
#1078000
0!
0U
#1079000
1!
1U
0~
1X
1V
06!
09!
01!
0.!
1^
0|
0z
1Y
0Q
1S
1#
0%
12!
03!
04!
05!
0-!
0,!
0+!
1*!
1_
1u
0t
0s
0r
0I
0J
0K
0L
0*
0+
0,
0-
#1080000
0!
0U
#1081000
1!
1U
1!!
1W
0V
#1082000
0!
0U
#1083000
1!
1U
1~
0!!
0X
1V
0W
0V
#1084000
0!
0U
#1085000
1!
1U
0~
1X
1V
19!
11!
1[
0Y
1{
1z
1y
1v
1M
1P
1Q
1R
1$
1%
1&
1)
#1086000
0!
0U
#1087000
1!
1U
1!!
1W
0V
#1088000
0!
0U
#1089000
1!
1U
1~
0!!
0X
1V
0W
0V
#1090000
0!
0U
#1091000
1!
1U
0~
1X
1V
18!
09!
01!
10!
1Y
1|
0z
0y
1x
0v
0M
1O
0P
0Q
0S
0#
0%
0&
1'
0)
#1092000
0!
0U
#1093000
1!
1U
1!!
1W
0V
#1094000
0!
0U
#1095000
1!
1U
1~
0!!
0X
1V
0W
0V
#1096000
0!
0U
#1097000
1!
1U
0~
1X
1V
19!
11!
1\
0[
0Y
1z
0x
0O
1Q
1%
0'
#1098000
0!
0U
#1099000
1!
1U
1!!
1W
0V
#1100000
0!
0U
#1101000
1!
1U
1~
0!!
0X
1V
0W
0V
#1102000
0!
0U
#1103000
1!
1U
0~
1X
1V
17!
08!
09!
01!
00!
1/!
1Y
0{
1y
1v
1M
1P
0R
0$
1&
1)
#1104000
0!
0U
#1105000
1!
1U
1!!
1W
0V
#1106000
0!
0U
#1107000
1!
1U
1~
0!!
0X
1V
0W
0V
#1108000
0!
0U
#1109000
1!
1U
0~
1X
1V
19!
11!
1[
0Y
0y
1w
0v
0M
1N
0P
0&
1(
0)
#1110000
0!
0U
#1111000
1!
1U
1!!
1W
0V
#1112000
0!
0U
#1113000
1!
1U
1~
0!!
0X
1V
0W
0V
#1114000
0!
0U
#1115000
1!
1U
0~
1X
1V
18!
09!
01!
10!
1Y
0z
0Q
0%
#1116000
0!
0U
#1117000
1!
1U
1!!
1W
0V
#1118000
0!
0U
#1119000
1!
1U
1~
0!!
0X
1V
0W
0V
#1120000
0!
0U
#1121000
1!
1U
0~
1X
1V
19!
11!
1]
0\
0[
0Y
0|
1{
1z
1y
0w
0N
1P
1Q
1R
1S
1#
1$
1%
1&
0(
#1122000
0!
0U
#1123000
1!
1U
1!!
1W
0V
#1124000
0!
0U
#1125000
1!
1U
1~
0!!
0X
1V
0W
0V
#1126000
0!
0U
#1127000
1!
1U
0~
1X
1V
16!
07!
08!
09!
01!
00!
0/!
1.!
1Y
1|
0{
0z
0y
0P
0Q
0R
0S
0#
0$
0%
0&
#1128000
0!
0U
#1129000
1!
1U
1!!
1W
0V
#1130000
0!
0U
#1131000
1!
1U
1~
0!!
0X
1V
0W
0V
#1132000
0!
0U
#1133000
1!
1U
0~
1X
1V
19!
11!
0^
1[
0Y
1z
0]
0[
1Q
1%
#1134000
0!
0U
#1135000
1!
1U
1!!
1W
0V
#1136000
0!
0U
#1137000
1!
1U
1~
0!!
0X
1V
0W
0V
#1138000
0!
0U
#1139000
1!
1U
0~
1X
1V
06!
09!
01!
0.!
1^
0|
0z
1Y
0Q
1S
1#
0%
15!
1-!
0c
1`
0_
1s
0b
0`
1J
1,
#1140000
0!
0U
#1141000
1!
1U
1!!
1W
0V
#1142000
0!
0U
#1143000
1!
1U
1~
0!!
0X
1V
0W
0V
#1144000
0!
0U
#1145000
1!
1U
0~
1X
1V
19!
11!
1[
0Y
1{
1z
1y
1v
1M
1P
1Q
1R
1$
1%
1&
1)
#1146000
0!
0U
#1147000
1!
1U
1!!
1W
0V
#1148000
0!
0U
#1149000
1!
1U
1~
0!!
0X
1V
0W
0V
#1150000
0!
0U
#1151000
1!
1U
0~
1X
1V
18!
09!
01!
10!
1Y
1|
0z
0y
1x
0v
0M
1O
0P
0Q
0S
0#
0%
0&
1'
0)
#1152000
0!
0U
#1153000
1!
1U
1!!
1W
0V
#1154000
0!
0U
#1155000
1!
1U
1~
0!!
0X
1V
0W
0V
#1156000
0!
0U
#1157000
1!
1U
0~
1X
1V
19!
11!
1\
0[
0Y
1z
0x
0O
1Q
1%
0'
#1158000
0!
0U
#1159000
1!
1U
1!!
1W
0V
#1160000
0!
0U
#1161000
1!
1U
1~
0!!
0X
1V
0W
0V
#1162000
0!
0U
#1163000
1!
1U
0~
1X
1V
17!
08!
09!
01!
00!
1/!
1Y
0{
1y
1v
1M
1P
0R
0$
1&
1)
#1164000
0!
0U
#1165000
1!
1U
1!!
1W
0V
#1166000
0!
0U
#1167000
1!
1U
1~
0!!
0X
1V
0W
0V
#1168000
0!
0U
#1169000
1!
1U
0~
1X
1V
19!
11!
1[
0Y
0y
1w
0v
0M
1N
0P
0&
1(
0)
#1170000
0!
0U
#1171000
1!
1U
1!!
1W
0V
#1172000
0!
0U
#1173000
1!
1U
1~
0!!
0X
1V
0W
0V
#1174000
0!
0U
#1175000
1!
1U
0~
1X
1V
18!
09!
01!
10!
1Y
0z
0Q
0%
#1176000
0!
0U
#1177000
1!
1U
1!!
1W
0V
#1178000
0!
0U
#1179000
1!
1U
1~
0!!
0X
1V
0W
0V
#1180000
0!
0U
#1181000
1!
1U
0~
1X
1V
19!
11!
1]
0\
0[
0Y
0|
1{
1z
1y
0w
0N
1P
1Q
1R
1S
1#
1$
1%
1&
0(
#1182000
0!
0U
#1183000
1!
1U
1!!
1W
0V
#1184000
0!
0U
#1185000
1!
1U
1~
0!!
0X
1V
0W
0V
#1186000
0!
0U
#1187000
1!
1U
0~
1X
1V
16!
07!
08!
09!
01!
00!
0/!
1.!
1Y
1|
0{
0z
0y
0P
0Q
0R
0S
0#
0$
0%
0&
#1188000
0!
0U
#1189000
1!
1U
1!!
1W
0V
#1190000
0!
0U
#1191000
1!
1U
1~
0!!
0X
1V
0W
0V
#1192000
0!
0U
#1193000
1!
1U
0~
1X
1V
19!
11!
0^
1[
0Y
1z
0]
0[
1Q
1%
#1194000
0!
0U
#1195000
1!
1U
1!!
1W
0V
#1196000
0!
0U
#1197000
1!
1U
1~
0!!
0X
1V
0W
0V
#1198000
0!
0U
#1199000
1!
1U
0~
1X
1V
06!
09!
01!
0.!
1^
0|
0z
1Y
0Q
1S
1#
0%
02!
05!
0-!
0*!
1c
0u
0s
1_
0J
1L
1*
0,
1$!
0%!
0)!
1(!
1d
1n
0l
0k
1j
0h
0?
1A
0B
0C
0E
01
03
04
15
07
#1200000
0!
0U
#1201000
1!
1U
1!!
1W
0V
#1202000
0!
0U
#1203000
1!
1U
1~
0!!
0X
1V
0W
0V
#1204000
0!
0U
#1205000
1!
1U
0~
1X
1V
19!
11!
1[
0Y
1{
1z
1y
1v
1M
1P
1Q
1R
1$
1%
1&
1)
#1206000
0!
0U
#1207000
1!
1U
1!!
1W
0V
#1208000
0!
0U
#1209000
1!
1U
1~
0!!
0X
1V
0W
0V
#1210000
0!
0U
#1211000
1!
1U
0~
1X
1V
18!
09!
01!
10!
1Y
1|
0z
0y
1x
0v
0M
1O
0P
0Q
0S
0#
0%
0&
1'
0)
#1212000
0!
0U
#1213000
1!
1U
1!!
1W
0V
#1214000
0!
0U
#1215000
1!
1U
1~
0!!
0X
1V
0W
0V
#1216000
0!
0U
#1217000
1!
1U
0~
1X
1V
19!
11!
1\
0[
0Y
1z
0x
0O
1Q
1%
0'
#1218000
0!
0U
#1219000
1!
1U
1!!
1W
0V
#1220000
0!
0U
#1221000
1!
1U
1~
0!!
0X
1V
0W
0V
#1222000
0!
0U
#1223000
1!
1U
0~
1X
1V
17!
08!
09!
01!
00!
1/!
1Y
0{
1y
1v
1M
1P
0R
0$
1&
1)
#1224000
0!
0U
#1225000
1!
1U
1!!
1W
0V
#1226000
0!
0U
#1227000
1!
1U
1~
0!!
0X
1V
0W
0V
#1228000
0!
0U
#1229000
1!
1U
0~
1X
1V
19!
11!
1[
0Y
0y
1w
0v
0M
1N
0P
0&
1(
0)
#1230000
0!
0U
#1231000
1!
1U
1!!
1W
0V
#1232000
0!
0U
#1233000
1!
1U
1~
0!!
0X
1V
0W
0V
#1234000
0!
0U
#1235000
1!
1U
0~
1X
1V
18!
09!
01!
10!
1Y
0z
0Q
0%
#1236000
0!
0U
#1237000
1!
1U
1!!
1W
0V
#1238000
0!
0U
#1239000
1!
1U
1~
0!!
0X
1V
0W
0V
#1240000
0!
0U
#1241000
1!
1U
0~
1X
1V
19!
11!
1]
0\
0[
0Y
0|
1{
1z
1y
0w
0N
1P
1Q
1R
1S
1#
1$
1%
1&
0(
#1242000
0!
0U
#1243000
1!
1U
1!!
1W
0V
#1244000
0!
0U
#1245000
1!
1U
1~
0!!
0X
1V
0W
0V
#1246000
0!
0U
#1247000
1!
1U
0~
1X
1V
16!
07!
08!
09!
01!
00!
0/!
1.!
1Y
1|
0{
0z
0y
0P
0Q
0R
0S
0#
0$
0%
0&
#1248000
0!
0U
#1249000
1!
1U
1!!
1W
0V
#1250000
0!
0U
#1251000
1!
1U
1~
0!!
0X
1V
0W
0V
#1252000
0!
0U
#1253000
1!
1U
0~
1X
1V
19!
11!
0^
1[
0Y
1z
0]
0[
1Q
1%
#1254000
0!
0U
#1255000
1!
1U
1!!
1W
0V
#1256000
0!
0U
#1257000
1!
1U
1~
0!!
0X
1V
0W
0V
#1258000
0!
0U
#1259000
1!
1U
0~
1X
1V
06!
09!
01!
0.!
1^
0|
0z
1Y
0Q
1S
1#
0%
15!
1-!
1`
0_
1t
1s
1r
1o
1F
1I
1J
1K
1+
1,
1-
10
#1260000
0!
0U
#1261000
1!
1U
1!!
1W
0V
#1262000
0!
0U
#1263000
1!
1U
1~
0!!
0X
1V
0W
0V
#1264000
0!
0U
#1265000
1!
1U
0~
1X
1V
19!
11!
1[
0Y
1{
1z
1y
1v
1M
1P
1Q
1R
1$
1%
1&
1)
#1266000
0!
0U
#1267000
1!
1U
1!!
1W
0V
#1268000
0!
0U
#1269000
1!
1U
1~
0!!
0X
1V
0W
0V
#1270000
0!
0U
#1271000
1!
1U
0~
1X
1V
18!
09!
01!
10!
1Y
1|
0z
0y
1x
0v
0M
1O
0P
0Q
0S
0#
0%
0&
1'
0)
#1272000
0!
0U
#1273000
1!
1U
1!!
1W
0V
#1274000
0!
0U
#1275000
1!
1U
1~
0!!
0X
1V
0W
0V
#1276000
0!
0U
#1277000
1!
1U
0~
1X
1V
19!
11!
1\
0[
0Y
1z
0x
0O
1Q
1%
0'
#1278000
0!
0U
#1279000
1!
1U
1!!
1W
0V
#1280000
0!
0U
#1281000
1!
1U
1~
0!!
0X
1V
0W
0V
#1282000
0!
0U
#1283000
1!
1U
0~
1X
1V
17!
08!
09!
01!
00!
1/!
1Y
0{
1y
1v
1M
1P
0R
0$
1&
1)
#1284000
0!
0U
#1285000
1!
1U
1!!
1W
0V
#1286000
0!
0U
#1287000
1!
1U
1~
0!!
0X
1V
0W
0V
#1288000
0!
0U
#1289000
1!
1U
0~
1X
1V
19!
11!
1[
0Y
0y
1w
0v
0M
1N
0P
0&
1(
0)
#1290000
0!
0U
#1291000
1!
1U
1!!
1W
0V
#1292000
0!
0U
#1293000
1!
1U
1~
0!!
0X
1V
0W
0V
#1294000
0!
0U
#1295000
1!
1U
0~
1X
1V
18!
09!
01!
10!
1Y
0z
0Q
0%
#1296000
0!
0U
#1297000
1!
1U
1!!
1W
0V
#1298000
0!
0U
#1299000
1!
1U
1~
0!!
0X
1V
0W
0V
#1300000
0!
0U
#1301000
1!
1U
0~
1X
1V
19!
11!
1]
0\
0[
0Y
0|
1{
1z
1y
0w
0N
1P
1Q
1R
1S
1#
1$
1%
1&
0(
#1302000
0!
0U
#1303000
1!
1U
1!!
1W
0V
#1304000
0!
0U
#1305000
1!
1U
1~
0!!
0X
1V
0W
0V
#1306000
0!
0U
#1307000
1!
1U
0~
1X
1V
16!
07!
08!
09!
01!
00!
0/!
1.!
1Y
1|
0{
0z
0y
0P
0Q
0R
0S
0#
0$
0%
0&
#1308000
0!
0U
#1309000
1!
1U
1!!
1W
0V
#1310000
0!
0U
#1311000
1!
1U
1~
0!!
0X
1V
0W
0V
#1312000
0!
0U
#1313000
1!
1U
0~
1X
1V
19!
11!
0^
1[
0Y
1z
0]
0[
1Q
1%
#1314000
0!
0U
#1315000
1!
1U
1!!
1W
0V
#1316000
0!
0U
#1317000
1!
1U
1~
0!!
0X
1V
0W
0V
#1318000
0!
0U
#1319000
1!
1U
0~
1X
1V
06!
09!
01!
0.!
1^
0|
0z
1Y
0Q
1S
1#
0%
14!
05!
0-!
1,!
1_
1u
0s
0r
1q
0o
0F
1H
0I
0J
0L
0*
0,
0-
1.
00
#1320000
0!
0U
#1321000
1!
1U
1!!
1W
0V
#1322000
0!
0U
#1323000
1!
1U
1~
0!!
0X
1V
0W
0V
#1324000
0!
0U
#1325000
1!
1U
0~
1X
1V
19!
11!
1[
0Y
1{
1z
1y
1v
1M
1P
1Q
1R
1$
1%
1&
1)
#1326000
0!
0U
#1327000
1!
1U
1!!
1W
0V
#1328000
0!
0U
#1329000
1!
1U
1~
0!!
0X
1V
0W
0V
#1330000
0!
0U
#1331000
1!
1U
0~
1X
1V
18!
09!
01!
10!
1Y
1|
0z
0y
1x
0v
0M
1O
0P
0Q
0S
0#
0%
0&
1'
0)
#1332000
0!
0U
#1333000
1!
1U
1!!
1W
0V
#1334000
0!
0U
#1335000
1!
1U
1~
0!!
0X
1V
0W
0V
#1336000
0!
0U
#1337000
1!
1U
0~
1X
1V
19!
11!
1\
0[
0Y
1z
0x
0O
1Q
1%
0'
#1338000
0!
0U
#1339000
1!
1U
1!!
1W
0V
#1340000
0!
0U
#1341000
1!
1U
1~
0!!
0X
1V
0W
0V
#1342000
0!
0U
#1343000
1!
1U
0~
1X
1V
17!
08!
09!
01!
00!
1/!
1Y
0{
1y
1v
1M
1P
0R
0$
1&
1)
#1344000
0!
0U
#1345000
1!
1U
1!!
1W
0V
#1346000
0!
0U
#1347000
1!
1U
1~
0!!
0X
1V
0W
0V
#1348000
0!
0U
#1349000
1!
1U
0~
1X
1V
19!
11!
1[
0Y
0y
1w
0v
0M
1N
0P
0&
1(
0)
#1350000
0!
0U
#1351000
1!
1U
1!!
1W
0V
#1352000
0!
0U
#1353000
1!
1U
1~
0!!
0X
1V
0W
0V
#1354000
0!
0U
#1355000
1!
1U
0~
1X
1V
18!
09!
01!
10!
1Y
0z
0Q
0%
#1356000
0!
0U
#1357000
1!
1U
1!!
1W
0V
#1358000
0!
0U
#1359000
1!
1U
1~
0!!
0X
1V
0W
0V
#1360000
0!
0U
#1361000
1!
1U
0~
1X
1V
19!
11!
1]
0\
0[
0Y
0|
1{
1z
1y
0w
0N
1P
1Q
1R
1S
1#
1$
1%
1&
0(
#1362000
0!
0U
#1363000
1!
1U
1!!
1W
0V
#1364000
0!
0U
#1365000
1!
1U
1~
0!!
0X
1V
0W
0V
#1366000
0!
0U
#1367000
1!
1U
0~
1X
1V
16!
07!
08!
09!
01!
00!
0/!
1.!
1Y
1|
0{
0z
0y
0P
0Q
0R
0S
0#
0$
0%
0&
#1368000
0!
0U
#1369000
1!
1U
1!!
1W
0V
#1370000
0!
0U
#1371000
1!
1U
1~
0!!
0X
1V
0W
0V
#1372000
0!
0U
#1373000
1!
1U
0~
1X
1V
19!
11!
0^
1[
0Y
1z
0]
0[
1Q
1%
#1374000
0!
0U
#1375000
1!
1U
1!!
1W
0V
#1376000
0!
0U
#1377000
1!
1U
1~
0!!
0X
1V
0W
0V
#1378000
0!
0U
#1379000
1!
1U
0~
1X
1V
06!
09!
01!
0.!
1^
0|
0z
1Y
0Q
1S
1#
0%
15!
1-!
1a
0`
0_
1s
0q
0H
1J
1,
0.
#1380000
0!
0U
#1381000
1!
1U
1!!
1W
0V
#1382000
0!
0U
#1383000
1!
1U
1~
0!!
0X
1V
0W
0V
#1384000
0!
0U
#1385000
1!
1U
0~
1X
1V
19!
11!
1[
0Y
1{
1z
1y
1v
1M
1P
1Q
1R
1$
1%
1&
1)
#1386000
0!
0U
#1387000
1!
1U
1!!
1W
0V
#1388000
0!
0U
#1389000
1!
1U
1~
0!!
0X
1V
0W
0V
#1390000
0!
0U
#1391000
1!
1U
0~
1X
1V
18!
09!
01!
10!
1Y
1|
0z
0y
1x
0v
0M
1O
0P
0Q
0S
0#
0%
0&
1'
0)
#1392000
0!
0U
#1393000
1!
1U
1!!
1W
0V
#1394000
0!
0U
#1395000
1!
1U
1~
0!!
0X
1V
0W
0V
#1396000
0!
0U
#1397000
1!
1U
0~
1X
1V
19!
11!
1\
0[
0Y
1z
0x
0O
1Q
1%
0'
#1398000
0!
0U
#1399000
1!
1U
1!!
1W
0V
#1400000
0!
0U
#1401000
1!
1U
1~
0!!
0X
1V
0W
0V
#1402000
0!
0U
#1403000
1!
1U
0~
1X
1V
17!
08!
09!
01!
00!
1/!
1Y
0{
1y
1v
1M
1P
0R
0$
1&
1)
#1404000
0!
0U
#1405000
1!
1U
1!!
1W
0V
#1406000
0!
0U
#1407000
1!
1U
1~
0!!
0X
1V
0W
0V
#1408000
0!
0U
#1409000
1!
1U
0~
1X
1V
19!
11!
1[
0Y
0y
1w
0v
0M
1N
0P
0&
1(
0)
#1410000
0!
0U
#1411000
1!
1U
1!!
1W
0V
#1412000
0!
0U
#1413000
1!
1U
1~
0!!
0X
1V
0W
0V
#1414000
0!
0U
#1415000
1!
1U
0~
1X
1V
18!
09!
01!
10!
1Y
0z
0Q
0%
#1416000
0!
0U
#1417000
1!
1U
1!!
1W
0V
#1418000
0!
0U
#1419000
1!
1U
1~
0!!
0X
1V
0W
0V
#1420000
0!
0U
#1421000
1!
1U
0~
1X
1V
19!
11!
1]
0\
0[
0Y
0|
1{
1z
1y
0w
0N
1P
1Q
1R
1S
1#
1$
1%
1&
0(
#1422000
0!
0U
#1423000
1!
1U
1!!
1W
0V
#1424000
0!
0U
#1425000
1!
1U
1~
0!!
0X
1V
0W
0V
#1426000
0!
0U
#1427000
1!
1U
0~
1X
1V
16!
07!
08!
09!
01!
00!
0/!
1.!
1Y
1|
0{
0z
0y
0P
0Q
0R
0S
0#
0$
0%
0&
#1428000
0!
0U
#1429000
1!
1U
1!!
1W
0V
#1430000
0!
0U
#1431000
1!
1U
1~
0!!
0X
1V
0W
0V
#1432000
0!
0U
#1433000
1!
1U
0~
1X
1V
19!
11!
0^
1[
0Y
1z
0]
0[
1Q
1%
#1434000
0!
0U
#1435000
1!
1U
1!!
1W
0V
#1436000
0!
0U
#1437000
1!
1U
1~
0!!
0X
1V
0W
0V
#1438000
0!
0U
#1439000
1!
1U
0~
1X
1V
06!
09!
01!
0.!
1^
0|
0z
1Y
0Q
1S
1#
0%
13!
04!
05!
0-!
0,!
1+!
1_
0t
1r
1o
1F
1I
0K
0+
1-
10
#1440000
0!
0U
#1441000
1!
1U
1!!
1W
0V
#1442000
0!
0U
#1443000
1!
1U
1~
0!!
0X
1V
0W
0V
#1444000
0!
0U
#1445000
1!
1U
0~
1X
1V
19!
11!
1[
0Y
1{
1z
1y
1v
1M
1P
1Q
1R
1$
1%
1&
1)
#1446000
0!
0U
#1447000
1!
1U
1!!
1W
0V
#1448000
0!
0U
#1449000
1!
1U
1~
0!!
0X
1V
0W
0V
#1450000
0!
0U
#1451000
1!
1U
0~
1X
1V
18!
09!
01!
10!
1Y
1|
0z
0y
1x
0v
0M
1O
0P
0Q
0S
0#
0%
0&
1'
0)
#1452000
0!
0U
#1453000
1!
1U
1!!
1W
0V
#1454000
0!
0U
#1455000
1!
1U
1~
0!!
0X
1V
0W
0V
#1456000
0!
0U
#1457000
1!
1U
0~
1X
1V
19!
11!
1\
0[
0Y
1z
0x
0O
1Q
1%
0'
#1458000
0!
0U
#1459000
1!
1U
1!!
1W
0V
#1460000
0!
0U
#1461000
1!
1U
1~
0!!
0X
1V
0W
0V
#1462000
0!
0U
#1463000
1!
1U
0~
1X
1V
17!
08!
09!
01!
00!
1/!
1Y
0{
1y
1v
1M
1P
0R
0$
1&
1)
#1464000
0!
0U
#1465000
1!
1U
1!!
1W
0V
#1466000
0!
0U
#1467000
1!
1U
1~
0!!
0X
1V
0W
0V
#1468000
0!
0U
#1469000
1!
1U
0~
1X
1V
19!
11!
1[
0Y
0y
1w
0v
0M
1N
0P
0&
1(
0)
#1470000
0!
0U
#1471000
1!
1U
1!!
1W
0V
#1472000
0!
0U
#1473000
1!
1U
1~
0!!
0X
1V
0W
0V
#1474000
0!
0U
#1475000
1!
1U
0~
1X
1V
18!
09!
01!
10!
1Y
0z
0Q
0%
#1476000
0!
0U
#1477000
1!
1U
1!!
1W
0V
#1478000
0!
0U
#1479000
1!
1U
1~
0!!
0X
1V
0W
0V
#1480000
0!
0U
#1481000
1!
1U
0~
1X
1V
19!
11!
1]
0\
0[
0Y
0|
1{
1z
1y
0w
0N
1P
1Q
1R
1S
1#
1$
1%
1&
0(
#1482000
0!
0U
#1483000
1!
1U
1!!
1W
0V
#1484000
0!
0U
#1485000
1!
1U
1~
0!!
0X
1V
0W
0V
#1486000
0!
0U
#1487000
1!
1U
0~
1X
1V
16!
07!
08!
09!
01!
00!
0/!
1.!
1Y
1|
0{
0z
0y
0P
0Q
0R
0S
0#
0$
0%
0&
#1488000
0!
0U
#1489000
1!
1U
1!!
1W
0V
#1490000
0!
0U
#1491000
1!
1U
1~
0!!
0X
1V
0W
0V
#1492000
0!
0U
#1493000
1!
1U
0~
1X
1V
19!
11!
0^
1[
0Y
1z
0]
0[
1Q
1%
#1494000
0!
0U
#1495000
1!
1U
1!!
1W
0V
#1496000
0!
0U
#1497000
1!
1U
1~
0!!
0X
1V
0W
0V
#1498000
0!
0U
#1499000
1!
1U
0~
1X
1V
06!
09!
01!
0.!
1^
0|
0z
1Y
0Q
1S
1#
0%
15!
1-!
1`
0_
0r
1p
0o
0F
1G
0I
0-
1/
00
#1500000
0!
0U
#1501000
1!
1U
1!!
1W
0V
#1502000
0!
0U
#1503000
1!
1U
1~
0!!
0X
1V
0W
0V
#1504000
0!
0U
#1505000
1!
1U
0~
1X
1V
19!
11!
1[
0Y
1{
1z
1y
1v
1M
1P
1Q
1R
1$
1%
1&
1)
#1506000
0!
0U
#1507000
1!
1U
1!!
1W
0V
#1508000
0!
0U
#1509000
1!
1U
1~
0!!
0X
1V
0W
0V
#1510000
0!
0U
#1511000
1!
1U
0~
1X
1V
18!
09!
01!
10!
1Y
1|
0z
0y
1x
0v
0M
1O
0P
0Q
0S
0#
0%
0&
1'
0)
#1512000
0!
0U
#1513000
1!
1U
1!!
1W
0V
#1514000
0!
0U
#1515000
1!
1U
1~
0!!
0X
1V
0W
0V
#1516000
0!
0U
#1517000
1!
1U
0~
1X
1V
19!
11!
1\
0[
0Y
1z
0x
0O
1Q
1%
0'
#1518000
0!
0U
#1519000
1!
1U
1!!
1W
0V
#1520000
0!
0U
#1521000
1!
1U
1~
0!!
0X
1V
0W
0V
#1522000
0!
0U
#1523000
1!
1U
0~
1X
1V
17!
08!
09!
01!
00!
1/!
1Y
0{
1y
1v
1M
1P
0R
0$
1&
1)
#1524000
0!
0U
#1525000
1!
1U
1!!
1W
0V
#1526000
0!
0U
#1527000
1!
1U
1~
0!!
0X
1V
0W
0V
#1528000
0!
0U
#1529000
1!
1U
0~
1X
1V
19!
11!
1[
0Y
0y
1w
0v
0M
1N
0P
0&
1(
0)
#1530000
0!
0U
#1531000
1!
1U
1!!
1W
0V
#1532000
0!
0U
#1533000
1!
1U
1~
0!!
0X
1V
0W
0V
#1534000
0!
0U
#1535000
1!
1U
0~
1X
1V
18!
09!
01!
10!
1Y
0z
0Q
0%
#1536000
0!
0U
#1537000
1!
1U
1!!
1W
0V
#1538000
0!
0U
#1539000
1!
1U
1~
0!!
0X
1V
0W
0V
#1540000
0!
0U
#1541000
1!
1U
0~
1X
1V
19!
11!
1]
0\
0[
0Y
0|
1{
1z
1y
0w
0N
1P
1Q
1R
1S
1#
1$
1%
1&
0(
#1542000
0!
0U
#1543000
1!
1U
1!!
1W
0V
#1544000
0!
0U
#1545000
1!
1U
1~
0!!
0X
1V
0W
0V
#1546000
0!
0U
#1547000
1!
1U
0~
1X
1V
16!
07!
08!
09!
01!
00!
0/!
1.!
1Y
1|
0{
0z
0y
0P
0Q
0R
0S
0#
0$
0%
0&
#1548000
0!
0U
#1549000
1!
1U
1!!
1W
0V
#1550000
0!
0U
#1551000
1!
1U
1~
0!!
0X
1V
0W
0V
#1552000
0!
0U
#1553000
1!
1U
0~
1X
1V
19!
11!
0^
1[
0Y
1z
0]
0[
1Q
1%
#1554000
0!
0U
#1555000
1!
1U
1!!
1W
0V
#1556000
0!
0U
#1557000
1!
1U
1~
0!!
0X
1V
0W
0V
#1558000
0!
0U
#1559000
1!
1U
0~
1X
1V
06!
09!
01!
0.!
1^
0|
0z
1Y
0Q
1S
1#
0%
14!
05!
0-!
1,!
1_
0s
0J
0,
#1560000
0!
0U
#1561000
1!
1U
1!!
1W
0V
#1562000
0!
0U
#1563000
1!
1U
1~
0!!
0X
1V
0W
0V
#1564000
0!
0U
#1565000
1!
1U
0~
1X
1V
19!
11!
1[
0Y
1{
1z
1y
1v
1M
1P
1Q
1R
1$
1%
1&
1)
#1566000
0!
0U
#1567000
1!
1U
1!!
1W
0V
#1568000
0!
0U
#1569000
1!
1U
1~
0!!
0X
1V
0W
0V
#1570000
0!
0U
#1571000
1!
1U
0~
1X
1V
18!
09!
01!
10!
1Y
1|
0z
0y
1x
0v
0M
1O
0P
0Q
0S
0#
0%
0&
1'
0)
#1572000
0!
0U
#1573000
1!
1U
1!!
1W
0V
#1574000
0!
0U
#1575000
1!
1U
1~
0!!
0X
1V
0W
0V
#1576000
0!
0U
#1577000
1!
1U
0~
1X
1V
19!
11!
1\
0[
0Y
1z
0x
0O
1Q
1%
0'
#1578000
0!
0U
#1579000
1!
1U
1!!
1W
0V
#1580000
0!
0U
#1581000
1!
1U
1~
0!!
0X
1V
0W
0V
#1582000
0!
0U
#1583000
1!
1U
0~
1X
1V
17!
08!
09!
01!
00!
1/!
1Y
0{
1y
1v
1M
1P
0R
0$
1&
1)
#1584000
0!
0U
#1585000
1!
1U
1!!
1W
0V
#1586000
0!
0U
#1587000
1!
1U
1~
0!!
0X
1V
0W
0V
#1588000
0!
0U
#1589000
1!
1U
0~
1X
1V
19!
11!
1[
0Y
0y
1w
0v
0M
1N
0P
0&
1(
0)
#1590000
0!
0U
#1591000
1!
1U
1!!
1W
0V
#1592000
0!
0U
#1593000
1!
1U
1~
0!!
0X
1V
0W
0V
#1594000
0!
0U
#1595000
1!
1U
0~
1X
1V
18!
09!
01!
10!
1Y
0z
0Q
0%
#1596000
0!
0U
#1597000
1!
1U
1!!
1W
0V
#1598000
0!
0U
#1599000
1!
1U
1~
0!!
0X
1V
0W
0V
#1600000
0!
0U
#1601000
1!
1U
0~
1X
1V
19!
11!
1]
0\
0[
0Y
0|
1{
1z
1y
0w
0N
1P
1Q
1R
1S
1#
1$
1%
1&
0(
#1602000
0!
0U
#1603000
1!
1U
1!!
1W
0V
#1604000
0!
0U
#1605000
1!
1U
1~
0!!
0X
1V
0W
0V
#1606000
0!
0U
#1607000
1!
1U
0~
1X
1V
16!
07!
08!
09!
01!
00!
0/!
1.!
1Y
1|
0{
0z
0y
0P
0Q
0R
0S
0#
0$
0%
0&
#1608000
0!
0U
#1609000
1!
1U
1!!
1W
0V
#1610000
0!
0U
#1611000
1!
1U
1~
0!!
0X
1V
0W
0V
#1612000
0!
0U
#1613000
1!
1U
0~
1X
1V
19!
11!
0^
1[
0Y
1z
0]
0[
1Q
1%
#1614000
0!
0U
#1615000
1!
1U
1!!
1W
0V
#1616000
0!
0U
#1617000
1!
1U
1~
0!!
0X
1V
0W
0V
#1618000
0!
0U
#1619000
1!
1U
0~
1X
1V
06!
09!
01!
0.!
1^
0|
0z
1Y
0Q
1S
1#
0%
15!
1-!
1b
0a
0`
0_
0u
1t
1s
1r
0p
0G
1I
1J
1K
1L
1*
1+
1,
1-
0/
#1620000
0!
0U
#1621000
1!
1U
1!!
1W
0V
#1622000
0!
0U
#1623000
1!
1U
1~
0!!
0X
1V
0W
0V
#1624000
0!
0U
#1625000
1!
1U
0~
1X
1V
19!
11!
1[
0Y
1{
1z
1y
1v
1M
1P
1Q
1R
1$
1%
1&
1)
#1626000
0!
0U
#1627000
1!
1U
1!!
1W
0V
#1628000
0!
0U
#1629000
1!
1U
1~
0!!
0X
1V
0W
0V
#1630000
0!
0U
#1631000
1!
1U
0~
1X
1V
18!
09!
01!
10!
1Y
1|
0z
0y
1x
0v
0M
1O
0P
0Q
0S
0#
0%
0&
1'
0)
#1632000
0!
0U
#1633000
1!
1U
1!!
1W
0V
#1634000
0!
0U
#1635000
1!
1U
1~
0!!
0X
1V
0W
0V
#1636000
0!
0U
#1637000
1!
1U
0~
1X
1V
19!
11!
1\
0[
0Y
1z
0x
0O
1Q
1%
0'
#1638000
0!
0U
#1639000
1!
1U
1!!
1W
0V
#1640000
0!
0U
#1641000
1!
1U
1~
0!!
0X
1V
0W
0V
#1642000
0!
0U
#1643000
1!
1U
0~
1X
1V
17!
08!
09!
01!
00!
1/!
1Y
0{
1y
1v
1M
1P
0R
0$
1&
1)
#1644000
0!
0U
#1645000
1!
1U
1!!
1W
0V
#1646000
0!
0U
#1647000
1!
1U
1~
0!!
0X
1V
0W
0V
#1648000
0!
0U
#1649000
1!
1U
0~
1X
1V
19!
11!
1[
0Y
0y
1w
0v
0M
1N
0P
0&
1(
0)
#1650000
0!
0U
#1651000
1!
1U
1!!
1W
0V
#1652000
0!
0U
#1653000
1!
1U
1~
0!!
0X
1V
0W
0V
#1654000
0!
0U
#1655000
1!
1U
0~
1X
1V
18!
09!
01!
10!
1Y
0z
0Q
0%
#1656000
0!
0U
#1657000
1!
1U
1!!
1W
0V
#1658000
0!
0U
#1659000
1!
1U
1~
0!!
0X
1V
0W
0V
#1660000
0!
0U
#1661000
1!
1U
0~
1X
1V
19!
11!
1]
0\
0[
0Y
0|
1{
1z
1y
0w
0N
1P
1Q
1R
1S
1#
1$
1%
1&
0(
#1662000
0!
0U
#1663000
1!
1U
1!!
1W
0V
#1664000
0!
0U
#1665000
1!
1U
1~
0!!
0X
1V
0W
0V
#1666000
0!
0U
#1667000
1!
1U
0~
1X
1V
16!
07!
08!
09!
01!
00!
0/!
1.!
1Y
1|
0{
0z
0y
0P
0Q
0R
0S
0#
0$
0%
0&
#1668000
0!
0U
#1669000
1!
1U
1!!
1W
0V
#1670000
0!
0U
#1671000
1!
1U
1~
0!!
0X
1V
0W
0V
#1672000
0!
0U
#1673000
1!
1U
0~
1X
1V
19!
11!
0^
1[
0Y
1z
0]
0[
1Q
1%
#1674000
0!
0U
#1675000
1!
1U
1!!
1W
0V
#1676000
0!
0U
#1677000
1!
1U
1~
0!!
0X
1V
0W
0V
#1678000
0!
0U
#1679000
1!
1U
0~
1X
1V
06!
09!
01!
0.!
1^
0|
0z
1Y
0Q
1S
1#
0%
12!
03!
04!
05!
0-!
0,!
0+!
1*!
1_
1u
0t
0s
0r
0I
0J
0K
0L
0*
0+
0,
0-
#1680000
0!
0U
#1681000
1!
1U
1!!
1W
0V
#1682000
0!
0U
#1683000
1!
1U
1~
0!!
0X
1V
0W
0V
#1684000
0!
0U
#1685000
1!
1U
0~
1X
1V
19!
11!
1[
0Y
1{
1z
1y
1v
1M
1P
1Q
1R
1$
1%
1&
1)
#1686000
0!
0U
#1687000
1!
1U
1!!
1W
0V
#1688000
0!
0U
#1689000
1!
1U
1~
0!!
0X
1V
0W
0V
#1690000
0!
0U
#1691000
1!
1U
0~
1X
1V
18!
09!
01!
10!
1Y
1|
0z
0y
1x
0v
0M
1O
0P
0Q
0S
0#
0%
0&
1'
0)
#1692000
0!
0U
#1693000
1!
1U
1!!
1W
0V
#1694000
0!
0U
#1695000
1!
1U
1~
0!!
0X
1V
0W
0V
#1696000
0!
0U
#1697000
1!
1U
0~
1X
1V
19!
11!
1\
0[
0Y
1z
0x
0O
1Q
1%
0'
#1698000
0!
0U
#1699000
1!
1U
1!!
1W
0V
#1700000
0!
0U
#1701000
1!
1U
1~
0!!
0X
1V
0W
0V
#1702000
0!
0U
#1703000
1!
1U
0~
1X
1V
17!
08!
09!
01!
00!
1/!
1Y
0{
1y
1v
1M
1P
0R
0$
1&
1)
#1704000
0!
0U
#1705000
1!
1U
1!!
1W
0V
#1706000
0!
0U
#1707000
1!
1U
1~
0!!
0X
1V
0W
0V
#1708000
0!
0U
#1709000
1!
1U
0~
1X
1V
19!
11!
1[
0Y
0y
1w
0v
0M
1N
0P
0&
1(
0)
#1710000
0!
0U
#1711000
1!
1U
1!!
1W
0V
#1712000
0!
0U
#1713000
1!
1U
1~
0!!
0X
1V
0W
0V
#1714000
0!
0U
#1715000
1!
1U
0~
1X
1V
18!
09!
01!
10!
1Y
0z
0Q
0%
#1716000
0!
0U
#1717000
1!
1U
1!!
1W
0V
#1718000
0!
0U
#1719000
1!
1U
1~
0!!
0X
1V
0W
0V
#1720000
0!
0U
#1721000
1!
1U
0~
1X
1V
19!
11!
1]
0\
0[
0Y
0|
1{
1z
1y
0w
0N
1P
1Q
1R
1S
1#
1$
1%
1&
0(
#1722000
0!
0U
#1723000
1!
1U
1!!
1W
0V
#1724000
0!
0U
#1725000
1!
1U
1~
0!!
0X
1V
0W
0V
#1726000
0!
0U
#1727000
1!
1U
0~
1X
1V
16!
07!
08!
09!
01!
00!
0/!
1.!
1Y
1|
0{
0z
0y
0P
0Q
0R
0S
0#
0$
0%
0&
#1728000
0!
0U
#1729000
1!
1U
1!!
1W
0V
#1730000
0!
0U
#1731000
1!
1U
1~
0!!
0X
1V
0W
0V
#1732000
0!
0U
#1733000
1!
1U
0~
1X
1V
19!
11!
0^
1[
0Y
1z
0]
0[
1Q
1%
#1734000
0!
0U
#1735000
1!
1U
1!!
1W
0V
#1736000
0!
0U
#1737000
1!
1U
1~
0!!
0X
1V
0W
0V
#1738000
0!
0U
#1739000
1!
1U
0~
1X
1V
06!
09!
01!
0.!
1^
0|
0z
1Y
0Q
1S
1#
0%
15!
1-!
0c
1`
0_
1s
0b
0`
1J
1,
#1740000
0!
0U
#1741000
1!
1U
1!!
1W
0V
#1742000
0!
0U
#1743000
1!
1U
1~
0!!
0X
1V
0W
0V
#1744000
0!
0U
#1745000
1!
1U
0~
1X
1V
19!
11!
1[
0Y
1{
1z
1y
1v
1M
1P
1Q
1R
1$
1%
1&
1)
#1746000
0!
0U
#1747000
1!
1U
1!!
1W
0V
#1748000
0!
0U
#1749000
1!
1U
1~
0!!
0X
1V
0W
0V
#1750000
0!
0U
#1751000
1!
1U
0~
1X
1V
18!
09!
01!
10!
1Y
1|
0z
0y
1x
0v
0M
1O
0P
0Q
0S
0#
0%
0&
1'
0)
#1752000
0!
0U
#1753000
1!
1U
1!!
1W
0V
#1754000
0!
0U
#1755000
1!
1U
1~
0!!
0X
1V
0W
0V
#1756000
0!
0U
#1757000
1!
1U
0~
1X
1V
19!
11!
1\
0[
0Y
1z
0x
0O
1Q
1%
0'
#1758000
0!
0U
#1759000
1!
1U
1!!
1W
0V
#1760000
0!
0U
#1761000
1!
1U
1~
0!!
0X
1V
0W
0V
#1762000
0!
0U
#1763000
1!
1U
0~
1X
1V
17!
08!
09!
01!
00!
1/!
1Y
0{
1y
1v
1M
1P
0R
0$
1&
1)
#1764000
0!
0U
#1765000
1!
1U
1!!
1W
0V
#1766000
0!
0U
#1767000
1!
1U
1~
0!!
0X
1V
0W
0V
#1768000
0!
0U
#1769000
1!
1U
0~
1X
1V
19!
11!
1[
0Y
0y
1w
0v
0M
1N
0P
0&
1(
0)
#1770000
0!
0U
#1771000
1!
1U
1!!
1W
0V
#1772000
0!
0U
#1773000
1!
1U
1~
0!!
0X
1V
0W
0V
#1774000
0!
0U
#1775000
1!
1U
0~
1X
1V
18!
09!
01!
10!
1Y
0z
0Q
0%
#1776000
0!
0U
#1777000
1!
1U
1!!
1W
0V
#1778000
0!
0U
#1779000
1!
1U
1~
0!!
0X
1V
0W
0V
#1780000
0!
0U
#1781000
1!
1U
0~
1X
1V
19!
11!
1]
0\
0[
0Y
0|
1{
1z
1y
0w
0N
1P
1Q
1R
1S
1#
1$
1%
1&
0(
#1782000
0!
0U
#1783000
1!
1U
1!!
1W
0V
#1784000
0!
0U
#1785000
1!
1U
1~
0!!
0X
1V
0W
0V
#1786000
0!
0U
#1787000
1!
1U
0~
1X
1V
16!
07!
08!
09!
01!
00!
0/!
1.!
1Y
1|
0{
0z
0y
0P
0Q
0R
0S
0#
0$
0%
0&
#1788000
0!
0U
#1789000
1!
1U
1!!
1W
0V
#1790000
0!
0U
#1791000
1!
1U
1~
0!!
0X
1V
0W
0V
#1792000
0!
0U
#1793000
1!
1U
0~
1X
1V
19!
11!
0^
1[
0Y
1z
0]
0[
1Q
1%
#1794000
0!
0U
#1795000
1!
1U
1!!
1W
0V
#1796000
0!
0U
#1797000
1!
1U
1~
0!!
0X
1V
0W
0V
#1798000
0!
0U
#1799000
1!
1U
0~
1X
1V
06!
09!
01!
0.!
1^
0|
0z
1Y
0Q
1S
1#
0%
02!
05!
0-!
0*!
1c
0u
0s
1_
0J
1L
1*
0,
1%!
1)!
0g
1e
0d
1l
0j
0A
1C
13
05
#1800000
0!
0U
#1801000
1!
1U
1!!
1W
0V
#1802000
0!
0U
#1803000
1!
1U
1~
0!!
0X
1V
0W
0V
#1804000
0!
0U
#1805000
1!
1U
0~
1X
1V
19!
11!
1[
0Y
1{
1z
1y
1v
1M
1P
1Q
1R
1$
1%
1&
1)
#1806000
0!
0U
#1807000
1!
1U
1!!
1W
0V
#1808000
0!
0U
#1809000
1!
1U
1~
0!!
0X
1V
0W
0V
#1810000
0!
0U
#1811000
1!
1U
0~
1X
1V
18!
09!
01!
10!
1Y
1|
0z
0y
1x
0v
0M
1O
0P
0Q
0S
0#
0%
0&
1'
0)
#1812000
0!
0U
#1813000
1!
1U
1!!
1W
0V
#1814000
0!
0U
#1815000
1!
1U
1~
0!!
0X
1V
0W
0V
#1816000
0!
0U
#1817000
1!
1U
0~
1X
1V
19!
11!
1\
0[
0Y
1z
0x
0O
1Q
1%
0'
#1818000
0!
0U
#1819000
1!
1U
1!!
1W
0V
#1820000
0!
0U
#1821000
1!
1U
1~
0!!
0X
1V
0W
0V
#1822000
0!
0U
#1823000
1!
1U
0~
1X
1V
17!
08!
09!
01!
00!
1/!
1Y
0{
1y
1v
1M
1P
0R
0$
1&
1)
#1824000
0!
0U
#1825000
1!
1U
1!!
1W
0V
#1826000
0!
0U
#1827000
1!
1U
1~
0!!
0X
1V
0W
0V
#1828000
0!
0U
#1829000
1!
1U
0~
1X
1V
19!
11!
1[
0Y
0y
1w
0v
0M
1N
0P
0&
1(
0)
#1830000
0!
0U
#1831000
1!
1U
1!!
1W
0V
#1832000
0!
0U
#1833000
1!
1U
1~
0!!
0X
1V
0W
0V
#1834000
0!
0U
#1835000
1!
1U
0~
1X
1V
18!
09!
01!
10!
1Y
0z
0Q
0%
#1836000
0!
0U
#1837000
1!
1U
1!!
1W
0V
#1838000
0!
0U
#1839000
1!
1U
1~
0!!
0X
1V
0W
0V
#1840000
0!
0U
#1841000
1!
1U
0~
1X
1V
19!
11!
1]
0\
0[
0Y
0|
1{
1z
1y
0w
0N
1P
1Q
1R
1S
1#
1$
1%
1&
0(
#1842000
0!
0U
#1843000
1!
1U
1!!
1W
0V
#1844000
0!
0U
#1845000
1!
1U
1~
0!!
0X
1V
0W
0V
#1846000
0!
0U
#1847000
1!
1U
0~
1X
1V
16!
07!
08!
09!
01!
00!
0/!
1.!
1Y
1|
0{
0z
0y
0P
0Q
0R
0S
0#
0$
0%
0&
#1848000
0!
0U
#1849000
1!
1U
1!!
1W
0V
#1850000
0!
0U
#1851000
1!
1U
1~
0!!
0X
1V
0W
0V
#1852000
0!
0U
#1853000
1!
1U
0~
1X
1V
19!
11!
0^
1[
0Y
1z
0]
0[
1Q
1%
#1854000
0!
0U
#1855000
1!
1U
1!!
1W
0V
#1856000
0!
0U
#1857000
1!
1U
1~
0!!
0X
1V
0W
0V
#1858000
0!
0U
#1859000
1!
1U
0~
1X
1V
06!
09!
01!
0.!
1^
0|
0z
1Y
0Q
1S
1#
0%
15!
1-!
1`
0_
1t
1s
1r
1o
1F
1I
1J
1K
1+
1,
1-
10
#1860000
0!
0U
#1861000
1!
1U
1!!
1W
0V
#1862000
0!
0U
#1863000
1!
1U
1~
0!!
0X
1V
0W
0V
#1864000
0!
0U
#1865000
1!
1U
0~
1X
1V
19!
11!
1[
0Y
1{
1z
1y
1v
1M
1P
1Q
1R
1$
1%
1&
1)
#1866000
0!
0U
#1867000
1!
1U
1!!
1W
0V
#1868000
0!
0U
#1869000
1!
1U
1~
0!!
0X
1V
0W
0V
#1870000
0!
0U
#1871000
1!
1U
0~
1X
1V
18!
09!
01!
10!
1Y
1|
0z
0y
1x
0v
0M
1O
0P
0Q
0S
0#
0%
0&
1'
0)
#1872000
0!
0U
#1873000
1!
1U
1!!
1W
0V
#1874000
0!
0U
#1875000
1!
1U
1~
0!!
0X
1V
0W
0V
#1876000
0!
0U
#1877000
1!
1U
0~
1X
1V
19!
11!
1\
0[
0Y
1z
0x
0O
1Q
1%
0'
#1878000
0!
0U
#1879000
1!
1U
1!!
1W
0V
#1880000
0!
0U
#1881000
1!
1U
1~
0!!
0X
1V
0W
0V
#1882000
0!
0U
#1883000
1!
1U
0~
1X
1V
17!
08!
09!
01!
00!
1/!
1Y
0{
1y
1v
1M
1P
0R
0$
1&
1)
#1884000
0!
0U
#1885000
1!
1U
1!!
1W
0V
#1886000
0!
0U
#1887000
1!
1U
1~
0!!
0X
1V
0W
0V
#1888000
0!
0U
#1889000
1!
1U
0~
1X
1V
19!
11!
1[
0Y
0y
1w
0v
0M
1N
0P
0&
1(
0)
#1890000
0!
0U
#1891000
1!
1U
1!!
1W
0V
#1892000
0!
0U
#1893000
1!
1U
1~
0!!
0X
1V
0W
0V
#1894000
0!
0U
#1895000
1!
1U
0~
1X
1V
18!
09!
01!
10!
1Y
0z
0Q
0%
#1896000
0!
0U
#1897000
1!
1U
1!!
1W
0V
#1898000
0!
0U
#1899000
1!
1U
1~
0!!
0X
1V
0W
0V
#1900000
0!
0U
#1901000
1!
1U
0~
1X
1V
19!
11!
1]
0\
0[
0Y
0|
1{
1z
1y
0w
0N
1P
1Q
1R
1S
1#
1$
1%
1&
0(
#1902000
0!
0U
#1903000
1!
1U
1!!
1W
0V
#1904000
0!
0U
#1905000
1!
1U
1~
0!!
0X
1V
0W
0V
#1906000
0!
0U
#1907000
1!
1U
0~
1X
1V
16!
07!
08!
09!
01!
00!
0/!
1.!
1Y
1|
0{
0z
0y
0P
0Q
0R
0S
0#
0$
0%
0&
#1908000
0!
0U
#1909000
1!
1U
1!!
1W
0V
#1910000
0!
0U
#1911000
1!
1U
1~
0!!
0X
1V
0W
0V
#1912000
0!
0U
#1913000
1!
1U
0~
1X
1V
19!
11!
0^
1[
0Y
1z
0]
0[
1Q
1%
#1914000
0!
0U
#1915000
1!
1U
1!!
1W
0V
#1916000
0!
0U
#1917000
1!
1U
1~
0!!
0X
1V
0W
0V
#1918000
0!
0U
#1919000
1!
1U
0~
1X
1V
06!
09!
01!
0.!
1^
0|
0z
1Y
0Q
1S
1#
0%
14!
05!
0-!
1,!
1_
1u
0s
0r
1q
0o
0F
1H
0I
0J
0L
0*
0,
0-
1.
00
#1920000
0!
0U
#1921000
1!
1U
1!!
1W
0V
#1922000
0!
0U
#1923000
1!
1U
1~
0!!
0X
1V
0W
0V
#1924000
0!
0U
#1925000
1!
1U
0~
1X
1V
19!
11!
1[
0Y
1{
1z
1y
1v
1M
1P
1Q
1R
1$
1%
1&
1)
#1926000
0!
0U
#1927000
1!
1U
1!!
1W
0V
#1928000
0!
0U
#1929000
1!
1U
1~
0!!
0X
1V
0W
0V
#1930000
0!
0U
#1931000
1!
1U
0~
1X
1V
18!
09!
01!
10!
1Y
1|
0z
0y
1x
0v
0M
1O
0P
0Q
0S
0#
0%
0&
1'
0)
#1932000
0!
0U
#1933000
1!
1U
1!!
1W
0V
#1934000
0!
0U
#1935000
1!
1U
1~
0!!
0X
1V
0W
0V
#1936000
0!
0U
#1937000
1!
1U
0~
1X
1V
19!
11!
1\
0[
0Y
1z
0x
0O
1Q
1%
0'
#1938000
0!
0U
#1939000
1!
1U
1!!
1W
0V
#1940000
0!
0U
#1941000
1!
1U
1~
0!!
0X
1V
0W
0V
#1942000
0!
0U
#1943000
1!
1U
0~
1X
1V
17!
08!
09!
01!
00!
1/!
1Y
0{
1y
1v
1M
1P
0R
0$
1&
1)
#1944000
0!
0U
#1945000
1!
1U
1!!
1W
0V
#1946000
0!
0U
#1947000
1!
1U
1~
0!!
0X
1V
0W
0V
#1948000
0!
0U
#1949000
1!
1U
0~
1X
1V
19!
11!
1[
0Y
0y
1w
0v
0M
1N
0P
0&
1(
0)
#1950000
0!
0U
#1951000
1!
1U
1!!
1W
0V
#1952000
0!
0U
#1953000
1!
1U
1~
0!!
0X
1V
0W
0V
#1954000
0!
0U
#1955000
1!
1U
0~
1X
1V
18!
09!
01!
10!
1Y
0z
0Q
0%
#1956000
0!
0U
#1957000
1!
1U
1!!
1W
0V
#1958000
0!
0U
#1959000
1!
1U
1~
0!!
0X
1V
0W
0V
#1960000
0!
0U
#1961000
1!
1U
0~
1X
1V
19!
11!
1]
0\
0[
0Y
0|
1{
1z
1y
0w
0N
1P
1Q
1R
1S
1#
1$
1%
1&
0(
#1962000
0!
0U
#1963000
1!
1U
1!!
1W
0V
#1964000
0!
0U
#1965000
1!
1U
1~
0!!
0X
1V
0W
0V
#1966000
0!
0U
#1967000
1!
1U
0~
1X
1V
16!
07!
08!
09!
01!
00!
0/!
1.!
1Y
1|
0{
0z
0y
0P
0Q
0R
0S
0#
0$
0%
0&
#1968000
0!
0U
#1969000
1!
1U
1!!
1W
0V
#1970000
0!
0U
#1971000
1!
1U
1~
0!!
0X
1V
0W
0V
#1972000
0!
0U
#1973000
1!
1U
0~
1X
1V
19!
11!
0^
1[
0Y
1z
0]
0[
1Q
1%
#1974000
0!
0U
#1975000
1!
1U
1!!
1W
0V
#1976000
0!
0U
#1977000
1!
1U
1~
0!!
0X
1V
0W
0V
#1978000
0!
0U
#1979000
1!
1U
0~
1X
1V
06!
09!
01!
0.!
1^
0|
0z
1Y
0Q
1S
1#
0%
15!
1-!
1a
0`
0_
1s
0q
0H
1J
1,
0.
#1980000
0!
0U
#1981000
1!
1U
1!!
1W
0V
#1982000
0!
0U
#1983000
1!
1U
1~
0!!
0X
1V
0W
0V
#1984000
0!
0U
#1985000
1!
1U
0~
1X
1V
19!
11!
1[
0Y
1{
1z
1y
1v
1M
1P
1Q
1R
1$
1%
1&
1)
#1986000
0!
0U
#1987000
1!
1U
1!!
1W
0V
#1988000
0!
0U
#1989000
1!
1U
1~
0!!
0X
1V
0W
0V
#1990000
0!
0U
#1991000
1!
1U
0~
1X
1V
18!
09!
01!
10!
1Y
1|
0z
0y
1x
0v
0M
1O
0P
0Q
0S
0#
0%
0&
1'
0)
#1992000
0!
0U
#1993000
1!
1U
1!!
1W
0V
#1994000
0!
0U
#1995000
1!
1U
1~
0!!
0X
1V
0W
0V
#1996000
0!
0U
#1997000
1!
1U
0~
1X
1V
19!
11!
1\
0[
0Y
1z
0x
0O
1Q
1%
0'
#1998000
0!
0U
#1999000
1!
1U
1!!
1W
0V
#2000000
0!
0U
#2001000
1!
1U
1~
0!!
0X
1V
0W
0V
#2002000
0!
0U
#2003000
1!
1U
0~
1X
1V
17!
08!
09!
01!
00!
1/!
1Y
0{
1y
1v
1M
1P
0R
0$
1&
1)
#2004000
0!
0U
#2005000
1!
1U
1!!
1W
0V
#2006000
0!
0U
#2007000
1!
1U
1~
0!!
0X
1V
0W
0V
#2008000
0!
0U
#2009000
1!
1U
0~
1X
1V
19!
11!
1[
0Y
0y
1w
0v
0M
1N
0P
0&
1(
0)
#2010000
0!
0U
#2011000
1!
1U
1!!
1W
0V
#2012000
0!
0U
#2013000
1!
1U
1~
0!!
0X
1V
0W
0V
#2014000
0!
0U
#2015000
1!
1U
0~
1X
1V
18!
09!
01!
10!
1Y
0z
0Q
0%
#2016000
0!
0U
#2017000
1!
1U
1!!
1W
0V
#2018000
0!
0U
#2019000
1!
1U
1~
0!!
0X
1V
0W
0V
#2020000
0!
0U
#2021000
1!
1U
0~
1X
1V
19!
11!
1]
0\
0[
0Y
0|
1{
1z
1y
0w
0N
1P
1Q
1R
1S
1#
1$
1%
1&
0(
#2022000
0!
0U
#2023000
1!
1U
1!!
1W
0V
#2024000
0!
0U
#2025000
1!
1U
1~
0!!
0X
1V
0W
0V
#2026000
0!
0U
#2027000
1!
1U
0~
1X
1V
16!
07!
08!
09!
01!
00!
0/!
1.!
1Y
1|
0{
0z
0y
0P
0Q
0R
0S
0#
0$
0%
0&
#2028000
0!
0U
#2029000
1!
1U
1!!
1W
0V
#2030000
0!
0U
#2031000
1!
1U
1~
0!!
0X
1V
0W
0V
#2032000
0!
0U
#2033000
1!
1U
0~
1X
1V
19!
11!
0^
1[
0Y
1z
0]
0[
1Q
1%
#2034000
0!
0U
#2035000
1!
1U
1!!
1W
0V
#2036000
0!
0U
#2037000
1!
1U
1~
0!!
0X
1V
0W
0V
#2038000
0!
0U
#2039000
1!
1U
0~
1X
1V
06!
09!
01!
0.!
1^
0|
0z
1Y
0Q
1S
1#
0%
13!
04!
05!
0-!
0,!
1+!
1_
0t
1r
1o
1F
1I
0K
0+
1-
10
#2040000
0!
0U
#2041000
1!
1U
1!!
1W
0V
#2042000
0!
0U
#2043000
1!
1U
1~
0!!
0X
1V
0W
0V
#2044000
0!
0U
#2045000
1!
1U
0~
1X
1V
19!
11!
1[
0Y
1{
1z
1y
1v
1M
1P
1Q
1R
1$
1%
1&
1)
#2046000
0!
0U
#2047000
1!
1U
1!!
1W
0V
#2048000
0!
0U
#2049000
1!
1U
1~
0!!
0X
1V
0W
0V
#2050000
0!
0U
#2051000
1!
1U
0~
1X
1V
18!
09!
01!
10!
1Y
1|
0z
0y
1x
0v
0M
1O
0P
0Q
0S
0#
0%
0&
1'
0)
#2052000
0!
0U
#2053000
1!
1U
1!!
1W
0V
#2054000
0!
0U
#2055000
1!
1U
1~
0!!
0X
1V
0W
0V
#2056000
0!
0U
#2057000
1!
1U
0~
1X
1V
19!
11!
1\
0[
0Y
1z
0x
0O
1Q
1%
0'
#2058000
0!
0U
#2059000
1!
1U
1!!
1W
0V
#2060000
0!
0U
#2061000
1!
1U
1~
0!!
0X
1V
0W
0V
#2062000
0!
0U
#2063000
1!
1U
0~
1X
1V
17!
08!
09!
01!
00!
1/!
1Y
0{
1y
1v
1M
1P
0R
0$
1&
1)
#2064000
0!
0U
#2065000
1!
1U
1!!
1W
0V
#2066000
0!
0U
#2067000
1!
1U
1~
0!!
0X
1V
0W
0V
#2068000
0!
0U
#2069000
1!
1U
0~
1X
1V
19!
11!
1[
0Y
0y
1w
0v
0M
1N
0P
0&
1(
0)
#2070000
0!
0U
#2071000
1!
1U
1!!
1W
0V
#2072000
0!
0U
#2073000
1!
1U
1~
0!!
0X
1V
0W
0V
#2074000
0!
0U
#2075000
1!
1U
0~
1X
1V
18!
09!
01!
10!
1Y
0z
0Q
0%
#2076000
0!
0U
#2077000
1!
1U
1!!
1W
0V
#2078000
0!
0U
#2079000
1!
1U
1~
0!!
0X
1V
0W
0V
#2080000
0!
0U
#2081000
1!
1U
0~
1X
1V
19!
11!
1]
0\
0[
0Y
0|
1{
1z
1y
0w
0N
1P
1Q
1R
1S
1#
1$
1%
1&
0(
#2082000
0!
0U
#2083000
1!
1U
1!!
1W
0V
#2084000
0!
0U
#2085000
1!
1U
1~
0!!
0X
1V
0W
0V
#2086000
0!
0U
#2087000
1!
1U
0~
1X
1V
16!
07!
08!
09!
01!
00!
0/!
1.!
1Y
1|
0{
0z
0y
0P
0Q
0R
0S
0#
0$
0%
0&
#2088000
0!
0U
#2089000
1!
1U
1!!
1W
0V
#2090000
0!
0U
#2091000
1!
1U
1~
0!!
0X
1V
0W
0V
#2092000
0!
0U
#2093000
1!
1U
0~
1X
1V
19!
11!
0^
1[
0Y
1z
0]
0[
1Q
1%
#2094000
0!
0U
#2095000
1!
1U
1!!
1W
0V
#2096000
0!
0U
#2097000
1!
1U
1~
0!!
0X
1V
0W
0V
#2098000
0!
0U
#2099000
1!
1U
0~
1X
1V
06!
09!
01!
0.!
1^
0|
0z
1Y
0Q
1S
1#
0%
15!
1-!
1`
0_
0r
1p
0o
0F
1G
0I
0-
1/
00
#2100000
0!
0U
#2101000
1!
1U
1!!
1W
0V
#2102000
0!
0U
#2103000
1!
1U
1~
0!!
0X
1V
0W
0V
#2104000
0!
0U
#2105000
1!
1U
0~
1X
1V
19!
11!
1[
0Y
1{
1z
1y
1v
1M
1P
1Q
1R
1$
1%
1&
1)
#2106000
0!
0U
#2107000
1!
1U
1!!
1W
0V
#2108000
0!
0U
#2109000
1!
1U
1~
0!!
0X
1V
0W
0V
#2110000
0!
0U
#2111000
1!
1U
0~
1X
1V
18!
09!
01!
10!
1Y
1|
0z
0y
1x
0v
0M
1O
0P
0Q
0S
0#
0%
0&
1'
0)
#2112000
0!
0U
#2113000
1!
1U
1!!
1W
0V
#2114000
0!
0U
#2115000
1!
1U
1~
0!!
0X
1V
0W
0V
#2116000
0!
0U
#2117000
1!
1U
0~
1X
1V
19!
11!
1\
0[
0Y
1z
0x
0O
1Q
1%
0'
#2118000
0!
0U
#2119000
1!
1U
1!!
1W
0V
#2120000
0!
0U
#2121000
1!
1U
1~
0!!
0X
1V
0W
0V
#2122000
0!
0U
#2123000
1!
1U
0~
1X
1V
17!
08!
09!
01!
00!
1/!
1Y
0{
1y
1v
1M
1P
0R
0$
1&
1)
#2124000
0!
0U
#2125000
1!
1U
1!!
1W
0V
#2126000
0!
0U
#2127000
1!
1U
1~
0!!
0X
1V
0W
0V
#2128000
0!
0U
#2129000
1!
1U
0~
1X
1V
19!
11!
1[
0Y
0y
1w
0v
0M
1N
0P
0&
1(
0)
#2130000
0!
0U
#2131000
1!
1U
1!!
1W
0V
#2132000
0!
0U
#2133000
1!
1U
1~
0!!
0X
1V
0W
0V
#2134000
0!
0U
#2135000
1!
1U
0~
1X
1V
18!
09!
01!
10!
1Y
0z
0Q
0%
#2136000
0!
0U
#2137000
1!
1U
1!!
1W
0V
#2138000
0!
0U
#2139000
1!
1U
1~
0!!
0X
1V
0W
0V
#2140000
0!
0U
#2141000
1!
1U
0~
1X
1V
19!
11!
1]
0\
0[
0Y
0|
1{
1z
1y
0w
0N
1P
1Q
1R
1S
1#
1$
1%
1&
0(
#2142000
0!
0U
#2143000
1!
1U
1!!
1W
0V
#2144000
0!
0U
#2145000
1!
1U
1~
0!!
0X
1V
0W
0V
#2146000
0!
0U
#2147000
1!
1U
0~
1X
1V
16!
07!
08!
09!
01!
00!
0/!
1.!
1Y
1|
0{
0z
0y
0P
0Q
0R
0S
0#
0$
0%
0&
#2148000
0!
0U
#2149000
1!
1U
1!!
1W
0V
#2150000
0!
0U
#2151000
1!
1U
1~
0!!
0X
1V
0W
0V
#2152000
0!
0U
#2153000
1!
1U
0~
1X
1V
19!
11!
0^
1[
0Y
1z
0]
0[
1Q
1%
#2154000
0!
0U
#2155000
1!
1U
1!!
1W
0V
#2156000
0!
0U
#2157000
1!
1U
1~
0!!
0X
1V
0W
0V
#2158000
0!
0U
#2159000
1!
1U
0~
1X
1V
06!
09!
01!
0.!
1^
0|
0z
1Y
0Q
1S
1#
0%
14!
05!
0-!
1,!
1_
0s
0J
0,
#2160000
0!
0U
#2161000
1!
1U
1!!
1W
0V
#2162000
0!
0U
#2163000
1!
1U
1~
0!!
0X
1V
0W
0V
#2164000
0!
0U
#2165000
1!
1U
0~
1X
1V
19!
11!
1[
0Y
1{
1z
1y
1v
1M
1P
1Q
1R
1$
1%
1&
1)
#2166000
0!
0U
#2167000
1!
1U
1!!
1W
0V
#2168000
0!
0U
#2169000
1!
1U
1~
0!!
0X
1V
0W
0V
#2170000
0!
0U
#2171000
1!
1U
0~
1X
1V
18!
09!
01!
10!
1Y
1|
0z
0y
1x
0v
0M
1O
0P
0Q
0S
0#
0%
0&
1'
0)
#2172000
0!
0U
#2173000
1!
1U
1!!
1W
0V
#2174000
0!
0U
#2175000
1!
1U
1~
0!!
0X
1V
0W
0V
#2176000
0!
0U
#2177000
1!
1U
0~
1X
1V
19!
11!
1\
0[
0Y
1z
0x
0O
1Q
1%
0'
#2178000
0!
0U
#2179000
1!
1U
1!!
1W
0V
#2180000
0!
0U
#2181000
1!
1U
1~
0!!
0X
1V
0W
0V
#2182000
0!
0U
#2183000
1!
1U
0~
1X
1V
17!
08!
09!
01!
00!
1/!
1Y
0{
1y
1v
1M
1P
0R
0$
1&
1)
#2184000
0!
0U
#2185000
1!
1U
1!!
1W
0V
#2186000
0!
0U
#2187000
1!
1U
1~
0!!
0X
1V
0W
0V
#2188000
0!
0U
#2189000
1!
1U
0~
1X
1V
19!
11!
1[
0Y
0y
1w
0v
0M
1N
0P
0&
1(
0)
#2190000
0!
0U
#2191000
1!
1U
1!!
1W
0V
#2192000
0!
0U
#2193000
1!
1U
1~
0!!
0X
1V
0W
0V
#2194000
0!
0U
#2195000
1!
1U
0~
1X
1V
18!
09!
01!
10!
1Y
0z
0Q
0%
#2196000
0!
0U
#2197000
1!
1U
1!!
1W
0V
#2198000
0!
0U
#2199000
1!
1U
1~
0!!
0X
1V
0W
0V
#2200000
0!
0U
#2201000
1!
1U
0~
1X
1V
19!
11!
1]
0\
0[
0Y
0|
1{
1z
1y
0w
0N
1P
1Q
1R
1S
1#
1$
1%
1&
0(
#2202000
0!
0U
#2203000
1!
1U
1!!
1W
0V
#2204000
0!
0U
#2205000
1!
1U
1~
0!!
0X
1V
0W
0V
#2206000
0!
0U
#2207000
1!
1U
0~
1X
1V
16!
07!
08!
09!
01!
00!
0/!
1.!
1Y
1|
0{
0z
0y
0P
0Q
0R
0S
0#
0$
0%
0&
#2208000
0!
0U
#2209000
1!
1U
1!!
1W
0V
#2210000
0!
0U
#2211000
1!
1U
1~
0!!
0X
1V
0W
0V
#2212000
0!
0U
#2213000
1!
1U
0~
1X
1V
19!
11!
0^
1[
0Y
1z
0]
0[
1Q
1%
#2214000
0!
0U
#2215000
1!
1U
1!!
1W
0V
#2216000
0!
0U
#2217000
1!
1U
1~
0!!
0X
1V
0W
0V
#2218000
0!
0U
#2219000
1!
1U
0~
1X
1V
06!
09!
01!
0.!
1^
0|
0z
1Y
0Q
1S
1#
0%
15!
1-!
1b
0a
0`
0_
0u
1t
1s
1r
0p
0G
1I
1J
1K
1L
1*
1+
1,
1-
0/
#2220000
0!
0U
#2221000
1!
1U
1!!
1W
0V
#2222000
0!
0U
#2223000
1!
1U
1~
0!!
0X
1V
0W
0V
#2224000
0!
0U
#2225000
1!
1U
0~
1X
1V
19!
11!
1[
0Y
1{
1z
1y
1v
1M
1P
1Q
1R
1$
1%
1&
1)
#2226000
0!
0U
#2227000
1!
1U
1!!
1W
0V
#2228000
0!
0U
#2229000
1!
1U
1~
0!!
0X
1V
0W
0V
#2230000
0!
0U
#2231000
1!
1U
0~
1X
1V
18!
09!
01!
10!
1Y
1|
0z
0y
1x
0v
0M
1O
0P
0Q
0S
0#
0%
0&
1'
0)
#2232000
0!
0U
#2233000
1!
1U
1!!
1W
0V
#2234000
0!
0U
#2235000
1!
1U
1~
0!!
0X
1V
0W
0V
#2236000
0!
0U
#2237000
1!
1U
0~
1X
1V
19!
11!
1\
0[
0Y
1z
0x
0O
1Q
1%
0'
#2238000
0!
0U
#2239000
1!
1U
1!!
1W
0V
#2240000
0!
0U
#2241000
1!
1U
1~
0!!
0X
1V
0W
0V
#2242000
0!
0U
#2243000
1!
1U
0~
1X
1V
17!
08!
09!
01!
00!
1/!
1Y
0{
1y
1v
1M
1P
0R
0$
1&
1)
#2244000
0!
0U
#2245000
1!
1U
1!!
1W
0V
#2246000
0!
0U
#2247000
1!
1U
1~
0!!
0X
1V
0W
0V
#2248000
0!
0U
#2249000
1!
1U
0~
1X
1V
19!
11!
1[
0Y
0y
1w
0v
0M
1N
0P
0&
1(
0)
#2250000
0!
0U
#2251000
1!
1U
1!!
1W
0V
#2252000
0!
0U
#2253000
1!
1U
1~
0!!
0X
1V
0W
0V
#2254000
0!
0U
#2255000
1!
1U
0~
1X
1V
18!
09!
01!
10!
1Y
0z
0Q
0%
#2256000
0!
0U
#2257000
1!
1U
1!!
1W
0V
#2258000
0!
0U
#2259000
1!
1U
1~
0!!
0X
1V
0W
0V
#2260000
0!
0U
#2261000
1!
1U
0~
1X
1V
19!
11!
1]
0\
0[
0Y
0|
1{
1z
1y
0w
0N
1P
1Q
1R
1S
1#
1$
1%
1&
0(
#2262000
0!
0U
#2263000
1!
1U
1!!
1W
0V
#2264000
0!
0U
#2265000
1!
1U
1~
0!!
0X
1V
0W
0V
#2266000
0!
0U
#2267000
1!
1U
0~
1X
1V
16!
07!
08!
09!
01!
00!
0/!
1.!
1Y
1|
0{
0z
0y
0P
0Q
0R
0S
0#
0$
0%
0&
#2268000
0!
0U
#2269000
1!
1U
1!!
1W
0V
#2270000
0!
0U
#2271000
1!
1U
1~
0!!
0X
1V
0W
0V
#2272000
0!
0U
#2273000
1!
1U
0~
1X
1V
19!
11!
0^
1[
0Y
1z
0]
0[
1Q
1%
#2274000
0!
0U
#2275000
1!
1U
1!!
1W
0V
#2276000
0!
0U
#2277000
1!
1U
1~
0!!
0X
1V
0W
0V
#2278000
0!
0U
#2279000
1!
1U
0~
1X
1V
06!
09!
01!
0.!
1^
0|
0z
1Y
0Q
1S
1#
0%
12!
03!
04!
05!
0-!
0,!
0+!
1*!
1_
1u
0t
0s
0r
0I
0J
0K
0L
0*
0+
0,
0-
#2280000
0!
0U
#2281000
1!
1U
1!!
1W
0V
#2282000
0!
0U
#2283000
1!
1U
1~
0!!
0X
1V
0W
0V
#2284000
0!
0U
#2285000
1!
1U
0~
1X
1V
19!
11!
1[
0Y
1{
1z
1y
1v
1M
1P
1Q
1R
1$
1%
1&
1)
#2286000
0!
0U
#2287000
1!
1U
1!!
1W
0V
#2288000
0!
0U
#2289000
1!
1U
1~
0!!
0X
1V
0W
0V
#2290000
0!
0U
#2291000
1!
1U
0~
1X
1V
18!
09!
01!
10!
1Y
1|
0z
0y
1x
0v
0M
1O
0P
0Q
0S
0#
0%
0&
1'
0)
#2292000
0!
0U
#2293000
1!
1U
1!!
1W
0V
#2294000
0!
0U
#2295000
1!
1U
1~
0!!
0X
1V
0W
0V
#2296000
0!
0U
#2297000
1!
1U
0~
1X
1V
19!
11!
1\
0[
0Y
1z
0x
0O
1Q
1%
0'
#2298000
0!
0U
#2299000
1!
1U
1!!
1W
0V
#2300000
0!
0U
#2301000
1!
1U
1~
0!!
0X
1V
0W
0V
#2302000
0!
0U
#2303000
1!
1U
0~
1X
1V
17!
08!
09!
01!
00!
1/!
1Y
0{
1y
1v
1M
1P
0R
0$
1&
1)
#2304000
0!
0U
#2305000
1!
1U
1!!
1W
0V
#2306000
0!
0U
#2307000
1!
1U
1~
0!!
0X
1V
0W
0V
#2308000
0!
0U
#2309000
1!
1U
0~
1X
1V
19!
11!
1[
0Y
0y
1w
0v
0M
1N
0P
0&
1(
0)
#2310000
0!
0U
#2311000
1!
1U
1!!
1W
0V
#2312000
0!
0U
#2313000
1!
1U
1~
0!!
0X
1V
0W
0V
#2314000
0!
0U
#2315000
1!
1U
0~
1X
1V
18!
09!
01!
10!
1Y
0z
0Q
0%
#2316000
0!
0U
#2317000
1!
1U
1!!
1W
0V
#2318000
0!
0U
#2319000
1!
1U
1~
0!!
0X
1V
0W
0V
#2320000
0!
0U
#2321000
1!
1U
0~
1X
1V
19!
11!
1]
0\
0[
0Y
0|
1{
1z
1y
0w
0N
1P
1Q
1R
1S
1#
1$
1%
1&
0(
#2322000
0!
0U
#2323000
1!
1U
1!!
1W
0V
#2324000
0!
0U
#2325000
1!
1U
1~
0!!
0X
1V
0W
0V
#2326000
0!
0U
#2327000
1!
1U
0~
1X
1V
16!
07!
08!
09!
01!
00!
0/!
1.!
1Y
1|
0{
0z
0y
0P
0Q
0R
0S
0#
0$
0%
0&
#2328000
0!
0U
#2329000
1!
1U
1!!
1W
0V
#2330000
0!
0U
#2331000
1!
1U
1~
0!!
0X
1V
0W
0V
#2332000
0!
0U
#2333000
1!
1U
0~
1X
1V
19!
11!
0^
1[
0Y
1z
0]
0[
1Q
1%
#2334000
0!
0U
#2335000
1!
1U
1!!
1W
0V
#2336000
0!
0U
#2337000
1!
1U
1~
0!!
0X
1V
0W
0V
#2338000
0!
0U
#2339000
1!
1U
0~
1X
1V
06!
09!
01!
0.!
1^
0|
0z
1Y
0Q
1S
1#
0%
15!
1-!
0c
1`
0_
1s
0b
0`
1J
1,
#2340000
0!
0U
#2341000
1!
1U
1!!
1W
0V
#2342000
0!
0U
#2343000
1!
1U
1~
0!!
0X
1V
0W
0V
#2344000
0!
0U
#2345000
1!
1U
0~
1X
1V
19!
11!
1[
0Y
1{
1z
1y
1v
1M
1P
1Q
1R
1$
1%
1&
1)
#2346000
0!
0U
#2347000
1!
1U
1!!
1W
0V
#2348000
0!
0U
#2349000
1!
1U
1~
0!!
0X
1V
0W
0V
#2350000
0!
0U
#2351000
1!
1U
0~
1X
1V
18!
09!
01!
10!
1Y
1|
0z
0y
1x
0v
0M
1O
0P
0Q
0S
0#
0%
0&
1'
0)
#2352000
0!
0U
#2353000
1!
1U
1!!
1W
0V
#2354000
0!
0U
#2355000
1!
1U
1~
0!!
0X
1V
0W
0V
#2356000
0!
0U
#2357000
1!
1U
0~
1X
1V
19!
11!
1\
0[
0Y
1z
0x
0O
1Q
1%
0'
#2358000
0!
0U
#2359000
1!
1U
1!!
1W
0V
#2360000
0!
0U
#2361000
1!
1U
1~
0!!
0X
1V
0W
0V
#2362000
0!
0U
#2363000
1!
1U
0~
1X
1V
17!
08!
09!
01!
00!
1/!
1Y
0{
1y
1v
1M
1P
0R
0$
1&
1)
#2364000
0!
0U
#2365000
1!
1U
1!!
1W
0V
#2366000
0!
0U
#2367000
1!
1U
1~
0!!
0X
1V
0W
0V
#2368000
0!
0U
#2369000
1!
1U
0~
1X
1V
19!
11!
1[
0Y
0y
1w
0v
0M
1N
0P
0&
1(
0)
#2370000
0!
0U
#2371000
1!
1U
1!!
1W
0V
#2372000
0!
0U
#2373000
1!
1U
1~
0!!
0X
1V
0W
0V
#2374000
0!
0U
#2375000
1!
1U
0~
1X
1V
18!
09!
01!
10!
1Y
0z
0Q
0%
#2376000
0!
0U
#2377000
1!
1U
1!!
1W
0V
#2378000
0!
0U
#2379000
1!
1U
1~
0!!
0X
1V
0W
0V
#2380000
0!
0U
#2381000
1!
1U
0~
1X
1V
19!
11!
1]
0\
0[
0Y
0|
1{
1z
1y
0w
0N
1P
1Q
1R
1S
1#
1$
1%
1&
0(
#2382000
0!
0U
#2383000
1!
1U
1!!
1W
0V
#2384000
0!
0U
#2385000
1!
1U
1~
0!!
0X
1V
0W
0V
#2386000
0!
0U
#2387000
1!
1U
0~
1X
1V
16!
07!
08!
09!
01!
00!
0/!
1.!
1Y
1|
0{
0z
0y
0P
0Q
0R
0S
0#
0$
0%
0&
#2388000
0!
0U
#2389000
1!
1U
1!!
1W
0V
#2390000
0!
0U
#2391000
1!
1U
1~
0!!
0X
1V
0W
0V
#2392000
0!
0U
#2393000
1!
1U
0~
1X
1V
19!
11!
0^
1[
0Y
1z
0]
0[
1Q
1%
#2394000
0!
0U
#2395000
1!
1U
1!!
1W
0V
#2396000
0!
0U
#2397000
1!
1U
1~
0!!
0X
1V
0W
0V
#2398000
0!
0U
#2399000
1!
1U
0~
1X
1V
06!
09!
01!
0.!
1^
0|
0z
1Y
0Q
1S
1#
0%
02!
05!
0-!
0*!
1c
0u
0s
1_
0J
1L
1*
0,
0$!
1#!
0%!
0)!
1'!
0(!
1d
0m
1k
1h
1?
1B
0D
02
14
17
#2400000
0!
0U
#2401000
1!
1U
1!!
1W
0V
#2402000
0!
0U
#2403000
1!
1U
1~
0!!
0X
1V
0W
0V
#2404000
0!
0U
#2405000
1!
1U
0~
1X
1V
19!
11!
1[
0Y
1{
1z
1y
1v
1M
1P
1Q
1R
1$
1%
1&
1)
#2406000
0!
0U
#2407000
1!
1U
1!!
1W
0V
#2408000
0!
0U
#2409000
1!
1U
1~
0!!
0X
1V
0W
0V
#2410000
0!
0U
#2411000
1!
1U
0~
1X
1V
18!
09!
01!
10!
1Y
1|
0z
0y
1x
0v
0M
1O
0P
0Q
0S
0#
0%
0&
1'
0)
#2412000
0!
0U
#2413000
1!
1U
1!!
1W
0V
#2414000
0!
0U
#2415000
1!
1U
1~
0!!
0X
1V
0W
0V
#2416000
0!
0U
#2417000
1!
1U
0~
1X
1V
19!
11!
1\
0[
0Y
1z
0x
0O
1Q
1%
0'
#2418000
0!
0U
#2419000
1!
1U
1!!
1W
0V
#2420000
0!
0U
#2421000
1!
1U
1~
0!!
0X
1V
0W
0V
#2422000
0!
0U
#2423000
1!
1U
0~
1X
1V
17!
08!
09!
01!
00!
1/!
1Y
0{
1y
1v
1M
1P
0R
0$
1&
1)
#2424000
0!
0U
#2425000
1!
1U
1!!
1W
0V
#2426000
0!
0U
#2427000
1!
1U
1~
0!!
0X
1V
0W
0V
#2428000
0!
0U
#2429000
1!
1U
0~
1X
1V
19!
11!
1[
0Y
0y
1w
0v
0M
1N
0P
0&
1(
0)
#2430000
0!
0U
#2431000
1!
1U
1!!
1W
0V
#2432000
0!
0U
#2433000
1!
1U
1~
0!!
0X
1V
0W
0V
#2434000
0!
0U
#2435000
1!
1U
0~
1X
1V
18!
09!
01!
10!
1Y
0z
0Q
0%
#2436000
0!
0U
#2437000
1!
1U
1!!
1W
0V
#2438000
0!
0U
#2439000
1!
1U
1~
0!!
0X
1V
0W
0V
#2440000
0!
0U
#2441000
1!
1U
0~
1X
1V
19!
11!
1]
0\
0[
0Y
0|
1{
1z
1y
0w
0N
1P
1Q
1R
1S
1#
1$
1%
1&
0(
#2442000
0!
0U
#2443000
1!
1U
1!!
1W
0V
#2444000
0!
0U
#2445000
1!
1U
1~
0!!
0X
1V
0W
0V
#2446000
0!
0U
#2447000
1!
1U
0~
1X
1V
16!
07!
08!
09!
01!
00!
0/!
1.!
1Y
1|
0{
0z
0y
0P
0Q
0R
0S
0#
0$
0%
0&
#2448000
0!
0U
#2449000
1!
1U
1!!
1W
0V
#2450000
0!
0U
#2451000
1!
1U
1~
0!!
0X
1V
0W
0V
#2452000
0!
0U
#2453000
1!
1U
0~
1X
1V
19!
11!
0^
1[
0Y
1z
0]
0[
1Q
1%
#2454000
0!
0U
#2455000
1!
1U
1!!
1W
0V
#2456000
0!
0U
#2457000
1!
1U
1~
0!!
0X
1V
0W
0V
#2458000
0!
0U
#2459000
1!
1U
0~
1X
1V
06!
09!
01!
0.!
1^
0|
0z
1Y
0Q
1S
1#
0%
15!
1-!
1`
0_
1t
1s
1r
1o
1F
1I
1J
1K
1+
1,
1-
10
#2460000
0!
0U
#2461000
1!
1U
1!!
1W
0V
#2462000
0!
0U
#2463000
1!
1U
1~
0!!
0X
1V
0W
0V
#2464000
0!
0U
#2465000
1!
1U
0~
1X
1V
19!
11!
1[
0Y
1{
1z
1y
1v
1M
1P
1Q
1R
1$
1%
1&
1)
#2466000
0!
0U
#2467000
1!
1U
1!!
1W
0V
#2468000
0!
0U
#2469000
1!
1U
1~
0!!
0X
1V
0W
0V
#2470000
0!
0U
#2471000
1!
1U
0~
1X
1V
18!
09!
01!
10!
1Y
1|
0z
0y
1x
0v
0M
1O
0P
0Q
0S
0#
0%
0&
1'
0)
#2472000
0!
0U
#2473000
1!
1U
1!!
1W
0V
#2474000
0!
0U
#2475000
1!
1U
1~
0!!
0X
1V
0W
0V
#2476000
0!
0U
#2477000
1!
1U
0~
1X
1V
19!
11!
1\
0[
0Y
1z
0x
0O
1Q
1%
0'
#2478000
0!
0U
#2479000
1!
1U
1!!
1W
0V
#2480000
0!
0U
#2481000
1!
1U
1~
0!!
0X
1V
0W
0V
#2482000
0!
0U
#2483000
1!
1U
0~
1X
1V
17!
08!
09!
01!
00!
1/!
1Y
0{
1y
1v
1M
1P
0R
0$
1&
1)
#2484000
0!
0U
#2485000
1!
1U
1!!
1W
0V
#2486000
0!
0U
#2487000
1!
1U
1~
0!!
0X
1V
0W
0V
#2488000
0!
0U
#2489000
1!
1U
0~
1X
1V
19!
11!
1[
0Y
0y
1w
0v
0M
1N
0P
0&
1(
0)
#2490000
0!
0U
#2491000
1!
1U
1!!
1W
0V
#2492000
0!
0U
#2493000
1!
1U
1~
0!!
0X
1V
0W
0V
#2494000
0!
0U
#2495000
1!
1U
0~
1X
1V
18!
09!
01!
10!
1Y
0z
0Q
0%
#2496000
0!
0U
#2497000
1!
1U
1!!
1W
0V
#2498000
0!
0U
#2499000
1!
1U
1~
0!!
0X
1V
0W
0V
#2500000
0!
0U
#2501000
1!
1U
0~
1X
1V
19!
11!
1]
0\
0[
0Y
0|
1{
1z
1y
0w
0N
1P
1Q
1R
1S
1#
1$
1%
1&
0(
#2502000
0!
0U
#2503000
1!
1U
1!!
1W
0V
#2504000
0!
0U
#2505000
1!
1U
1~
0!!
0X
1V
0W
0V
#2506000
0!
0U
#2507000
1!
1U
0~
1X
1V
16!
07!
08!
09!
01!
00!
0/!
1.!
1Y
1|
0{
0z
0y
0P
0Q
0R
0S
0#
0$
0%
0&
#2508000
0!
0U
#2509000
1!
1U
1!!
1W
0V
#2510000
0!
0U
#2511000
1!
1U
1~
0!!
0X
1V
0W
0V
#2512000
0!
0U
#2513000
1!
1U
0~
1X
1V
19!
11!
0^
1[
0Y
1z
0]
0[
1Q
1%
#2514000
0!
0U
#2515000
1!
1U
1!!
1W
0V
#2516000
0!
0U
#2517000
1!
1U
1~
0!!
0X
1V
0W
0V
#2518000
0!
0U
#2519000
1!
1U
0~
1X
1V
06!
09!
01!
0.!
1^
0|
0z
1Y
0Q
1S
1#
0%
14!
05!
0-!
1,!
1_
1u
0s
0r
1q
0o
0F
1H
0I
0J
0L
0*
0,
0-
1.
00
#2520000
0!
0U
#2521000
1!
1U
1!!
1W
0V
#2522000
0!
0U
#2523000
1!
1U
1~
0!!
0X
1V
0W
0V
#2524000
0!
0U
#2525000
1!
1U
0~
1X
1V
19!
11!
1[
0Y
1{
1z
1y
1v
1M
1P
1Q
1R
1$
1%
1&
1)
#2526000
0!
0U
#2527000
1!
1U
1!!
1W
0V
#2528000
0!
0U
#2529000
1!
1U
1~
0!!
0X
1V
0W
0V
#2530000
0!
0U
#2531000
1!
1U
0~
1X
1V
18!
09!
01!
10!
1Y
1|
0z
0y
1x
0v
0M
1O
0P
0Q
0S
0#
0%
0&
1'
0)
#2532000
0!
0U
#2533000
1!
1U
1!!
1W
0V
#2534000
0!
0U
#2535000
1!
1U
1~
0!!
0X
1V
0W
0V
#2536000
0!
0U
#2537000
1!
1U
0~
1X
1V
19!
11!
1\
0[
0Y
1z
0x
0O
1Q
1%
0'
#2538000
0!
0U
#2539000
1!
1U
1!!
1W
0V
#2540000
0!
0U
#2541000
1!
1U
1~
0!!
0X
1V
0W
0V
#2542000
0!
0U
#2543000
1!
1U
0~
1X
1V
17!
08!
09!
01!
00!
1/!
1Y
0{
1y
1v
1M
1P
0R
0$
1&
1)
#2544000
0!
0U
#2545000
1!
1U
1!!
1W
0V
#2546000
0!
0U
#2547000
1!
1U
1~
0!!
0X
1V
0W
0V
#2548000
0!
0U
#2549000
1!
1U
0~
1X
1V
19!
11!
1[
0Y
0y
1w
0v
0M
1N
0P
0&
1(
0)
#2550000
0!
0U
#2551000
1!
1U
1!!
1W
0V
#2552000
0!
0U
#2553000
1!
1U
1~
0!!
0X
1V
0W
0V
#2554000
0!
0U
#2555000
1!
1U
0~
1X
1V
18!
09!
01!
10!
1Y
0z
0Q
0%
#2556000
0!
0U
#2557000
1!
1U
1!!
1W
0V
#2558000
0!
0U
#2559000
1!
1U
1~
0!!
0X
1V
0W
0V
#2560000
0!
0U
#2561000
1!
1U
0~
1X
1V
19!
11!
1]
0\
0[
0Y
0|
1{
1z
1y
0w
0N
1P
1Q
1R
1S
1#
1$
1%
1&
0(
#2562000
0!
0U
#2563000
1!
1U
1!!
1W
0V
#2564000
0!
0U
#2565000
1!
1U
1~
0!!
0X
1V
0W
0V
#2566000
0!
0U
#2567000
1!
1U
0~
1X
1V
16!
07!
08!
09!
01!
00!
0/!
1.!
1Y
1|
0{
0z
0y
0P
0Q
0R
0S
0#
0$
0%
0&
#2568000
0!
0U
#2569000
1!
1U
1!!
1W
0V
#2570000
0!
0U
#2571000
1!
1U
1~
0!!
0X
1V
0W
0V
#2572000
0!
0U
#2573000
1!
1U
0~
1X
1V
19!
11!
0^
1[
0Y
1z
0]
0[
1Q
1%
#2574000
0!
0U
#2575000
1!
1U
1!!
1W
0V
#2576000
0!
0U
#2577000
1!
1U
1~
0!!
0X
1V
0W
0V
#2578000
0!
0U
#2579000
1!
1U
0~
1X
1V
06!
09!
01!
0.!
1^
0|
0z
1Y
0Q
1S
1#
0%
15!
1-!
1a
0`
0_
1s
0q
0H
1J
1,
0.
#2580000
0!
0U
#2581000
1!
1U
1!!
1W
0V
#2582000
0!
0U
#2583000
1!
1U
1~
0!!
0X
1V
0W
0V
#2584000
0!
0U
#2585000
1!
1U
0~
1X
1V
19!
11!
1[
0Y
1{
1z
1y
1v
1M
1P
1Q
1R
1$
1%
1&
1)
#2586000
0!
0U
#2587000
1!
1U
1!!
1W
0V
#2588000
0!
0U
#2589000
1!
1U
1~
0!!
0X
1V
0W
0V
#2590000
0!
0U
#2591000
1!
1U
0~
1X
1V
18!
09!
01!
10!
1Y
1|
0z
0y
1x
0v
0M
1O
0P
0Q
0S
0#
0%
0&
1'
0)
#2592000
0!
0U
#2593000
1!
1U
1!!
1W
0V
#2594000
0!
0U
#2595000
1!
1U
1~
0!!
0X
1V
0W
0V
#2596000
0!
0U
#2597000
1!
1U
0~
1X
1V
19!
11!
1\
0[
0Y
1z
0x
0O
1Q
1%
0'
#2598000
0!
0U
#2599000
1!
1U
1!!
1W
0V
#2600000
0!
0U
#2601000
1!
1U
1~
0!!
0X
1V
0W
0V
#2602000
0!
0U
#2603000
1!
1U
0~
1X
1V
17!
08!
09!
01!
00!
1/!
1Y
0{
1y
1v
1M
1P
0R
0$
1&
1)
#2604000
0!
0U
#2605000
1!
1U
1!!
1W
0V
#2606000
0!
0U
#2607000
1!
1U
1~
0!!
0X
1V
0W
0V
#2608000
0!
0U
#2609000
1!
1U
0~
1X
1V
19!
11!
1[
0Y
0y
1w
0v
0M
1N
0P
0&
1(
0)
#2610000
0!
0U
#2611000
1!
1U
1!!
1W
0V
#2612000
0!
0U
#2613000
1!
1U
1~
0!!
0X
1V
0W
0V
#2614000
0!
0U
#2615000
1!
1U
0~
1X
1V
18!
09!
01!
10!
1Y
0z
0Q
0%
#2616000
0!
0U
#2617000
1!
1U
1!!
1W
0V
#2618000
0!
0U
#2619000
1!
1U
1~
0!!
0X
1V
0W
0V
#2620000
0!
0U
#2621000
1!
1U
0~
1X
1V
19!
11!
1]
0\
0[
0Y
0|
1{
1z
1y
0w
0N
1P
1Q
1R
1S
1#
1$
1%
1&
0(
#2622000
0!
0U
#2623000
1!
1U
1!!
1W
0V
#2624000
0!
0U
#2625000
1!
1U
1~
0!!
0X
1V
0W
0V
#2626000
0!
0U
#2627000
1!
1U
0~
1X
1V
16!
07!
08!
09!
01!
00!
0/!
1.!
1Y
1|
0{
0z
0y
0P
0Q
0R
0S
0#
0$
0%
0&
#2628000
0!
0U
#2629000
1!
1U
1!!
1W
0V
#2630000
0!
0U
#2631000
1!
1U
1~
0!!
0X
1V
0W
0V
#2632000
0!
0U
#2633000
1!
1U
0~
1X
1V
19!
11!
0^
1[
0Y
1z
0]
0[
1Q
1%
#2634000
0!
0U
#2635000
1!
1U
1!!
1W
0V
#2636000
0!
0U
#2637000
1!
1U
1~
0!!
0X
1V
0W
0V
#2638000
0!
0U
#2639000
1!
1U
0~
1X
1V
06!
09!
01!
0.!
1^
0|
0z
1Y
0Q
1S
1#
0%
13!
04!
05!
0-!
0,!
1+!
1_
0t
1r
1o
1F
1I
0K
0+
1-
10
#2640000
0!
0U
#2641000
1!
1U
1!!
1W
0V
#2642000
0!
0U
#2643000
1!
1U
1~
0!!
0X
1V
0W
0V
#2644000
0!
0U
#2645000
1!
1U
0~
1X
1V
19!
11!
1[
0Y
1{
1z
1y
1v
1M
1P
1Q
1R
1$
1%
1&
1)
#2646000
0!
0U
#2647000
1!
1U
1!!
1W
0V
#2648000
0!
0U
#2649000
1!
1U
1~
0!!
0X
1V
0W
0V
#2650000
0!
0U
#2651000
1!
1U
0~
1X
1V
18!
09!
01!
10!
1Y
1|
0z
0y
1x
0v
0M
1O
0P
0Q
0S
0#
0%
0&
1'
0)
#2652000
0!
0U
#2653000
1!
1U
1!!
1W
0V
#2654000
0!
0U
#2655000
1!
1U
1~
0!!
0X
1V
0W
0V
#2656000
0!
0U
#2657000
1!
1U
0~
1X
1V
19!
11!
1\
0[
0Y
1z
0x
0O
1Q
1%
0'
#2658000
0!
0U
#2659000
1!
1U
1!!
1W
0V
#2660000
0!
0U
#2661000
1!
1U
1~
0!!
0X
1V
0W
0V
#2662000
0!
0U
#2663000
1!
1U
0~
1X
1V
17!
08!
09!
01!
00!
1/!
1Y
0{
1y
1v
1M
1P
0R
0$
1&
1)
#2664000
0!
0U
#2665000
1!
1U
1!!
1W
0V
#2666000
0!
0U
#2667000
1!
1U
1~
0!!
0X
1V
0W
0V
#2668000
0!
0U
#2669000
1!
1U
0~
1X
1V
19!
11!
1[
0Y
0y
1w
0v
0M
1N
0P
0&
1(
0)
#2670000
0!
0U
#2671000
1!
1U
1!!
1W
0V
#2672000
0!
0U
#2673000
1!
1U
1~
0!!
0X
1V
0W
0V
#2674000
0!
0U
#2675000
1!
1U
0~
1X
1V
18!
09!
01!
10!
1Y
0z
0Q
0%
#2676000
0!
0U
#2677000
1!
1U
1!!
1W
0V
#2678000
0!
0U
#2679000
1!
1U
1~
0!!
0X
1V
0W
0V
#2680000
0!
0U
#2681000
1!
1U
0~
1X
1V
19!
11!
1]
0\
0[
0Y
0|
1{
1z
1y
0w
0N
1P
1Q
1R
1S
1#
1$
1%
1&
0(
#2682000
0!
0U
#2683000
1!
1U
1!!
1W
0V
#2684000
0!
0U
#2685000
1!
1U
1~
0!!
0X
1V
0W
0V
#2686000
0!
0U
#2687000
1!
1U
0~
1X
1V
16!
07!
08!
09!
01!
00!
0/!
1.!
1Y
1|
0{
0z
0y
0P
0Q
0R
0S
0#
0$
0%
0&
#2688000
0!
0U
#2689000
1!
1U
1!!
1W
0V
#2690000
0!
0U
#2691000
1!
1U
1~
0!!
0X
1V
0W
0V
#2692000
0!
0U
#2693000
1!
1U
0~
1X
1V
19!
11!
0^
1[
0Y
1z
0]
0[
1Q
1%
#2694000
0!
0U
#2695000
1!
1U
1!!
1W
0V
#2696000
0!
0U
#2697000
1!
1U
1~
0!!
0X
1V
0W
0V
#2698000
0!
0U
#2699000
1!
1U
0~
1X
1V
06!
09!
01!
0.!
1^
0|
0z
1Y
0Q
1S
1#
0%
15!
1-!
1`
0_
0r
1p
0o
0F
1G
0I
0-
1/
00
#2700000
0!
0U
#2701000
1!
1U
1!!
1W
0V
#2702000
0!
0U
#2703000
1!
1U
1~
0!!
0X
1V
0W
0V
#2704000
0!
0U
#2705000
1!
1U
0~
1X
1V
19!
11!
1[
0Y
1{
1z
1y
1v
1M
1P
1Q
1R
1$
1%
1&
1)
#2706000
0!
0U
#2707000
1!
1U
1!!
1W
0V
#2708000
0!
0U
#2709000
1!
1U
1~
0!!
0X
1V
0W
0V
#2710000
0!
0U
#2711000
1!
1U
0~
1X
1V
18!
09!
01!
10!
1Y
1|
0z
0y
1x
0v
0M
1O
0P
0Q
0S
0#
0%
0&
1'
0)
#2712000
0!
0U
#2713000
1!
1U
1!!
1W
0V
#2714000
0!
0U
#2715000
1!
1U
1~
0!!
0X
1V
0W
0V
#2716000
0!
0U
#2717000
1!
1U
0~
1X
1V
19!
11!
1\
0[
0Y
1z
0x
0O
1Q
1%
0'
#2718000
0!
0U
#2719000
1!
1U
1!!
1W
0V
#2720000
0!
0U
#2721000
1!
1U
1~
0!!
0X
1V
0W
0V
#2722000
0!
0U
#2723000
1!
1U
0~
1X
1V
17!
08!
09!
01!
00!
1/!
1Y
0{
1y
1v
1M
1P
0R
0$
1&
1)
#2724000
0!
0U
#2725000
1!
1U
1!!
1W
0V
#2726000
0!
0U
#2727000
1!
1U
1~
0!!
0X
1V
0W
0V
#2728000
0!
0U
#2729000
1!
1U
0~
1X
1V
19!
11!
1[
0Y
0y
1w
0v
0M
1N
0P
0&
1(
0)
#2730000
0!
0U
#2731000
1!
1U
1!!
1W
0V
#2732000
0!
0U
#2733000
1!
1U
1~
0!!
0X
1V
0W
0V
#2734000
0!
0U
#2735000
1!
1U
0~
1X
1V
18!
09!
01!
10!
1Y
0z
0Q
0%
#2736000
0!
0U
#2737000
1!
1U
1!!
1W
0V
#2738000
0!
0U
#2739000
1!
1U
1~
0!!
0X
1V
0W
0V
#2740000
0!
0U
#2741000
1!
1U
0~
1X
1V
19!
11!
1]
0\
0[
0Y
0|
1{
1z
1y
0w
0N
1P
1Q
1R
1S
1#
1$
1%
1&
0(
#2742000
0!
0U
#2743000
1!
1U
1!!
1W
0V
#2744000
0!
0U
#2745000
1!
1U
1~
0!!
0X
1V
0W
0V
#2746000
0!
0U
#2747000
1!
1U
0~
1X
1V
16!
07!
08!
09!
01!
00!
0/!
1.!
1Y
1|
0{
0z
0y
0P
0Q
0R
0S
0#
0$
0%
0&
#2748000
0!
0U
#2749000
1!
1U
1!!
1W
0V
#2750000
0!
0U
#2751000
1!
1U
1~
0!!
0X
1V
0W
0V
#2752000
0!
0U
#2753000
1!
1U
0~
1X
1V
19!
11!
0^
1[
0Y
1z
0]
0[
1Q
1%
#2754000
0!
0U
#2755000
1!
1U
1!!
1W
0V
#2756000
0!
0U
#2757000
1!
1U
1~
0!!
0X
1V
0W
0V
#2758000
0!
0U
#2759000
1!
1U
0~
1X
1V
06!
09!
01!
0.!
1^
0|
0z
1Y
0Q
1S
1#
0%
14!
05!
0-!
1,!
1_
0s
0J
0,
#2760000
0!
0U
#2761000
1!
1U
1!!
1W
0V
#2762000
0!
0U
#2763000
1!
1U
1~
0!!
0X
1V
0W
0V
#2764000
0!
0U
#2765000
1!
1U
0~
1X
1V
19!
11!
1[
0Y
1{
1z
1y
1v
1M
1P
1Q
1R
1$
1%
1&
1)
#2766000
0!
0U
#2767000
1!
1U
1!!
1W
0V
#2768000
0!
0U
#2769000
1!
1U
1~
0!!
0X
1V
0W
0V
#2770000
0!
0U
#2771000
1!
1U
0~
1X
1V
18!
09!
01!
10!
1Y
1|
0z
0y
1x
0v
0M
1O
0P
0Q
0S
0#
0%
0&
1'
0)
#2772000
0!
0U
#2773000
1!
1U
1!!
1W
0V
#2774000
0!
0U
#2775000
1!
1U
1~
0!!
0X
1V
0W
0V
#2776000
0!
0U
#2777000
1!
1U
0~
1X
1V
19!
11!
1\
0[
0Y
1z
0x
0O
1Q
1%
0'
#2778000
0!
0U
#2779000
1!
1U
1!!
1W
0V
#2780000
0!
0U
#2781000
1!
1U
1~
0!!
0X
1V
0W
0V
#2782000
0!
0U
#2783000
1!
1U
0~
1X
1V
17!
08!
09!
01!
00!
1/!
1Y
0{
1y
1v
1M
1P
0R
0$
1&
1)
#2784000
0!
0U
#2785000
1!
1U
1!!
1W
0V
#2786000
0!
0U
#2787000
1!
1U
1~
0!!
0X
1V
0W
0V
#2788000
0!
0U
#2789000
1!
1U
0~
1X
1V
19!
11!
1[
0Y
0y
1w
0v
0M
1N
0P
0&
1(
0)
#2790000
0!
0U
#2791000
1!
1U
1!!
1W
0V
#2792000
0!
0U
#2793000
1!
1U
1~
0!!
0X
1V
0W
0V
#2794000
0!
0U
#2795000
1!
1U
0~
1X
1V
18!
09!
01!
10!
1Y
0z
0Q
0%
#2796000
0!
0U
#2797000
1!
1U
1!!
1W
0V
#2798000
0!
0U
#2799000
1!
1U
1~
0!!
0X
1V
0W
0V
#2800000
0!
0U
#2801000
1!
1U
0~
1X
1V
19!
11!
1]
0\
0[
0Y
0|
1{
1z
1y
0w
0N
1P
1Q
1R
1S
1#
1$
1%
1&
0(
#2802000
0!
0U
#2803000
1!
1U
1!!
1W
0V
#2804000
0!
0U
#2805000
1!
1U
1~
0!!
0X
1V
0W
0V
#2806000
0!
0U
#2807000
1!
1U
0~
1X
1V
16!
07!
08!
09!
01!
00!
0/!
1.!
1Y
1|
0{
0z
0y
0P
0Q
0R
0S
0#
0$
0%
0&
#2808000
0!
0U
#2809000
1!
1U
1!!
1W
0V
#2810000
0!
0U
#2811000
1!
1U
1~
0!!
0X
1V
0W
0V
#2812000
0!
0U
#2813000
1!
1U
0~
1X
1V
19!
11!
0^
1[
0Y
1z
0]
0[
1Q
1%
#2814000
0!
0U
#2815000
1!
1U
1!!
1W
0V
#2816000
0!
0U
#2817000
1!
1U
1~
0!!
0X
1V
0W
0V
#2818000
0!
0U
#2819000
1!
1U
0~
1X
1V
06!
09!
01!
0.!
1^
0|
0z
1Y
0Q
1S
1#
0%
15!
1-!
1b
0a
0`
0_
0u
1t
1s
1r
0p
0G
1I
1J
1K
1L
1*
1+
1,
1-
0/
#2820000
0!
0U
#2821000
1!
1U
1!!
1W
0V
#2822000
0!
0U
#2823000
1!
1U
1~
0!!
0X
1V
0W
0V
#2824000
0!
0U
#2825000
1!
1U
0~
1X
1V
19!
11!
1[
0Y
1{
1z
1y
1v
1M
1P
1Q
1R
1$
1%
1&
1)
#2826000
0!
0U
#2827000
1!
1U
1!!
1W
0V
#2828000
0!
0U
#2829000
1!
1U
1~
0!!
0X
1V
0W
0V
#2830000
0!
0U
#2831000
1!
1U
0~
1X
1V
18!
09!
01!
10!
1Y
1|
0z
0y
1x
0v
0M
1O
0P
0Q
0S
0#
0%
0&
1'
0)
#2832000
0!
0U
#2833000
1!
1U
1!!
1W
0V
#2834000
0!
0U
#2835000
1!
1U
1~
0!!
0X
1V
0W
0V
#2836000
0!
0U
#2837000
1!
1U
0~
1X
1V
19!
11!
1\
0[
0Y
1z
0x
0O
1Q
1%
0'
#2838000
0!
0U
#2839000
1!
1U
1!!
1W
0V
#2840000
0!
0U
#2841000
1!
1U
1~
0!!
0X
1V
0W
0V
#2842000
0!
0U
#2843000
1!
1U
0~
1X
1V
17!
08!
09!
01!
00!
1/!
1Y
0{
1y
1v
1M
1P
0R
0$
1&
1)
#2844000
0!
0U
#2845000
1!
1U
1!!
1W
0V
#2846000
0!
0U
#2847000
1!
1U
1~
0!!
0X
1V
0W
0V
#2848000
0!
0U
#2849000
1!
1U
0~
1X
1V
19!
11!
1[
0Y
0y
1w
0v
0M
1N
0P
0&
1(
0)
#2850000
0!
0U
#2851000
1!
1U
1!!
1W
0V
#2852000
0!
0U
#2853000
1!
1U
1~
0!!
0X
1V
0W
0V
#2854000
0!
0U
#2855000
1!
1U
0~
1X
1V
18!
09!
01!
10!
1Y
0z
0Q
0%
#2856000
0!
0U
#2857000
1!
1U
1!!
1W
0V
#2858000
0!
0U
#2859000
1!
1U
1~
0!!
0X
1V
0W
0V
#2860000
0!
0U
#2861000
1!
1U
0~
1X
1V
19!
11!
1]
0\
0[
0Y
0|
1{
1z
1y
0w
0N
1P
1Q
1R
1S
1#
1$
1%
1&
0(
#2862000
0!
0U
#2863000
1!
1U
1!!
1W
0V
#2864000
0!
0U
#2865000
1!
1U
1~
0!!
0X
1V
0W
0V
#2866000
0!
0U
#2867000
1!
1U
0~
1X
1V
16!
07!
08!
09!
01!
00!
0/!
1.!
1Y
1|
0{
0z
0y
0P
0Q
0R
0S
0#
0$
0%
0&
#2868000
0!
0U
#2869000
1!
1U
1!!
1W
0V
#2870000
0!
0U
#2871000
1!
1U
1~
0!!
0X
1V
0W
0V
#2872000
0!
0U
#2873000
1!
1U
0~
1X
1V
19!
11!
0^
1[
0Y
1z
0]
0[
1Q
1%
#2874000
0!
0U
#2875000
1!
1U
1!!
1W
0V
#2876000
0!
0U
#2877000
1!
1U
1~
0!!
0X
1V
0W
0V
#2878000
0!
0U
#2879000
1!
1U
0~
1X
1V
06!
09!
01!
0.!
1^
0|
0z
1Y
0Q
1S
1#
0%
12!
03!
04!
05!
0-!
0,!
0+!
1*!
1_
1u
0t
0s
0r
0I
0J
0K
0L
0*
0+
0,
0-
#2880000
0!
0U
#2881000
1!
1U
1!!
1W
0V
#2882000
0!
0U
#2883000
1!
1U
1~
0!!
0X
1V
0W
0V
#2884000
0!
0U
#2885000
1!
1U
0~
1X
1V
19!
11!
1[
0Y
1{
1z
1y
1v
1M
1P
1Q
1R
1$
1%
1&
1)
#2886000
0!
0U
#2887000
1!
1U
1!!
1W
0V
#2888000
0!
0U
#2889000
1!
1U
1~
0!!
0X
1V
0W
0V
#2890000
0!
0U
#2891000
1!
1U
0~
1X
1V
18!
09!
01!
10!
1Y
1|
0z
0y
1x
0v
0M
1O
0P
0Q
0S
0#
0%
0&
1'
0)
#2892000
0!
0U
#2893000
1!
1U
1!!
1W
0V
#2894000
0!
0U
#2895000
1!
1U
1~
0!!
0X
1V
0W
0V
#2896000
0!
0U
#2897000
1!
1U
0~
1X
1V
19!
11!
1\
0[
0Y
1z
0x
0O
1Q
1%
0'
#2898000
0!
0U
#2899000
1!
1U
1!!
1W
0V
#2900000
0!
0U
#2901000
1!
1U
1~
0!!
0X
1V
0W
0V
#2902000
0!
0U
#2903000
1!
1U
0~
1X
1V
17!
08!
09!
01!
00!
1/!
1Y
0{
1y
1v
1M
1P
0R
0$
1&
1)
#2904000
0!
0U
#2905000
1!
1U
1!!
1W
0V
#2906000
0!
0U
#2907000
1!
1U
1~
0!!
0X
1V
0W
0V
#2908000
0!
0U
#2909000
1!
1U
0~
1X
1V
19!
11!
1[
0Y
0y
1w
0v
0M
1N
0P
0&
1(
0)
#2910000
0!
0U
#2911000
1!
1U
1!!
1W
0V
#2912000
0!
0U
#2913000
1!
1U
1~
0!!
0X
1V
0W
0V
#2914000
0!
0U
#2915000
1!
1U
0~
1X
1V
18!
09!
01!
10!
1Y
0z
0Q
0%
#2916000
0!
0U
#2917000
1!
1U
1!!
1W
0V
#2918000
0!
0U
#2919000
1!
1U
1~
0!!
0X
1V
0W
0V
#2920000
0!
0U
#2921000
1!
1U
0~
1X
1V
19!
11!
1]
0\
0[
0Y
0|
1{
1z
1y
0w
0N
1P
1Q
1R
1S
1#
1$
1%
1&
0(
#2922000
0!
0U
#2923000
1!
1U
1!!
1W
0V
#2924000
0!
0U
#2925000
1!
1U
1~
0!!
0X
1V
0W
0V
#2926000
0!
0U
#2927000
1!
1U
0~
1X
1V
16!
07!
08!
09!
01!
00!
0/!
1.!
1Y
1|
0{
0z
0y
0P
0Q
0R
0S
0#
0$
0%
0&
#2928000
0!
0U
#2929000
1!
1U
1!!
1W
0V
#2930000
0!
0U
#2931000
1!
1U
1~
0!!
0X
1V
0W
0V
#2932000
0!
0U
#2933000
1!
1U
0~
1X
1V
19!
11!
0^
1[
0Y
1z
0]
0[
1Q
1%
#2934000
0!
0U
#2935000
1!
1U
1!!
1W
0V
#2936000
0!
0U
#2937000
1!
1U
1~
0!!
0X
1V
0W
0V
#2938000
0!
0U
#2939000
1!
1U
0~
1X
1V
06!
09!
01!
0.!
1^
0|
0z
1Y
0Q
1S
1#
0%
15!
1-!
0c
1`
0_
1s
0b
0`
1J
1,
#2940000
0!
0U
#2941000
1!
1U
1!!
1W
0V
#2942000
0!
0U
#2943000
1!
1U
1~
0!!
0X
1V
0W
0V
#2944000
0!
0U
#2945000
1!
1U
0~
1X
1V
19!
11!
1[
0Y
1{
1z
1y
1v
1M
1P
1Q
1R
1$
1%
1&
1)
#2946000
0!
0U
#2947000
1!
1U
1!!
1W
0V
#2948000
0!
0U
#2949000
1!
1U
1~
0!!
0X
1V
0W
0V
#2950000
0!
0U
#2951000
1!
1U
0~
1X
1V
18!
09!
01!
10!
1Y
1|
0z
0y
1x
0v
0M
1O
0P
0Q
0S
0#
0%
0&
1'
0)
#2952000
0!
0U
#2953000
1!
1U
1!!
1W
0V
#2954000
0!
0U
#2955000
1!
1U
1~
0!!
0X
1V
0W
0V
#2956000
0!
0U
#2957000
1!
1U
0~
1X
1V
19!
11!
1\
0[
0Y
1z
0x
0O
1Q
1%
0'
#2958000
0!
0U
#2959000
1!
1U
1!!
1W
0V
#2960000
0!
0U
#2961000
1!
1U
1~
0!!
0X
1V
0W
0V
#2962000
0!
0U
#2963000
1!
1U
0~
1X
1V
17!
08!
09!
01!
00!
1/!
1Y
0{
1y
1v
1M
1P
0R
0$
1&
1)
#2964000
0!
0U
#2965000
1!
1U
1!!
1W
0V
#2966000
0!
0U
#2967000
1!
1U
1~
0!!
0X
1V
0W
0V
#2968000
0!
0U
#2969000
1!
1U
0~
1X
1V
19!
11!
1[
0Y
0y
1w
0v
0M
1N
0P
0&
1(
0)
#2970000
0!
0U
#2971000
1!
1U
1!!
1W
0V
#2972000
0!
0U
#2973000
1!
1U
1~
0!!
0X
1V
0W
0V
#2974000
0!
0U
#2975000
1!
1U
0~
1X
1V
18!
09!
01!
10!
1Y
0z
0Q
0%
#2976000
0!
0U
#2977000
1!
1U
1!!
1W
0V
#2978000
0!
0U
#2979000
1!
1U
1~
0!!
0X
1V
0W
0V
#2980000
0!
0U
#2981000
1!
1U
0~
1X
1V
19!
11!
1]
0\
0[
0Y
0|
1{
1z
1y
0w
0N
1P
1Q
1R
1S
1#
1$
1%
1&
0(
#2982000
0!
0U
#2983000
1!
1U
1!!
1W
0V
#2984000
0!
0U
#2985000
1!
1U
1~
0!!
0X
1V
0W
0V
#2986000
0!
0U
#2987000
1!
1U
0~
1X
1V
16!
07!
08!
09!
01!
00!
0/!
1.!
1Y
1|
0{
0z
0y
0P
0Q
0R
0S
0#
0$
0%
0&
#2988000
0!
0U
#2989000
1!
1U
1!!
1W
0V
#2990000
0!
0U
#2991000
1!
1U
1~
0!!
0X
1V
0W
0V
#2992000
0!
0U
#2993000
1!
1U
0~
1X
1V
19!
11!
0^
1[
0Y
1z
0]
0[
1Q
1%
#2994000
0!
0U
#2995000
1!
1U
1!!
1W
0V
#2996000
0!
0U
#2997000
1!
1U
1~
0!!
0X
1V
0W
0V
#2998000
0!
0U
#2999000
1!
1U
0~
1X
1V
06!
09!
01!
0.!
1^
0|
0z
1Y
0Q
1S
1#
0%
02!
05!
0-!
0*!
1c
0u
0s
1_
0J
1L
1*
0,
1%!
1)!
1g
0d
0k
1i
0h
0?
1@
0B
04
16
07
#3000000
0!
0U
#3001000
1!
1U
1!!
1W
0V
#3002000
0!
0U
#3003000
1!
1U
1~
0!!
0X
1V
0W
0V
#3004000
0!
0U
#3005000
1!
1U
0~
1X
1V
19!
11!
1[
0Y
1{
1z
1y
1v
1M
1P
1Q
1R
1$
1%
1&
1)
#3006000
0!
0U
#3007000
1!
1U
1!!
1W
0V
#3008000
0!
0U
#3009000
1!
1U
1~
0!!
0X
1V
0W
0V
#3010000
0!
0U
#3011000
1!
1U
0~
1X
1V
18!
09!
01!
10!
1Y
1|
0z
0y
1x
0v
0M
1O
0P
0Q
0S
0#
0%
0&
1'
0)
#3012000
0!
0U
#3013000
1!
1U
1!!
1W
0V
#3014000
0!
0U
#3015000
1!
1U
1~
0!!
0X
1V
0W
0V
#3016000
0!
0U
#3017000
1!
1U
0~
1X
1V
19!
11!
1\
0[
0Y
1z
0x
0O
1Q
1%
0'
#3018000
0!
0U
#3019000
1!
1U
1!!
1W
0V
#3020000
0!
0U
#3021000
1!
1U
1~
0!!
0X
1V
0W
0V
#3022000
0!
0U
#3023000
1!
1U
0~
1X
1V
17!
08!
09!
01!
00!
1/!
1Y
0{
1y
1v
1M
1P
0R
0$
1&
1)
#3024000
0!
0U
#3025000
1!
1U
1!!
1W
0V
#3026000
0!
0U
#3027000
1!
1U
1~
0!!
0X
1V
0W
0V
#3028000
0!
0U
#3029000
1!
1U
0~
1X
1V
19!
11!
1[
0Y
0y
1w
0v
0M
1N
0P
0&
1(
0)
#3030000
0!
0U
#3031000
1!
1U
1!!
1W
0V
#3032000
0!
0U
#3033000
1!
1U
1~
0!!
0X
1V
0W
0V
#3034000
0!
0U
#3035000
1!
1U
0~
1X
1V
18!
09!
01!
10!
1Y
0z
0Q
0%
#3036000
0!
0U
#3037000
1!
1U
1!!
1W
0V
#3038000
0!
0U
#3039000
1!
1U
1~
0!!
0X
1V
0W
0V
#3040000
0!
0U
#3041000
1!
1U
0~
1X
1V
19!
11!
1]
0\
0[
0Y
0|
1{
1z
1y
0w
0N
1P
1Q
1R
1S
1#
1$
1%
1&
0(
#3042000
0!
0U
#3043000
1!
1U
1!!
1W
0V
#3044000
0!
0U
#3045000
1!
1U
1~
0!!
0X
1V
0W
0V
#3046000
0!
0U
#3047000
1!
1U
0~
1X
1V
16!
07!
08!
09!
01!
00!
0/!
1.!
1Y
1|
0{
0z
0y
0P
0Q
0R
0S
0#
0$
0%
0&
#3048000
0!
0U
#3049000
1!
1U
1!!
1W
0V
#3050000
0!
0U
#3051000
1!
1U
1~
0!!
0X
1V
0W
0V
#3052000
0!
0U
#3053000
1!
1U
0~
1X
1V
19!
11!
0^
1[
0Y
1z
0]
0[
1Q
1%
#3054000
0!
0U
#3055000
1!
1U
1!!
1W
0V
#3056000
0!
0U
#3057000
1!
1U
1~
0!!
0X
1V
0W
0V
#3058000
0!
0U
#3059000
1!
1U
0~
1X
1V
06!
09!
01!
0.!
1^
0|
0z
1Y
0Q
1S
1#
0%
15!
1-!
1`
0_
1t
1s
1r
1o
1F
1I
1J
1K
1+
1,
1-
10
#3060000
0!
0U
#3061000
1!
1U
1!!
1W
0V
#3062000
0!
0U
#3063000
1!
1U
1~
0!!
0X
1V
0W
0V
#3064000
0!
0U
#3065000
1!
1U
0~
1X
1V
19!
11!
1[
0Y
1{
1z
1y
1v
1M
1P
1Q
1R
1$
1%
1&
1)
#3066000
0!
0U
#3067000
1!
1U
1!!
1W
0V
#3068000
0!
0U
#3069000
1!
1U
1~
0!!
0X
1V
0W
0V
#3070000
0!
0U
#3071000
1!
1U
0~
1X
1V
18!
09!
01!
10!
1Y
1|
0z
0y
1x
0v
0M
1O
0P
0Q
0S
0#
0%
0&
1'
0)
#3072000
0!
0U
#3073000
1!
1U
1!!
1W
0V
#3074000
0!
0U
#3075000
1!
1U
1~
0!!
0X
1V
0W
0V
#3076000
0!
0U
#3077000
1!
1U
0~
1X
1V
19!
11!
1\
0[
0Y
1z
0x
0O
1Q
1%
0'
#3078000
0!
0U
#3079000
1!
1U
1!!
1W
0V
#3080000
0!
0U
#3081000
1!
1U
1~
0!!
0X
1V
0W
0V
#3082000
0!
0U
#3083000
1!
1U
0~
1X
1V
17!
08!
09!
01!
00!
1/!
1Y
0{
1y
1v
1M
1P
0R
0$
1&
1)
#3084000
0!
0U
#3085000
1!
1U
1!!
1W
0V
#3086000
0!
0U
#3087000
1!
1U
1~
0!!
0X
1V
0W
0V
#3088000
0!
0U
#3089000
1!
1U
0~
1X
1V
19!
11!
1[
0Y
0y
1w
0v
0M
1N
0P
0&
1(
0)
#3090000
0!
0U
#3091000
1!
1U
1!!
1W
0V
#3092000
0!
0U
#3093000
1!
1U
1~
0!!
0X
1V
0W
0V
#3094000
0!
0U
#3095000
1!
1U
0~
1X
1V
18!
09!
01!
10!
1Y
0z
0Q
0%
#3096000
0!
0U
#3097000
1!
1U
1!!
1W
0V
#3098000
0!
0U
#3099000
1!
1U
1~
0!!
0X
1V
0W
0V
#3100000
0!
0U
#3101000
1!
1U
0~
1X
1V
19!
11!
1]
0\
0[
0Y
0|
1{
1z
1y
0w
0N
1P
1Q
1R
1S
1#
1$
1%
1&
0(
#3102000
0!
0U
#3103000
1!
1U
1!!
1W
0V
#3104000
0!
0U
#3105000
1!
1U
1~
0!!
0X
1V
0W
0V
#3106000
0!
0U
#3107000
1!
1U
0~
1X
1V
16!
07!
08!
09!
01!
00!
0/!
1.!
1Y
1|
0{
0z
0y
0P
0Q
0R
0S
0#
0$
0%
0&
#3108000
0!
0U
#3109000
1!
1U
1!!
1W
0V
#3110000
0!
0U
#3111000
1!
1U
1~
0!!
0X
1V
0W
0V
#3112000
0!
0U
#3113000
1!
1U
0~
1X
1V
19!
11!
0^
1[
0Y
1z
0]
0[
1Q
1%
#3114000
0!
0U
#3115000
1!
1U
1!!
1W
0V
#3116000
0!
0U
#3117000
1!
1U
1~
0!!
0X
1V
0W
0V
#3118000
0!
0U
#3119000
1!
1U
0~
1X
1V
06!
09!
01!
0.!
1^
0|
0z
1Y
0Q
1S
1#
0%
14!
05!
0-!
1,!
1_
1u
0s
0r
1q
0o
0F
1H
0I
0J
0L
0*
0,
0-
1.
00
#3120000
0!
0U
#3121000
1!
1U
1!!
1W
0V
#3122000
0!
0U
#3123000
1!
1U
1~
0!!
0X
1V
0W
0V
#3124000
0!
0U
#3125000
1!
1U
0~
1X
1V
19!
11!
1[
0Y
1{
1z
1y
1v
1M
1P
1Q
1R
1$
1%
1&
1)
#3126000
0!
0U
#3127000
1!
1U
1!!
1W
0V
#3128000
0!
0U
#3129000
1!
1U
1~
0!!
0X
1V
0W
0V
#3130000
0!
0U
#3131000
1!
1U
0~
1X
1V
18!
09!
01!
10!
1Y
1|
0z
0y
1x
0v
0M
1O
0P
0Q
0S
0#
0%
0&
1'
0)
#3132000
0!
0U
#3133000
1!
1U
1!!
1W
0V
#3134000
0!
0U
#3135000
1!
1U
1~
0!!
0X
1V
0W
0V
#3136000
0!
0U
#3137000
1!
1U
0~
1X
1V
19!
11!
1\
0[
0Y
1z
0x
0O
1Q
1%
0'
#3138000
0!
0U
#3139000
1!
1U
1!!
1W
0V
#3140000
0!
0U
#3141000
1!
1U
1~
0!!
0X
1V
0W
0V
#3142000
0!
0U
#3143000
1!
1U
0~
1X
1V
17!
08!
09!
01!
00!
1/!
1Y
0{
1y
1v
1M
1P
0R
0$
1&
1)
#3144000
0!
0U
#3145000
1!
1U
1!!
1W
0V
#3146000
0!
0U
#3147000
1!
1U
1~
0!!
0X
1V
0W
0V
#3148000
0!
0U
#3149000
1!
1U
0~
1X
1V
19!
11!
1[
0Y
0y
1w
0v
0M
1N
0P
0&
1(
0)
#3150000
0!
0U
#3151000
1!
1U
1!!
1W
0V
#3152000
0!
0U
#3153000
1!
1U
1~
0!!
0X
1V
0W
0V
#3154000
0!
0U
#3155000
1!
1U
0~
1X
1V
18!
09!
01!
10!
1Y
0z
0Q
0%
#3156000
0!
0U
#3157000
1!
1U
1!!
1W
0V
#3158000
0!
0U
#3159000
1!
1U
1~
0!!
0X
1V
0W
0V
#3160000
0!
0U
#3161000
1!
1U
0~
1X
1V
19!
11!
1]
0\
0[
0Y
0|
1{
1z
1y
0w
0N
1P
1Q
1R
1S
1#
1$
1%
1&
0(
#3162000
0!
0U
#3163000
1!
1U
1!!
1W
0V
#3164000
0!
0U
#3165000
1!
1U
1~
0!!
0X
1V
0W
0V
#3166000
0!
0U
#3167000
1!
1U
0~
1X
1V
16!
07!
08!
09!
01!
00!
0/!
1.!
1Y
1|
0{
0z
0y
0P
0Q
0R
0S
0#
0$
0%
0&
#3168000
0!
0U
#3169000
1!
1U
1!!
1W
0V
#3170000
0!
0U
#3171000
1!
1U
1~
0!!
0X
1V
0W
0V
#3172000
0!
0U
#3173000
1!
1U
0~
1X
1V
19!
11!
0^
1[
0Y
1z
0]
0[
1Q
1%
#3174000
0!
0U
#3175000
1!
1U
1!!
1W
0V
#3176000
0!
0U
#3177000
1!
1U
1~
0!!
0X
1V
0W
0V
#3178000
0!
0U
#3179000
1!
1U
0~
1X
1V
06!
09!
01!
0.!
1^
0|
0z
1Y
0Q
1S
1#
0%
15!
1-!
1a
0`
0_
1s
0q
0H
1J
1,
0.
#3180000
0!
0U
#3181000
1!
1U
1!!
1W
0V
#3182000
0!
0U
#3183000
1!
1U
1~
0!!
0X
1V
0W
0V
#3184000
0!
0U
#3185000
1!
1U
0~
1X
1V
19!
11!
1[
0Y
1{
1z
1y
1v
1M
1P
1Q
1R
1$
1%
1&
1)
#3186000
0!
0U
#3187000
1!
1U
1!!
1W
0V
#3188000
0!
0U
#3189000
1!
1U
1~
0!!
0X
1V
0W
0V
#3190000
0!
0U
#3191000
1!
1U
0~
1X
1V
18!
09!
01!
10!
1Y
1|
0z
0y
1x
0v
0M
1O
0P
0Q
0S
0#
0%
0&
1'
0)
#3192000
0!
0U
#3193000
1!
1U
1!!
1W
0V
#3194000
0!
0U
#3195000
1!
1U
1~
0!!
0X
1V
0W
0V
#3196000
0!
0U
#3197000
1!
1U
0~
1X
1V
19!
11!
1\
0[
0Y
1z
0x
0O
1Q
1%
0'
#3198000
0!
0U
#3199000
1!
1U
1!!
1W
0V
#3200000
0!
0U
#3201000
1!
1U
1~
0!!
0X
1V
0W
0V
#3202000
0!
0U
#3203000
1!
1U
0~
1X
1V
17!
08!
09!
01!
00!
1/!
1Y
0{
1y
1v
1M
1P
0R
0$
1&
1)
#3204000
0!
0U
#3205000
1!
1U
1!!
1W
0V
#3206000
0!
0U
#3207000
1!
1U
1~
0!!
0X
1V
0W
0V
#3208000
0!
0U
#3209000
1!
1U
0~
1X
1V
19!
11!
1[
0Y
0y
1w
0v
0M
1N
0P
0&
1(
0)
#3210000
0!
0U
#3211000
1!
1U
1!!
1W
0V
#3212000
0!
0U
#3213000
1!
1U
1~
0!!
0X
1V
0W
0V
#3214000
0!
0U
#3215000
1!
1U
0~
1X
1V
18!
09!
01!
10!
1Y
0z
0Q
0%
#3216000
0!
0U
#3217000
1!
1U
1!!
1W
0V
#3218000
0!
0U
#3219000
1!
1U
1~
0!!
0X
1V
0W
0V
#3220000
0!
0U
#3221000
1!
1U
0~
1X
1V
19!
11!
1]
0\
0[
0Y
0|
1{
1z
1y
0w
0N
1P
1Q
1R
1S
1#
1$
1%
1&
0(
#3222000
0!
0U
#3223000
1!
1U
1!!
1W
0V
#3224000
0!
0U
#3225000
1!
1U
1~
0!!
0X
1V
0W
0V
#3226000
0!
0U
#3227000
1!
1U
0~
1X
1V
16!
07!
08!
09!
01!
00!
0/!
1.!
1Y
1|
0{
0z
0y
0P
0Q
0R
0S
0#
0$
0%
0&
#3228000
0!
0U
#3229000
1!
1U
1!!
1W
0V
#3230000
0!
0U
#3231000
1!
1U
1~
0!!
0X
1V
0W
0V
#3232000
0!
0U
#3233000
1!
1U
0~
1X
1V
19!
11!
0^
1[
0Y
1z
0]
0[
1Q
1%
#3234000
0!
0U
#3235000
1!
1U
1!!
1W
0V
#3236000
0!
0U
#3237000
1!
1U
1~
0!!
0X
1V
0W
0V
#3238000
0!
0U
#3239000
1!
1U
0~
1X
1V
06!
09!
01!
0.!
1^
0|
0z
1Y
0Q
1S
1#
0%
13!
04!
05!
0-!
0,!
1+!
1_
0t
1r
1o
1F
1I
0K
0+
1-
10
#3240000
0!
0U
#3241000
1!
1U
1!!
1W
0V
#3242000
0!
0U
#3243000
1!
1U
1~
0!!
0X
1V
0W
0V
#3244000
0!
0U
#3245000
1!
1U
0~
1X
1V
19!
11!
1[
0Y
1{
1z
1y
1v
1M
1P
1Q
1R
1$
1%
1&
1)
#3246000
0!
0U
#3247000
1!
1U
1!!
1W
0V
#3248000
0!
0U
#3249000
1!
1U
1~
0!!
0X
1V
0W
0V
#3250000
0!
0U
#3251000
1!
1U
0~
1X
1V
18!
09!
01!
10!
1Y
1|
0z
0y
1x
0v
0M
1O
0P
0Q
0S
0#
0%
0&
1'
0)
#3252000
0!
0U
#3253000
1!
1U
1!!
1W
0V
#3254000
0!
0U
#3255000
1!
1U
1~
0!!
0X
1V
0W
0V
#3256000
0!
0U
#3257000
1!
1U
0~
1X
1V
19!
11!
1\
0[
0Y
1z
0x
0O
1Q
1%
0'
#3258000
0!
0U
#3259000
1!
1U
1!!
1W
0V
#3260000
0!
0U
#3261000
1!
1U
1~
0!!
0X
1V
0W
0V
#3262000
0!
0U
#3263000
1!
1U
0~
1X
1V
17!
08!
09!
01!
00!
1/!
1Y
0{
1y
1v
1M
1P
0R
0$
1&
1)
#3264000
0!
0U
#3265000
1!
1U
1!!
1W
0V
#3266000
0!
0U
#3267000
1!
1U
1~
0!!
0X
1V
0W
0V
#3268000
0!
0U
#3269000
1!
1U
0~
1X
1V
19!
11!
1[
0Y
0y
1w
0v
0M
1N
0P
0&
1(
0)
#3270000
0!
0U
#3271000
1!
1U
1!!
1W
0V
#3272000
0!
0U
#3273000
1!
1U
1~
0!!
0X
1V
0W
0V
#3274000
0!
0U
#3275000
1!
1U
0~
1X
1V
18!
09!
01!
10!
1Y
0z
0Q
0%
#3276000
0!
0U
#3277000
1!
1U
1!!
1W
0V
#3278000
0!
0U
#3279000
1!
1U
1~
0!!
0X
1V
0W
0V
#3280000
0!
0U
#3281000
1!
1U
0~
1X
1V
19!
11!
1]
0\
0[
0Y
0|
1{
1z
1y
0w
0N
1P
1Q
1R
1S
1#
1$
1%
1&
0(
#3282000
0!
0U
#3283000
1!
1U
1!!
1W
0V
#3284000
0!
0U
#3285000
1!
1U
1~
0!!
0X
1V
0W
0V
#3286000
0!
0U
#3287000
1!
1U
0~
1X
1V
16!
07!
08!
09!
01!
00!
0/!
1.!
1Y
1|
0{
0z
0y
0P
0Q
0R
0S
0#
0$
0%
0&
#3288000
0!
0U
#3289000
1!
1U
1!!
1W
0V
#3290000
0!
0U
#3291000
1!
1U
1~
0!!
0X
1V
0W
0V
#3292000
0!
0U
#3293000
1!
1U
0~
1X
1V
19!
11!
0^
1[
0Y
1z
0]
0[
1Q
1%
#3294000
0!
0U
#3295000
1!
1U
1!!
1W
0V
#3296000
0!
0U
#3297000
1!
1U
1~
0!!
0X
1V
0W
0V
#3298000
0!
0U
#3299000
1!
1U
0~
1X
1V
06!
09!
01!
0.!
1^
0|
0z
1Y
0Q
1S
1#
0%
15!
1-!
1`
0_
0r
1p
0o
0F
1G
0I
0-
1/
00
#3300000
0!
0U
#3301000
1!
1U
1!!
1W
0V
#3302000
0!
0U
#3303000
1!
1U
1~
0!!
0X
1V
0W
0V
#3304000
0!
0U
#3305000
1!
1U
0~
1X
1V
19!
11!
1[
0Y
1{
1z
1y
1v
1M
1P
1Q
1R
1$
1%
1&
1)
#3306000
0!
0U
#3307000
1!
1U
1!!
1W
0V
#3308000
0!
0U
#3309000
1!
1U
1~
0!!
0X
1V
0W
0V
#3310000
0!
0U
#3311000
1!
1U
0~
1X
1V
18!
09!
01!
10!
1Y
1|
0z
0y
1x
0v
0M
1O
0P
0Q
0S
0#
0%
0&
1'
0)
#3312000
0!
0U
#3313000
1!
1U
1!!
1W
0V
#3314000
0!
0U
#3315000
1!
1U
1~
0!!
0X
1V
0W
0V
#3316000
0!
0U
#3317000
1!
1U
0~
1X
1V
19!
11!
1\
0[
0Y
1z
0x
0O
1Q
1%
0'
#3318000
0!
0U
#3319000
1!
1U
1!!
1W
0V
#3320000
0!
0U
#3321000
1!
1U
1~
0!!
0X
1V
0W
0V
#3322000
0!
0U
#3323000
1!
1U
0~
1X
1V
17!
08!
09!
01!
00!
1/!
1Y
0{
1y
1v
1M
1P
0R
0$
1&
1)
#3324000
0!
0U
#3325000
1!
1U
1!!
1W
0V
#3326000
0!
0U
#3327000
1!
1U
1~
0!!
0X
1V
0W
0V
#3328000
0!
0U
#3329000
1!
1U
0~
1X
1V
19!
11!
1[
0Y
0y
1w
0v
0M
1N
0P
0&
1(
0)
#3330000
0!
0U
#3331000
1!
1U
1!!
1W
0V
#3332000
0!
0U
#3333000
1!
1U
1~
0!!
0X
1V
0W
0V
#3334000
0!
0U
#3335000
1!
1U
0~
1X
1V
18!
09!
01!
10!
1Y
0z
0Q
0%
#3336000
0!
0U
#3337000
1!
1U
1!!
1W
0V
#3338000
0!
0U
#3339000
1!
1U
1~
0!!
0X
1V
0W
0V
#3340000
0!
0U
#3341000
1!
1U
0~
1X
1V
19!
11!
1]
0\
0[
0Y
0|
1{
1z
1y
0w
0N
1P
1Q
1R
1S
1#
1$
1%
1&
0(
#3342000
0!
0U
#3343000
1!
1U
1!!
1W
0V
#3344000
0!
0U
#3345000
1!
1U
1~
0!!
0X
1V
0W
0V
#3346000
0!
0U
#3347000
1!
1U
0~
1X
1V
16!
07!
08!
09!
01!
00!
0/!
1.!
1Y
1|
0{
0z
0y
0P
0Q
0R
0S
0#
0$
0%
0&
#3348000
0!
0U
#3349000
1!
1U
1!!
1W
0V
#3350000
0!
0U
#3351000
1!
1U
1~
0!!
0X
1V
0W
0V
#3352000
0!
0U
#3353000
1!
1U
0~
1X
1V
19!
11!
0^
1[
0Y
1z
0]
0[
1Q
1%
#3354000
0!
0U
#3355000
1!
1U
1!!
1W
0V
#3356000
0!
0U
#3357000
1!
1U
1~
0!!
0X
1V
0W
0V
#3358000
0!
0U
#3359000
1!
1U
0~
1X
1V
06!
09!
01!
0.!
1^
0|
0z
1Y
0Q
1S
1#
0%
14!
05!
0-!
1,!
1_
0s
0J
0,
#3360000
0!
0U
#3361000
1!
1U
1!!
1W
0V
#3362000
0!
0U
#3363000
1!
1U
1~
0!!
0X
1V
0W
0V
#3364000
0!
0U
#3365000
1!
1U
0~
1X
1V
19!
11!
1[
0Y
1{
1z
1y
1v
1M
1P
1Q
1R
1$
1%
1&
1)
#3366000
0!
0U
#3367000
1!
1U
1!!
1W
0V
#3368000
0!
0U
#3369000
1!
1U
1~
0!!
0X
1V
0W
0V
#3370000
0!
0U
#3371000
1!
1U
0~
1X
1V
18!
09!
01!
10!
1Y
1|
0z
0y
1x
0v
0M
1O
0P
0Q
0S
0#
0%
0&
1'
0)
#3372000
0!
0U
#3373000
1!
1U
1!!
1W
0V
#3374000
0!
0U
#3375000
1!
1U
1~
0!!
0X
1V
0W
0V
#3376000
0!
0U
#3377000
1!
1U
0~
1X
1V
19!
11!
1\
0[
0Y
1z
0x
0O
1Q
1%
0'
#3378000
0!
0U
#3379000
1!
1U
1!!
1W
0V
#3380000
0!
0U
#3381000
1!
1U
1~
0!!
0X
1V
0W
0V
#3382000
0!
0U
#3383000
1!
1U
0~
1X
1V
17!
08!
09!
01!
00!
1/!
1Y
0{
1y
1v
1M
1P
0R
0$
1&
1)
#3384000
0!
0U
#3385000
1!
1U
1!!
1W
0V
#3386000
0!
0U
#3387000
1!
1U
1~
0!!
0X
1V
0W
0V
#3388000
0!
0U
#3389000
1!
1U
0~
1X
1V
19!
11!
1[
0Y
0y
1w
0v
0M
1N
0P
0&
1(
0)
#3390000
0!
0U
#3391000
1!
1U
1!!
1W
0V
#3392000
0!
0U
#3393000
1!
1U
1~
0!!
0X
1V
0W
0V
#3394000
0!
0U
#3395000
1!
1U
0~
1X
1V
18!
09!
01!
10!
1Y
0z
0Q
0%
#3396000
0!
0U
#3397000
1!
1U
1!!
1W
0V
#3398000
0!
0U
#3399000
1!
1U
1~
0!!
0X
1V
0W
0V
#3400000
0!
0U
#3401000
1!
1U
0~
1X
1V
19!
11!
1]
0\
0[
0Y
0|
1{
1z
1y
0w
0N
1P
1Q
1R
1S
1#
1$
1%
1&
0(
#3402000
0!
0U
#3403000
1!
1U
1!!
1W
0V
#3404000
0!
0U
#3405000
1!
1U
1~
0!!
0X
1V
0W
0V
#3406000
0!
0U
#3407000
1!
1U
0~
1X
1V
16!
07!
08!
09!
01!
00!
0/!
1.!
1Y
1|
0{
0z
0y
0P
0Q
0R
0S
0#
0$
0%
0&
#3408000
0!
0U
#3409000
1!
1U
1!!
1W
0V
#3410000
0!
0U
#3411000
1!
1U
1~
0!!
0X
1V
0W
0V
#3412000
0!
0U
#3413000
1!
1U
0~
1X
1V
19!
11!
0^
1[
0Y
1z
0]
0[
1Q
1%
#3414000
0!
0U
#3415000
1!
1U
1!!
1W
0V
#3416000
0!
0U
#3417000
1!
1U
1~
0!!
0X
1V
0W
0V
#3418000
0!
0U
#3419000
1!
1U
0~
1X
1V
06!
09!
01!
0.!
1^
0|
0z
1Y
0Q
1S
1#
0%
15!
1-!
1b
0a
0`
0_
0u
1t
1s
1r
0p
0G
1I
1J
1K
1L
1*
1+
1,
1-
0/
#3420000
0!
0U
#3421000
1!
1U
1!!
1W
0V
#3422000
0!
0U
#3423000
1!
1U
1~
0!!
0X
1V
0W
0V
#3424000
0!
0U
#3425000
1!
1U
0~
1X
1V
19!
11!
1[
0Y
1{
1z
1y
1v
1M
1P
1Q
1R
1$
1%
1&
1)
#3426000
0!
0U
#3427000
1!
1U
1!!
1W
0V
#3428000
0!
0U
#3429000
1!
1U
1~
0!!
0X
1V
0W
0V
#3430000
0!
0U
#3431000
1!
1U
0~
1X
1V
18!
09!
01!
10!
1Y
1|
0z
0y
1x
0v
0M
1O
0P
0Q
0S
0#
0%
0&
1'
0)
#3432000
0!
0U
#3433000
1!
1U
1!!
1W
0V
#3434000
0!
0U
#3435000
1!
1U
1~
0!!
0X
1V
0W
0V
#3436000
0!
0U
#3437000
1!
1U
0~
1X
1V
19!
11!
1\
0[
0Y
1z
0x
0O
1Q
1%
0'
#3438000
0!
0U
#3439000
1!
1U
1!!
1W
0V
#3440000
0!
0U
#3441000
1!
1U
1~
0!!
0X
1V
0W
0V
#3442000
0!
0U
#3443000
1!
1U
0~
1X
1V
17!
08!
09!
01!
00!
1/!
1Y
0{
1y
1v
1M
1P
0R
0$
1&
1)
#3444000
0!
0U
#3445000
1!
1U
1!!
1W
0V
#3446000
0!
0U
#3447000
1!
1U
1~
0!!
0X
1V
0W
0V
#3448000
0!
0U
#3449000
1!
1U
0~
1X
1V
19!
11!
1[
0Y
0y
1w
0v
0M
1N
0P
0&
1(
0)
#3450000
0!
0U
#3451000
1!
1U
1!!
1W
0V
#3452000
0!
0U
#3453000
1!
1U
1~
0!!
0X
1V
0W
0V
#3454000
0!
0U
#3455000
1!
1U
0~
1X
1V
18!
09!
01!
10!
1Y
0z
0Q
0%
#3456000
0!
0U
#3457000
1!
1U
1!!
1W
0V
#3458000
0!
0U
#3459000
1!
1U
1~
0!!
0X
1V
0W
0V
#3460000
0!
0U
#3461000
1!
1U
0~
1X
1V
19!
11!
1]
0\
0[
0Y
0|
1{
1z
1y
0w
0N
1P
1Q
1R
1S
1#
1$
1%
1&
0(
#3462000
0!
0U
#3463000
1!
1U
1!!
1W
0V
#3464000
0!
0U
#3465000
1!
1U
1~
0!!
0X
1V
0W
0V
#3466000
0!
0U
#3467000
1!
1U
0~
1X
1V
16!
07!
08!
09!
01!
00!
0/!
1.!
1Y
1|
0{
0z
0y
0P
0Q
0R
0S
0#
0$
0%
0&
#3468000
0!
0U
#3469000
1!
1U
1!!
1W
0V
#3470000
0!
0U
#3471000
1!
1U
1~
0!!
0X
1V
0W
0V
#3472000
0!
0U
#3473000
1!
1U
0~
1X
1V
19!
11!
0^
1[
0Y
1z
0]
0[
1Q
1%
#3474000
0!
0U
#3475000
1!
1U
1!!
1W
0V
#3476000
0!
0U
#3477000
1!
1U
1~
0!!
0X
1V
0W
0V
#3478000
0!
0U
#3479000
1!
1U
0~
1X
1V
06!
09!
01!
0.!
1^
0|
0z
1Y
0Q
1S
1#
0%
12!
03!
04!
05!
0-!
0,!
0+!
1*!
1_
1u
0t
0s
0r
0I
0J
0K
0L
0*
0+
0,
0-
#3480000
0!
0U
#3481000
1!
1U
1!!
1W
0V
#3482000
0!
0U
#3483000
1!
1U
1~
0!!
0X
1V
0W
0V
#3484000
0!
0U
#3485000
1!
1U
0~
1X
1V
19!
11!
1[
0Y
1{
1z
1y
1v
1M
1P
1Q
1R
1$
1%
1&
1)
#3486000
0!
0U
#3487000
1!
1U
1!!
1W
0V
#3488000
0!
0U
#3489000
1!
1U
1~
0!!
0X
1V
0W
0V
#3490000
0!
0U
#3491000
1!
1U
0~
1X
1V
18!
09!
01!
10!
1Y
1|
0z
0y
1x
0v
0M
1O
0P
0Q
0S
0#
0%
0&
1'
0)
#3492000
0!
0U
#3493000
1!
1U
1!!
1W
0V
#3494000
0!
0U
#3495000
1!
1U
1~
0!!
0X
1V
0W
0V
#3496000
0!
0U
#3497000
1!
1U
0~
1X
1V
19!
11!
1\
0[
0Y
1z
0x
0O
1Q
1%
0'
#3498000
0!
0U
#3499000
1!
1U
1!!
1W
0V
#3500000
0!
0U
#3501000
1!
1U
1~
0!!
0X
1V
0W
0V
#3502000
0!
0U
#3503000
1!
1U
0~
1X
1V
17!
08!
09!
01!
00!
1/!
1Y
0{
1y
1v
1M
1P
0R
0$
1&
1)
#3504000
0!
0U
#3505000
1!
1U
1!!
1W
0V
#3506000
0!
0U
#3507000
1!
1U
1~
0!!
0X
1V
0W
0V
#3508000
0!
0U
#3509000
1!
1U
0~
1X
1V
19!
11!
1[
0Y
0y
1w
0v
0M
1N
0P
0&
1(
0)
#3510000
0!
0U
#3511000
1!
1U
1!!
1W
0V
#3512000
0!
0U
#3513000
1!
1U
1~
0!!
0X
1V
0W
0V
#3514000
0!
0U
#3515000
1!
1U
0~
1X
1V
18!
09!
01!
10!
1Y
0z
0Q
0%
#3516000
0!
0U
#3517000
1!
1U
1!!
1W
0V
#3518000
0!
0U
#3519000
1!
1U
1~
0!!
0X
1V
0W
0V
#3520000
0!
0U
#3521000
1!
1U
0~
1X
1V
19!
11!
1]
0\
0[
0Y
0|
1{
1z
1y
0w
0N
1P
1Q
1R
1S
1#
1$
1%
1&
0(
#3522000
0!
0U
#3523000
1!
1U
1!!
1W
0V
#3524000
0!
0U
#3525000
1!
1U
1~
0!!
0X
1V
0W
0V
#3526000
0!
0U
#3527000
1!
1U
0~
1X
1V
16!
07!
08!
09!
01!
00!
0/!
1.!
1Y
1|
0{
0z
0y
0P
0Q
0R
0S
0#
0$
0%
0&
#3528000
0!
0U
#3529000
1!
1U
1!!
1W
0V
#3530000
0!
0U
#3531000
1!
1U
1~
0!!
0X
1V
0W
0V
#3532000
0!
0U
#3533000
1!
1U
0~
1X
1V
19!
11!
0^
1[
0Y
1z
0]
0[
1Q
1%
#3534000
0!
0U
#3535000
1!
1U
1!!
1W
0V
#3536000
0!
0U
#3537000
1!
1U
1~
0!!
0X
1V
0W
0V
#3538000
0!
0U
#3539000
1!
1U
0~
1X
1V
06!
09!
01!
0.!
1^
0|
0z
1Y
0Q
1S
1#
0%
15!
1-!
0c
1`
0_
1s
0b
0`
1J
1,
#3540000
0!
0U
#3541000
1!
1U
1!!
1W
0V
#3542000
0!
0U
#3543000
1!
1U
1~
0!!
0X
1V
0W
0V
#3544000
0!
0U
#3545000
1!
1U
0~
1X
1V
19!
11!
1[
0Y
1{
1z
1y
1v
1M
1P
1Q
1R
1$
1%
1&
1)
#3546000
0!
0U
#3547000
1!
1U
1!!
1W
0V
#3548000
0!
0U
#3549000
1!
1U
1~
0!!
0X
1V
0W
0V
#3550000
0!
0U
#3551000
1!
1U
0~
1X
1V
18!
09!
01!
10!
1Y
1|
0z
0y
1x
0v
0M
1O
0P
0Q
0S
0#
0%
0&
1'
0)
#3552000
0!
0U
#3553000
1!
1U
1!!
1W
0V
#3554000
0!
0U
#3555000
1!
1U
1~
0!!
0X
1V
0W
0V
#3556000
0!
0U
#3557000
1!
1U
0~
1X
1V
19!
11!
1\
0[
0Y
1z
0x
0O
1Q
1%
0'
#3558000
0!
0U
#3559000
1!
1U
1!!
1W
0V
#3560000
0!
0U
#3561000
1!
1U
1~
0!!
0X
1V
0W
0V
#3562000
0!
0U
#3563000
1!
1U
0~
1X
1V
17!
08!
09!
01!
00!
1/!
1Y
0{
1y
1v
1M
1P
0R
0$
1&
1)
#3564000
0!
0U
#3565000
1!
1U
1!!
1W
0V
#3566000
0!
0U
#3567000
1!
1U
1~
0!!
0X
1V
0W
0V
#3568000
0!
0U
#3569000
1!
1U
0~
1X
1V
19!
11!
1[
0Y
0y
1w
0v
0M
1N
0P
0&
1(
0)
#3570000
0!
0U
#3571000
1!
1U
1!!
1W
0V
#3572000
0!
0U
#3573000
1!
1U
1~
0!!
0X
1V
0W
0V
#3574000
0!
0U
#3575000
1!
1U
0~
1X
1V
18!
09!
01!
10!
1Y
0z
0Q
0%
#3576000
0!
0U
#3577000
1!
1U
1!!
1W
0V
#3578000
0!
0U
#3579000
1!
1U
1~
0!!
0X
1V
0W
0V
#3580000
0!
0U
#3581000
1!
1U
0~
1X
1V
19!
11!
1]
0\
0[
0Y
0|
1{
1z
1y
0w
0N
1P
1Q
1R
1S
1#
1$
1%
1&
0(
#3582000
0!
0U
#3583000
1!
1U
1!!
1W
0V
#3584000
0!
0U
#3585000
1!
1U
1~
0!!
0X
1V
0W
0V
#3586000
0!
0U
#3587000
1!
1U
0~
1X
1V
16!
07!
08!
09!
01!
00!
0/!
1.!
1Y
1|
0{
0z
0y
0P
0Q
0R
0S
0#
0$
0%
0&
#3588000
0!
0U
#3589000
1!
1U
1!!
1W
0V
#3590000
0!
0U
#3591000
1!
1U
1~
0!!
0X
1V
0W
0V
#3592000
0!
0U
#3593000
1!
1U
0~
1X
1V
19!
11!
0^
1[
0Y
1z
0]
0[
1Q
1%
#3594000
0!
0U
#3595000
1!
1U
1!!
1W
0V
#3596000
0!
0U
#3597000
1!
1U
1~
0!!
0X
1V
0W
0V
#3598000
0!
0U
#3599000
1!
1U
0~
1X
1V
06!
09!
01!
0.!
1^
0|
0z
1Y
0Q
1S
1#
0%
02!
05!
0-!
0*!
1c
0u
0s
1_
0J
1L
1*
0,
1$!
0%!
0)!
1(!
1d
0l
0C
03
#3600000
0!
0U
#3601000
1!
1U
1!!
1W
0V
#3602000
0!
0U
#3603000
1!
1U
1~
0!!
0X
1V
0W
0V
#3604000
0!
0U
#3605000
1!
1U
0~
1X
1V
19!
11!
1[
0Y
1{
1z
1y
1v
1M
1P
1Q
1R
1$
1%
1&
1)
#3606000
0!
0U
#3607000
1!
1U
1!!
1W
0V
#3608000
0!
0U
#3609000
1!
1U
1~
0!!
0X
1V
0W
0V
#3610000
0!
0U
#3611000
1!
1U
0~
1X
1V
18!
09!
01!
10!
1Y
1|
0z
0y
1x
0v
0M
1O
0P
0Q
0S
0#
0%
0&
1'
0)
#3612000
0!
0U
#3613000
1!
1U
1!!
1W
0V
#3614000
0!
0U
#3615000
1!
1U
1~
0!!
0X
1V
0W
0V
#3616000
0!
0U
#3617000
1!
1U
0~
1X
1V
19!
11!
1\
0[
0Y
1z
0x
0O
1Q
1%
0'
#3618000
0!
0U
#3619000
1!
1U
1!!
1W
0V
#3620000
0!
0U
#3621000
1!
1U
1~
0!!
0X
1V
0W
0V
#3622000
0!
0U
#3623000
1!
1U
0~
1X
1V
17!
08!
09!
01!
00!
1/!
1Y
0{
1y
1v
1M
1P
0R
0$
1&
1)
#3624000
0!
0U
#3625000
1!
1U
1!!
1W
0V
#3626000
0!
0U
#3627000
1!
1U
1~
0!!
0X
1V
0W
0V
#3628000
0!
0U
#3629000
1!
1U
0~
1X
1V
19!
11!
1[
0Y
0y
1w
0v
0M
1N
0P
0&
1(
0)
#3630000
0!
0U
#3631000
1!
1U
1!!
1W
0V
#3632000
0!
0U
#3633000
1!
1U
1~
0!!
0X
1V
0W
0V
#3634000
0!
0U
#3635000
1!
1U
0~
1X
1V
18!
09!
01!
10!
1Y
0z
0Q
0%
#3636000
0!
0U
#3637000
1!
1U
1!!
1W
0V
#3638000
0!
0U
#3639000
1!
1U
1~
0!!
0X
1V
0W
0V
#3640000
0!
0U
#3641000
1!
1U
0~
1X
1V
19!
11!
1]
0\
0[
0Y
0|
1{
1z
1y
0w
0N
1P
1Q
1R
1S
1#
1$
1%
1&
0(
#3642000
0!
0U
#3643000
1!
1U
1!!
1W
0V
#3644000
0!
0U
#3645000
1!
1U
1~
0!!
0X
1V
0W
0V
#3646000
0!
0U
#3647000
1!
1U
0~
1X
1V
16!
07!
08!
09!
01!
00!
0/!
1.!
1Y
1|
0{
0z
0y
0P
0Q
0R
0S
0#
0$
0%
0&
#3648000
0!
0U
#3649000
1!
1U
1!!
1W
0V
#3650000
0!
0U
#3651000
1!
1U
1~
0!!
0X
1V
0W
0V
#3652000
0!
0U
#3653000
1!
1U
0~
1X
1V
19!
11!
0^
1[
0Y
1z
0]
0[
1Q
1%
#3654000
0!
0U
#3655000
1!
1U
1!!
1W
0V
#3656000
0!
0U
#3657000
1!
1U
1~
0!!
0X
1V
0W
0V
#3658000
0!
0U
#3659000
1!
1U
0~
1X
1V
06!
09!
01!
0.!
1^
0|
0z
1Y
0Q
1S
1#
0%
15!
1-!
1`
0_
1t
1s
1r
1o
1F
1I
1J
1K
1+
1,
1-
10
#3660000
0!
0U
#3661000
1!
1U
1!!
1W
0V
#3662000
0!
0U
#3663000
1!
1U
1~
0!!
0X
1V
0W
0V
#3664000
0!
0U
#3665000
1!
1U
0~
1X
1V
19!
11!
1[
0Y
1{
1z
1y
1v
1M
1P
1Q
1R
1$
1%
1&
1)
#3666000
0!
0U
#3667000
1!
1U
1!!
1W
0V
#3668000
0!
0U
#3669000
1!
1U
1~
0!!
0X
1V
0W
0V
#3670000
0!
0U
#3671000
1!
1U
0~
1X
1V
18!
09!
01!
10!
1Y
1|
0z
0y
1x
0v
0M
1O
0P
0Q
0S
0#
0%
0&
1'
0)
#3672000
0!
0U
#3673000
1!
1U
1!!
1W
0V
#3674000
0!
0U
#3675000
1!
1U
1~
0!!
0X
1V
0W
0V
#3676000
0!
0U
#3677000
1!
1U
0~
1X
1V
19!
11!
1\
0[
0Y
1z
0x
0O
1Q
1%
0'
#3678000
0!
0U
#3679000
1!
1U
1!!
1W
0V
#3680000
0!
0U
#3681000
1!
1U
1~
0!!
0X
1V
0W
0V
#3682000
0!
0U
#3683000
1!
1U
0~
1X
1V
17!
08!
09!
01!
00!
1/!
1Y
0{
1y
1v
1M
1P
0R
0$
1&
1)
#3684000
0!
0U
#3685000
1!
1U
1!!
1W
0V
#3686000
0!
0U
#3687000
1!
1U
1~
0!!
0X
1V
0W
0V
#3688000
0!
0U
#3689000
1!
1U
0~
1X
1V
19!
11!
1[
0Y
0y
1w
0v
0M
1N
0P
0&
1(
0)
#3690000
0!
0U
#3691000
1!
1U
1!!
1W
0V
#3692000
0!
0U
#3693000
1!
1U
1~
0!!
0X
1V
0W
0V
#3694000
0!
0U
#3695000
1!
1U
0~
1X
1V
18!
09!
01!
10!
1Y
0z
0Q
0%
#3696000
0!
0U
#3697000
1!
1U
1!!
1W
0V
#3698000
0!
0U
#3699000
1!
1U
1~
0!!
0X
1V
0W
0V
#3700000
0!
0U
#3701000
1!
1U
0~
1X
1V
19!
11!
1]
0\
0[
0Y
0|
1{
1z
1y
0w
0N
1P
1Q
1R
1S
1#
1$
1%
1&
0(
#3702000
0!
0U
#3703000
1!
1U
1!!
1W
0V
#3704000
0!
0U
#3705000
1!
1U
1~
0!!
0X
1V
0W
0V
#3706000
0!
0U
#3707000
1!
1U
0~
1X
1V
16!
07!
08!
09!
01!
00!
0/!
1.!
1Y
1|
0{
0z
0y
0P
0Q
0R
0S
0#
0$
0%
0&
#3708000
0!
0U
#3709000
1!
1U
1!!
1W
0V
#3710000
0!
0U
#3711000
1!
1U
1~
0!!
0X
1V
0W
0V
#3712000
0!
0U
#3713000
1!
1U
0~
1X
1V
19!
11!
0^
1[
0Y
1z
0]
0[
1Q
1%
#3714000
0!
0U
#3715000
1!
1U
1!!
1W
0V
#3716000
0!
0U
#3717000
1!
1U
1~
0!!
0X
1V
0W
0V
#3718000
0!
0U
#3719000
1!
1U
0~
1X
1V
06!
09!
01!
0.!
1^
0|
0z
1Y
0Q
1S
1#
0%
14!
05!
0-!
1,!
1_
1u
0s
0r
1q
0o
0F
1H
0I
0J
0L
0*
0,
0-
1.
00
#3720000
0!
0U
#3721000
1!
1U
1!!
1W
0V
#3722000
0!
0U
#3723000
1!
1U
1~
0!!
0X
1V
0W
0V
#3724000
0!
0U
#3725000
1!
1U
0~
1X
1V
19!
11!
1[
0Y
1{
1z
1y
1v
1M
1P
1Q
1R
1$
1%
1&
1)
#3726000
0!
0U
#3727000
1!
1U
1!!
1W
0V
#3728000
0!
0U
#3729000
1!
1U
1~
0!!
0X
1V
0W
0V
#3730000
0!
0U
#3731000
1!
1U
0~
1X
1V
18!
09!
01!
10!
1Y
1|
0z
0y
1x
0v
0M
1O
0P
0Q
0S
0#
0%
0&
1'
0)
#3732000
0!
0U
#3733000
1!
1U
1!!
1W
0V
#3734000
0!
0U
#3735000
1!
1U
1~
0!!
0X
1V
0W
0V
#3736000
0!
0U
#3737000
1!
1U
0~
1X
1V
19!
11!
1\
0[
0Y
1z
0x
0O
1Q
1%
0'
#3738000
0!
0U
#3739000
1!
1U
1!!
1W
0V
#3740000
0!
0U
#3741000
1!
1U
1~
0!!
0X
1V
0W
0V
#3742000
0!
0U
#3743000
1!
1U
0~
1X
1V
17!
08!
09!
01!
00!
1/!
1Y
0{
1y
1v
1M
1P
0R
0$
1&
1)
#3744000
0!
0U
#3745000
1!
1U
1!!
1W
0V
#3746000
0!
0U
#3747000
1!
1U
1~
0!!
0X
1V
0W
0V
#3748000
0!
0U
#3749000
1!
1U
0~
1X
1V
19!
11!
1[
0Y
0y
1w
0v
0M
1N
0P
0&
1(
0)
#3750000
0!
0U
#3751000
1!
1U
1!!
1W
0V
#3752000
0!
0U
#3753000
1!
1U
1~
0!!
0X
1V
0W
0V
#3754000
0!
0U
#3755000
1!
1U
0~
1X
1V
18!
09!
01!
10!
1Y
0z
0Q
0%
#3756000
0!
0U
#3757000
1!
1U
1!!
1W
0V
#3758000
0!
0U
#3759000
1!
1U
1~
0!!
0X
1V
0W
0V
#3760000
0!
0U
#3761000
1!
1U
0~
1X
1V
19!
11!
1]
0\
0[
0Y
0|
1{
1z
1y
0w
0N
1P
1Q
1R
1S
1#
1$
1%
1&
0(
#3762000
0!
0U
#3763000
1!
1U
1!!
1W
0V
#3764000
0!
0U
#3765000
1!
1U
1~
0!!
0X
1V
0W
0V
#3766000
0!
0U
#3767000
1!
1U
0~
1X
1V
16!
07!
08!
09!
01!
00!
0/!
1.!
1Y
1|
0{
0z
0y
0P
0Q
0R
0S
0#
0$
0%
0&
#3768000
0!
0U
#3769000
1!
1U
1!!
1W
0V
#3770000
0!
0U
#3771000
1!
1U
1~
0!!
0X
1V
0W
0V
#3772000
0!
0U
#3773000
1!
1U
0~
1X
1V
19!
11!
0^
1[
0Y
1z
0]
0[
1Q
1%
#3774000
0!
0U
#3775000
1!
1U
1!!
1W
0V
#3776000
0!
0U
#3777000
1!
1U
1~
0!!
0X
1V
0W
0V
#3778000
0!
0U
#3779000
1!
1U
0~
1X
1V
06!
09!
01!
0.!
1^
0|
0z
1Y
0Q
1S
1#
0%
15!
1-!
1a
0`
0_
1s
0q
0H
1J
1,
0.
#3780000
0!
0U
#3781000
1!
1U
1!!
1W
0V
#3782000
0!
0U
#3783000
1!
1U
1~
0!!
0X
1V
0W
0V
#3784000
0!
0U
#3785000
1!
1U
0~
1X
1V
19!
11!
1[
0Y
1{
1z
1y
1v
1M
1P
1Q
1R
1$
1%
1&
1)
#3786000
0!
0U
#3787000
1!
1U
1!!
1W
0V
#3788000
0!
0U
#3789000
1!
1U
1~
0!!
0X
1V
0W
0V
#3790000
0!
0U
#3791000
1!
1U
0~
1X
1V
18!
09!
01!
10!
1Y
1|
0z
0y
1x
0v
0M
1O
0P
0Q
0S
0#
0%
0&
1'
0)
#3792000
0!
0U
#3793000
1!
1U
1!!
1W
0V
#3794000
0!
0U
#3795000
1!
1U
1~
0!!
0X
1V
0W
0V
#3796000
0!
0U
#3797000
1!
1U
0~
1X
1V
19!
11!
1\
0[
0Y
1z
0x
0O
1Q
1%
0'
#3798000
0!
0U
#3799000
1!
1U
1!!
1W
0V
#3800000
0!
0U
#3801000
1!
1U
1~
0!!
0X
1V
0W
0V
#3802000
0!
0U
#3803000
1!
1U
0~
1X
1V
17!
08!
09!
01!
00!
1/!
1Y
0{
1y
1v
1M
1P
0R
0$
1&
1)
#3804000
0!
0U
#3805000
1!
1U
1!!
1W
0V
#3806000
0!
0U
#3807000
1!
1U
1~
0!!
0X
1V
0W
0V
#3808000
0!
0U
#3809000
1!
1U
0~
1X
1V
19!
11!
1[
0Y
0y
1w
0v
0M
1N
0P
0&
1(
0)
#3810000
0!
0U
#3811000
1!
1U
1!!
1W
0V
#3812000
0!
0U
#3813000
1!
1U
1~
0!!
0X
1V
0W
0V
#3814000
0!
0U
#3815000
1!
1U
0~
1X
1V
18!
09!
01!
10!
1Y
0z
0Q
0%
#3816000
0!
0U
#3817000
1!
1U
1!!
1W
0V
#3818000
0!
0U
#3819000
1!
1U
1~
0!!
0X
1V
0W
0V
#3820000
0!
0U
#3821000
1!
1U
0~
1X
1V
19!
11!
1]
0\
0[
0Y
0|
1{
1z
1y
0w
0N
1P
1Q
1R
1S
1#
1$
1%
1&
0(
#3822000
0!
0U
#3823000
1!
1U
1!!
1W
0V
#3824000
0!
0U
#3825000
1!
1U
1~
0!!
0X
1V
0W
0V
#3826000
0!
0U
#3827000
1!
1U
0~
1X
1V
16!
07!
08!
09!
01!
00!
0/!
1.!
1Y
1|
0{
0z
0y
0P
0Q
0R
0S
0#
0$
0%
0&
#3828000
0!
0U
#3829000
1!
1U
1!!
1W
0V
#3830000
0!
0U
#3831000
1!
1U
1~
0!!
0X
1V
0W
0V
#3832000
0!
0U
#3833000
1!
1U
0~
1X
1V
19!
11!
0^
1[
0Y
1z
0]
0[
1Q
1%
#3834000
0!
0U
#3835000
1!
1U
1!!
1W
0V
#3836000
0!
0U
#3837000
1!
1U
1~
0!!
0X
1V
0W
0V
#3838000
0!
0U
#3839000
1!
1U
0~
1X
1V
06!
09!
01!
0.!
1^
0|
0z
1Y
0Q
1S
1#
0%
13!
04!
05!
0-!
0,!
1+!
1_
0t
1r
1o
1F
1I
0K
0+
1-
10
#3840000
0!
0U
#3841000
1!
1U
1!!
1W
0V
#3842000
0!
0U
#3843000
1!
1U
1~
0!!
0X
1V
0W
0V
#3844000
0!
0U
#3845000
1!
1U
0~
1X
1V
19!
11!
1[
0Y
1{
1z
1y
1v
1M
1P
1Q
1R
1$
1%
1&
1)
#3846000
0!
0U
#3847000
1!
1U
1!!
1W
0V
#3848000
0!
0U
#3849000
1!
1U
1~
0!!
0X
1V
0W
0V
#3850000
0!
0U
#3851000
1!
1U
0~
1X
1V
18!
09!
01!
10!
1Y
1|
0z
0y
1x
0v
0M
1O
0P
0Q
0S
0#
0%
0&
1'
0)
#3852000
0!
0U
#3853000
1!
1U
1!!
1W
0V
#3854000
0!
0U
#3855000
1!
1U
1~
0!!
0X
1V
0W
0V
#3856000
0!
0U
#3857000
1!
1U
0~
1X
1V
19!
11!
1\
0[
0Y
1z
0x
0O
1Q
1%
0'
#3858000
0!
0U
#3859000
1!
1U
1!!
1W
0V
#3860000
0!
0U
#3861000
1!
1U
1~
0!!
0X
1V
0W
0V
#3862000
0!
0U
#3863000
1!
1U
0~
1X
1V
17!
08!
09!
01!
00!
1/!
1Y
0{
1y
1v
1M
1P
0R
0$
1&
1)
#3864000
0!
0U
#3865000
1!
1U
1!!
1W
0V
#3866000
0!
0U
#3867000
1!
1U
1~
0!!
0X
1V
0W
0V
#3868000
0!
0U
#3869000
1!
1U
0~
1X
1V
19!
11!
1[
0Y
0y
1w
0v
0M
1N
0P
0&
1(
0)
#3870000
0!
0U
#3871000
1!
1U
1!!
1W
0V
#3872000
0!
0U
#3873000
1!
1U
1~
0!!
0X
1V
0W
0V
#3874000
0!
0U
#3875000
1!
1U
0~
1X
1V
18!
09!
01!
10!
1Y
0z
0Q
0%
#3876000
0!
0U
#3877000
1!
1U
1!!
1W
0V
#3878000
0!
0U
#3879000
1!
1U
1~
0!!
0X
1V
0W
0V
#3880000
0!
0U
#3881000
1!
1U
0~
1X
1V
19!
11!
1]
0\
0[
0Y
0|
1{
1z
1y
0w
0N
1P
1Q
1R
1S
1#
1$
1%
1&
0(
#3882000
0!
0U
#3883000
1!
1U
1!!
1W
0V
#3884000
0!
0U
#3885000
1!
1U
1~
0!!
0X
1V
0W
0V
#3886000
0!
0U
#3887000
1!
1U
0~
1X
1V
16!
07!
08!
09!
01!
00!
0/!
1.!
1Y
1|
0{
0z
0y
0P
0Q
0R
0S
0#
0$
0%
0&
#3888000
0!
0U
#3889000
1!
1U
1!!
1W
0V
#3890000
0!
0U
#3891000
1!
1U
1~
0!!
0X
1V
0W
0V
#3892000
0!
0U
#3893000
1!
1U
0~
1X
1V
19!
11!
0^
1[
0Y
1z
0]
0[
1Q
1%
#3894000
0!
0U
#3895000
1!
1U
1!!
1W
0V
#3896000
0!
0U
#3897000
1!
1U
1~
0!!
0X
1V
0W
0V
#3898000
0!
0U
#3899000
1!
1U
0~
1X
1V
06!
09!
01!
0.!
1^
0|
0z
1Y
0Q
1S
1#
0%
15!
1-!
1`
0_
0r
1p
0o
0F
1G
0I
0-
1/
00
#3900000
0!
0U
#3901000
1!
1U
1!!
1W
0V
#3902000
0!
0U
#3903000
1!
1U
1~
0!!
0X
1V
0W
0V
#3904000
0!
0U
#3905000
1!
1U
0~
1X
1V
19!
11!
1[
0Y
1{
1z
1y
1v
1M
1P
1Q
1R
1$
1%
1&
1)
#3906000
0!
0U
#3907000
1!
1U
1!!
1W
0V
#3908000
0!
0U
#3909000
1!
1U
1~
0!!
0X
1V
0W
0V
#3910000
0!
0U
#3911000
1!
1U
0~
1X
1V
18!
09!
01!
10!
1Y
1|
0z
0y
1x
0v
0M
1O
0P
0Q
0S
0#
0%
0&
1'
0)
#3912000
0!
0U
#3913000
1!
1U
1!!
1W
0V
#3914000
0!
0U
#3915000
1!
1U
1~
0!!
0X
1V
0W
0V
#3916000
0!
0U
#3917000
1!
1U
0~
1X
1V
19!
11!
1\
0[
0Y
1z
0x
0O
1Q
1%
0'
#3918000
0!
0U
#3919000
1!
1U
1!!
1W
0V
#3920000
0!
0U
#3921000
1!
1U
1~
0!!
0X
1V
0W
0V
#3922000
0!
0U
#3923000
1!
1U
0~
1X
1V
17!
08!
09!
01!
00!
1/!
1Y
0{
1y
1v
1M
1P
0R
0$
1&
1)
#3924000
0!
0U
#3925000
1!
1U
1!!
1W
0V
#3926000
0!
0U
#3927000
1!
1U
1~
0!!
0X
1V
0W
0V
#3928000
0!
0U
#3929000
1!
1U
0~
1X
1V
19!
11!
1[
0Y
0y
1w
0v
0M
1N
0P
0&
1(
0)
#3930000
0!
0U
#3931000
1!
1U
1!!
1W
0V
#3932000
0!
0U
#3933000
1!
1U
1~
0!!
0X
1V
0W
0V
#3934000
0!
0U
#3935000
1!
1U
0~
1X
1V
18!
09!
01!
10!
1Y
0z
0Q
0%
#3936000
0!
0U
#3937000
1!
1U
1!!
1W
0V
#3938000
0!
0U
#3939000
1!
1U
1~
0!!
0X
1V
0W
0V
#3940000
0!
0U
#3941000
1!
1U
0~
1X
1V
19!
11!
1]
0\
0[
0Y
0|
1{
1z
1y
0w
0N
1P
1Q
1R
1S
1#
1$
1%
1&
0(
#3942000
0!
0U
#3943000
1!
1U
1!!
1W
0V
#3944000
0!
0U
#3945000
1!
1U
1~
0!!
0X
1V
0W
0V
#3946000
0!
0U
#3947000
1!
1U
0~
1X
1V
16!
07!
08!
09!
01!
00!
0/!
1.!
1Y
1|
0{
0z
0y
0P
0Q
0R
0S
0#
0$
0%
0&
#3948000
0!
0U
#3949000
1!
1U
1!!
1W
0V
#3950000
0!
0U
#3951000
1!
1U
1~
0!!
0X
1V
0W
0V
#3952000
0!
0U
#3953000
1!
1U
0~
1X
1V
19!
11!
0^
1[
0Y
1z
0]
0[
1Q
1%
#3954000
0!
0U
#3955000
1!
1U
1!!
1W
0V
#3956000
0!
0U
#3957000
1!
1U
1~
0!!
0X
1V
0W
0V
#3958000
0!
0U
#3959000
1!
1U
0~
1X
1V
06!
09!
01!
0.!
1^
0|
0z
1Y
0Q
1S
1#
0%
14!
05!
0-!
1,!
1_
0s
0J
0,
#3960000
0!
0U
#3961000
1!
1U
1!!
1W
0V
#3962000
0!
0U
#3963000
1!
1U
1~
0!!
0X
1V
0W
0V
#3964000
0!
0U
#3965000
1!
1U
0~
1X
1V
19!
11!
1[
0Y
1{
1z
1y
1v
1M
1P
1Q
1R
1$
1%
1&
1)
#3966000
0!
0U
#3967000
1!
1U
1!!
1W
0V
#3968000
0!
0U
#3969000
1!
1U
1~
0!!
0X
1V
0W
0V
#3970000
0!
0U
#3971000
1!
1U
0~
1X
1V
18!
09!
01!
10!
1Y
1|
0z
0y
1x
0v
0M
1O
0P
0Q
0S
0#
0%
0&
1'
0)
#3972000
0!
0U
#3973000
1!
1U
1!!
1W
0V
#3974000
0!
0U
#3975000
1!
1U
1~
0!!
0X
1V
0W
0V
#3976000
0!
0U
#3977000
1!
1U
0~
1X
1V
19!
11!
1\
0[
0Y
1z
0x
0O
1Q
1%
0'
#3978000
0!
0U
#3979000
1!
1U
1!!
1W
0V
#3980000
0!
0U
#3981000
1!
1U
1~
0!!
0X
1V
0W
0V
#3982000
0!
0U
#3983000
1!
1U
0~
1X
1V
17!
08!
09!
01!
00!
1/!
1Y
0{
1y
1v
1M
1P
0R
0$
1&
1)
#3984000
0!
0U
#3985000
1!
1U
1!!
1W
0V
#3986000
0!
0U
#3987000
1!
1U
1~
0!!
0X
1V
0W
0V
#3988000
0!
0U
#3989000
1!
1U
0~
1X
1V
19!
11!
1[
0Y
0y
1w
0v
0M
1N
0P
0&
1(
0)
#3990000
0!
0U
#3991000
1!
1U
1!!
1W
0V
#3992000
0!
0U
#3993000
1!
1U
1~
0!!
0X
1V
0W
0V
#3994000
0!
0U
#3995000
1!
1U
0~
1X
1V
18!
09!
01!
10!
1Y
0z
0Q
0%
#3996000
0!
0U
#3997000
1!
1U
1!!
1W
0V
#3998000
0!
0U
#3999000
1!
1U
1~
0!!
0X
1V
0W
0V
#4000000
0!
0U
#4001000
1!
1U
0~
1X
1V
19!
11!
1]
0\
0[
0Y
0|
1{
1z
1y
0w
0N
1P
1Q
1R
1S
1#
1$
1%
1&
0(
#4002000
0!
0U
#4003000
1!
1U
1!!
1W
0V
#4004000
0!
0U
#4005000
1!
1U
1~
0!!
0X
1V
0W
0V
#4006000
0!
0U
#4007000
1!
1U
0~
1X
1V
16!
07!
08!
09!
01!
00!
0/!
1.!
1Y
1|
0{
0z
0y
0P
0Q
0R
0S
0#
0$
0%
0&
#4008000
0!
0U
#4009000
1!
1U
1!!
1W
0V
#4010000
0!
0U
#4011000
1!
1U
1~
0!!
0X
1V
0W
0V
#4012000
0!
0U
#4013000
1!
1U
0~
1X
1V
19!
11!
0^
1[
0Y
1z
0]
0[
1Q
1%
#4014000
0!
0U
#4015000
1!
1U
1!!
1W
0V
#4016000
0!
0U
#4017000
1!
1U
1~
0!!
0X
1V
0W
0V
#4018000
0!
0U
#4019000
1!
1U
0~
1X
1V
06!
09!
01!
0.!
1^
0|
0z
1Y
0Q
1S
1#
0%
15!
1-!
1b
0a
0`
0_
0u
1t
1s
1r
0p
0G
1I
1J
1K
1L
1*
1+
1,
1-
0/
#4020000
0!
0U
#4021000
1!
1U
1!!
1W
0V
#4022000
0!
0U
#4023000
1!
1U
1~
0!!
0X
1V
0W
0V
#4024000
0!
0U
#4025000
1!
1U
0~
1X
1V
19!
11!
1[
0Y
1{
1z
1y
1v
1M
1P
1Q
1R
1$
1%
1&
1)
#4026000
0!
0U
#4027000
1!
1U
1!!
1W
0V
#4028000
0!
0U
#4029000
1!
1U
1~
0!!
0X
1V
0W
0V
#4030000
0!
0U
#4031000
1!
1U
0~
1X
1V
18!
09!
01!
10!
1Y
1|
0z
0y
1x
0v
0M
1O
0P
0Q
0S
0#
0%
0&
1'
0)
#4032000
0!
0U
#4033000
1!
1U
1!!
1W
0V
#4034000
0!
0U
#4035000
1!
1U
1~
0!!
0X
1V
0W
0V
#4036000
0!
0U
#4037000
1!
1U
0~
1X
1V
19!
11!
1\
0[
0Y
1z
0x
0O
1Q
1%
0'
#4038000
0!
0U
#4039000
1!
1U
1!!
1W
0V
#4040000
0!
0U
#4041000
1!
1U
1~
0!!
0X
1V
0W
0V
#4042000
0!
0U
#4043000
1!
1U
0~
1X
1V
17!
08!
09!
01!
00!
1/!
1Y
0{
1y
1v
1M
1P
0R
0$
1&
1)
#4044000
0!
0U
#4045000
1!
1U
1!!
1W
0V
#4046000
0!
0U
#4047000
1!
1U
1~
0!!
0X
1V
0W
0V
#4048000
0!
0U
#4049000
1!
1U
0~
1X
1V
19!
11!
1[
0Y
0y
1w
0v
0M
1N
0P
0&
1(
0)
#4050000
0!
0U
#4051000
1!
1U
1!!
1W
0V
#4052000
0!
0U
#4053000
1!
1U
1~
0!!
0X
1V
0W
0V
#4054000
0!
0U
#4055000
1!
1U
0~
1X
1V
18!
09!
01!
10!
1Y
0z
0Q
0%
#4056000
0!
0U
#4057000
1!
1U
1!!
1W
0V
#4058000
0!
0U
#4059000
1!
1U
1~
0!!
0X
1V
0W
0V
#4060000
0!
0U
#4061000
1!
1U
0~
1X
1V
19!
11!
1]
0\
0[
0Y
0|
1{
1z
1y
0w
0N
1P
1Q
1R
1S
1#
1$
1%
1&
0(
#4062000
0!
0U
#4063000
1!
1U
1!!
1W
0V
#4064000
0!
0U
#4065000
1!
1U
1~
0!!
0X
1V
0W
0V
#4066000
0!
0U
#4067000
1!
1U
0~
1X
1V
16!
07!
08!
09!
01!
00!
0/!
1.!
1Y
1|
0{
0z
0y
0P
0Q
0R
0S
0#
0$
0%
0&
#4068000
0!
0U
#4069000
1!
1U
1!!
1W
0V
#4070000
0!
0U
#4071000
1!
1U
1~
0!!
0X
1V
0W
0V
#4072000
0!
0U
#4073000
1!
1U
0~
1X
1V
19!
11!
0^
1[
0Y
1z
0]
0[
1Q
1%
#4074000
0!
0U
#4075000
1!
1U
1!!
1W
0V
#4076000
0!
0U
#4077000
1!
1U
1~
0!!
0X
1V
0W
0V
#4078000
0!
0U
#4079000
1!
1U
0~
1X
1V
06!
09!
01!
0.!
1^
0|
0z
1Y
0Q
1S
1#
0%
12!
03!
04!
05!
0-!
0,!
0+!
1*!
1_
1u
0t
0s
0r
0I
0J
0K
0L
0*
0+
0,
0-
#4080000
0!
0U
#4081000
1!
1U
1!!
1W
0V
#4082000
0!
0U
#4083000
1!
1U
1~
0!!
0X
1V
0W
0V
#4084000
0!
0U
#4085000
1!
1U
0~
1X
1V
19!
11!
1[
0Y
1{
1z
1y
1v
1M
1P
1Q
1R
1$
1%
1&
1)
#4086000
0!
0U
#4087000
1!
1U
1!!
1W
0V
#4088000
0!
0U
#4089000
1!
1U
1~
0!!
0X
1V
0W
0V
#4090000
0!
0U
#4091000
1!
1U
0~
1X
1V
18!
09!
01!
10!
1Y
1|
0z
0y
1x
0v
0M
1O
0P
0Q
0S
0#
0%
0&
1'
0)
#4092000
0!
0U
#4093000
1!
1U
1!!
1W
0V
#4094000
0!
0U
#4095000
1!
1U
1~
0!!
0X
1V
0W
0V
#4096000
0!
0U
#4097000
1!
1U
0~
1X
1V
19!
11!
1\
0[
0Y
1z
0x
0O
1Q
1%
0'
#4098000
0!
0U
#4099000
1!
1U
1!!
1W
0V
#4100000
0!
0U
#4101000
1!
1U
1~
0!!
0X
1V
0W
0V
#4102000
0!
0U
#4103000
1!
1U
0~
1X
1V
17!
08!
09!
01!
00!
1/!
1Y
0{
1y
1v
1M
1P
0R
0$
1&
1)
#4104000
0!
0U
#4105000
1!
1U
1!!
1W
0V
#4106000
0!
0U
#4107000
1!
1U
1~
0!!
0X
1V
0W
0V
#4108000
0!
0U
#4109000
1!
1U
0~
1X
1V
19!
11!
1[
0Y
0y
1w
0v
0M
1N
0P
0&
1(
0)
#4110000
0!
0U
#4111000
1!
1U
1!!
1W
0V
#4112000
0!
0U
#4113000
1!
1U
1~
0!!
0X
1V
0W
0V
#4114000
0!
0U
#4115000
1!
1U
0~
1X
1V
18!
09!
01!
10!
1Y
0z
0Q
0%
#4116000
0!
0U
#4117000
1!
1U
1!!
1W
0V
#4118000
0!
0U
#4119000
1!
1U
1~
0!!
0X
1V
0W
0V
#4120000
0!
0U
#4121000
1!
1U
0~
1X
1V
19!
11!
1]
0\
0[
0Y
0|
1{
1z
1y
0w
0N
1P
1Q
1R
1S
1#
1$
1%
1&
0(
#4122000
0!
0U
#4123000
1!
1U
1!!
1W
0V
#4124000
0!
0U
#4125000
1!
1U
1~
0!!
0X
1V
0W
0V
#4126000
0!
0U
#4127000
1!
1U
0~
1X
1V
16!
07!
08!
09!
01!
00!
0/!
1.!
1Y
1|
0{
0z
0y
0P
0Q
0R
0S
0#
0$
0%
0&
#4128000
0!
0U
#4129000
1!
1U
1!!
1W
0V
#4130000
0!
0U
#4131000
1!
1U
1~
0!!
0X
1V
0W
0V
#4132000
0!
0U
#4133000
1!
1U
0~
1X
1V
19!
11!
0^
1[
0Y
1z
0]
0[
1Q
1%
#4134000
0!
0U
#4135000
1!
1U
1!!
1W
0V
#4136000
0!
0U
#4137000
1!
1U
1~
0!!
0X
1V
0W
0V
#4138000
0!
0U
#4139000
1!
1U
0~
1X
1V
06!
09!
01!
0.!
1^
0|
0z
1Y
0Q
1S
1#
0%
15!
1-!
0c
1`
0_
1s
0b
0`
1J
1,
#4140000
0!
0U
#4141000
1!
1U
1!!
1W
0V
#4142000
0!
0U
#4143000
1!
1U
1~
0!!
0X
1V
0W
0V
#4144000
0!
0U
#4145000
1!
1U
0~
1X
1V
19!
11!
1[
0Y
1{
1z
1y
1v
1M
1P
1Q
1R
1$
1%
1&
1)
#4146000
0!
0U
#4147000
1!
1U
1!!
1W
0V
#4148000
0!
0U
#4149000
1!
1U
1~
0!!
0X
1V
0W
0V
#4150000
0!
0U
#4151000
1!
1U
0~
1X
1V
18!
09!
01!
10!
1Y
1|
0z
0y
1x
0v
0M
1O
0P
0Q
0S
0#
0%
0&
1'
0)
#4152000
0!
0U
#4153000
1!
1U
1!!
1W
0V
#4154000
0!
0U
#4155000
1!
1U
1~
0!!
0X
1V
0W
0V
#4156000
0!
0U
#4157000
1!
1U
0~
1X
1V
19!
11!
1\
0[
0Y
1z
0x
0O
1Q
1%
0'
#4158000
0!
0U
#4159000
1!
1U
1!!
1W
0V
#4160000
0!
0U
#4161000
1!
1U
1~
0!!
0X
1V
0W
0V
#4162000
0!
0U
#4163000
1!
1U
0~
1X
1V
17!
08!
09!
01!
00!
1/!
1Y
0{
1y
1v
1M
1P
0R
0$
1&
1)
#4164000
0!
0U
#4165000
1!
1U
1!!
1W
0V
#4166000
0!
0U
#4167000
1!
1U
1~
0!!
0X
1V
0W
0V
#4168000
0!
0U
#4169000
1!
1U
0~
1X
1V
19!
11!
1[
0Y
0y
1w
0v
0M
1N
0P
0&
1(
0)
#4170000
0!
0U
#4171000
1!
1U
1!!
1W
0V
#4172000
0!
0U
#4173000
1!
1U
1~
0!!
0X
1V
0W
0V
#4174000
0!
0U
#4175000
1!
1U
0~
1X
1V
18!
09!
01!
10!
1Y
0z
0Q
0%
#4176000
0!
0U
#4177000
1!
1U
1!!
1W
0V
#4178000
0!
0U
#4179000
1!
1U
1~
0!!
0X
1V
0W
0V
#4180000
0!
0U
#4181000
1!
1U
0~
1X
1V
19!
11!
1]
0\
0[
0Y
0|
1{
1z
1y
0w
0N
1P
1Q
1R
1S
1#
1$
1%
1&
0(
#4182000
0!
0U
#4183000
1!
1U
1!!
1W
0V
#4184000
0!
0U
#4185000
1!
1U
1~
0!!
0X
1V
0W
0V
#4186000
0!
0U
#4187000
1!
1U
0~
1X
1V
16!
07!
08!
09!
01!
00!
0/!
1.!
1Y
1|
0{
0z
0y
0P
0Q
0R
0S
0#
0$
0%
0&
#4188000
0!
0U
#4189000
1!
1U
1!!
1W
0V
#4190000
0!
0U
#4191000
1!
1U
1~
0!!
0X
1V
0W
0V
#4192000
0!
0U
#4193000
1!
1U
0~
1X
1V
19!
11!
0^
1[
0Y
1z
0]
0[
1Q
1%
#4194000
0!
0U
#4195000
1!
1U
1!!
1W
0V
#4196000
0!
0U
#4197000
1!
1U
1~
0!!
0X
1V
0W
0V
#4198000
0!
0U
#4199000
1!
1U
0~
1X
1V
06!
09!
01!
0.!
1^
0|
0z
1Y
0Q
1S
1#
0%
02!
05!
0-!
0*!
1c
0u
0s
1_
0J
1L
1*
0,
1%!
1)!
0g
1f
0e
0d
0n
1m
1l
1k
0i
0@
1B
1C
1D
1E
11
12
13
14
06
#4200000
0!
0U
#4201000
1!
1U
1!!
1W
0V
#4202000
0!
0U
#4203000
1!
1U
1~
0!!
0X
1V
0W
0V
#4204000
0!
0U
#4205000
1!
1U
0~
1X
1V
19!
11!
1[
0Y
1{
1z
1y
1v
1M
1P
1Q
1R
1$
1%
1&
1)
#4206000
0!
0U
#4207000
1!
1U
1!!
1W
0V
#4208000
0!
0U
#4209000
1!
1U
1~
0!!
0X
1V
0W
0V
#4210000
0!
0U
#4211000
1!
1U
0~
1X
1V
18!
09!
01!
10!
1Y
1|
0z
0y
1x
0v
0M
1O
0P
0Q
0S
0#
0%
0&
1'
0)
#4212000
0!
0U
#4213000
1!
1U
1!!
1W
0V
#4214000
0!
0U
#4215000
1!
1U
1~
0!!
0X
1V
0W
0V
#4216000
0!
0U
#4217000
1!
1U
0~
1X
1V
19!
11!
1\
0[
0Y
1z
0x
0O
1Q
1%
0'
#4218000
0!
0U
#4219000
1!
1U
1!!
1W
0V
#4220000
0!
0U
#4221000
1!
1U
1~
0!!
0X
1V
0W
0V
#4222000
0!
0U
#4223000
1!
1U
0~
1X
1V
17!
08!
09!
01!
00!
1/!
1Y
0{
1y
1v
1M
1P
0R
0$
1&
1)
#4224000
0!
0U
#4225000
1!
1U
1!!
1W
0V
#4226000
0!
0U
#4227000
1!
1U
1~
0!!
0X
1V
0W
0V
#4228000
0!
0U
#4229000
1!
1U
0~
1X
1V
19!
11!
1[
0Y
0y
1w
0v
0M
1N
0P
0&
1(
0)
#4230000
0!
0U
#4231000
1!
1U
1!!
1W
0V
#4232000
0!
0U
#4233000
1!
1U
1~
0!!
0X
1V
0W
0V
#4234000
0!
0U
#4235000
1!
1U
0~
1X
1V
18!
09!
01!
10!
1Y
0z
0Q
0%
#4236000
0!
0U
#4237000
1!
1U
1!!
1W
0V
#4238000
0!
0U
#4239000
1!
1U
1~
0!!
0X
1V
0W
0V
#4240000
0!
0U
#4241000
1!
1U
0~
1X
1V
19!
11!
1]
0\
0[
0Y
0|
1{
1z
1y
0w
0N
1P
1Q
1R
1S
1#
1$
1%
1&
0(
#4242000
0!
0U
#4243000
1!
1U
1!!
1W
0V
#4244000
0!
0U
#4245000
1!
1U
1~
0!!
0X
1V
0W
0V
#4246000
0!
0U
#4247000
1!
1U
0~
1X
1V
16!
07!
08!
09!
01!
00!
0/!
1.!
1Y
1|
0{
0z
0y
0P
0Q
0R
0S
0#
0$
0%
0&
#4248000
0!
0U
#4249000
1!
1U
1!!
1W
0V
#4250000
0!
0U
#4251000
1!
1U
1~
0!!
0X
1V
0W
0V
#4252000
0!
0U
#4253000
1!
1U
0~
1X
1V
19!
11!
0^
1[
0Y
1z
0]
0[
1Q
1%
#4254000
0!
0U
#4255000
1!
1U
1!!
1W
0V
#4256000
0!
0U
#4257000
1!
1U
1~
0!!
0X
1V
0W
0V
#4258000
0!
0U
#4259000
1!
1U
0~
1X
1V
06!
09!
01!
0.!
1^
0|
0z
1Y
0Q
1S
1#
0%
15!
1-!
1`
0_
1t
1s
1r
1o
1F
1I
1J
1K
1+
1,
1-
10
#4260000
0!
0U
#4261000
1!
1U
1!!
1W
0V
#4262000
0!
0U
#4263000
1!
1U
1~
0!!
0X
1V
0W
0V
#4264000
0!
0U
#4265000
1!
1U
0~
1X
1V
19!
11!
1[
0Y
1{
1z
1y
1v
1M
1P
1Q
1R
1$
1%
1&
1)
#4266000
0!
0U
#4267000
1!
1U
1!!
1W
0V
#4268000
0!
0U
#4269000
1!
1U
1~
0!!
0X
1V
0W
0V
#4270000
0!
0U
#4271000
1!
1U
0~
1X
1V
18!
09!
01!
10!
1Y
1|
0z
0y
1x
0v
0M
1O
0P
0Q
0S
0#
0%
0&
1'
0)
#4272000
0!
0U
#4273000
1!
1U
1!!
1W
0V
#4274000
0!
0U
#4275000
1!
1U
1~
0!!
0X
1V
0W
0V
#4276000
0!
0U
#4277000
1!
1U
0~
1X
1V
19!
11!
1\
0[
0Y
1z
0x
0O
1Q
1%
0'
#4278000
0!
0U
#4279000
1!
1U
1!!
1W
0V
#4280000
0!
0U
#4281000
1!
1U
1~
0!!
0X
1V
0W
0V
#4282000
0!
0U
#4283000
1!
1U
0~
1X
1V
17!
08!
09!
01!
00!
1/!
1Y
0{
1y
1v
1M
1P
0R
0$
1&
1)
#4284000
0!
0U
#4285000
1!
1U
1!!
1W
0V
#4286000
0!
0U
#4287000
1!
1U
1~
0!!
0X
1V
0W
0V
#4288000
0!
0U
#4289000
1!
1U
0~
1X
1V
19!
11!
1[
0Y
0y
1w
0v
0M
1N
0P
0&
1(
0)
#4290000
0!
0U
#4291000
1!
1U
1!!
1W
0V
#4292000
0!
0U
#4293000
1!
1U
1~
0!!
0X
1V
0W
0V
#4294000
0!
0U
#4295000
1!
1U
0~
1X
1V
18!
09!
01!
10!
1Y
0z
0Q
0%
#4296000
0!
0U
#4297000
1!
1U
1!!
1W
0V
#4298000
0!
0U
#4299000
1!
1U
1~
0!!
0X
1V
0W
0V
#4300000
0!
0U
#4301000
1!
1U
0~
1X
1V
19!
11!
1]
0\
0[
0Y
0|
1{
1z
1y
0w
0N
1P
1Q
1R
1S
1#
1$
1%
1&
0(
#4302000
0!
0U
#4303000
1!
1U
1!!
1W
0V
#4304000
0!
0U
#4305000
1!
1U
1~
0!!
0X
1V
0W
0V
#4306000
0!
0U
#4307000
1!
1U
0~
1X
1V
16!
07!
08!
09!
01!
00!
0/!
1.!
1Y
1|
0{
0z
0y
0P
0Q
0R
0S
0#
0$
0%
0&
#4308000
0!
0U
#4309000
1!
1U
1!!
1W
0V
#4310000
0!
0U
#4311000
1!
1U
1~
0!!
0X
1V
0W
0V
#4312000
0!
0U
#4313000
1!
1U
0~
1X
1V
19!
11!
0^
1[
0Y
1z
0]
0[
1Q
1%
#4314000
0!
0U
#4315000
1!
1U
1!!
1W
0V
#4316000
0!
0U
#4317000
1!
1U
1~
0!!
0X
1V
0W
0V
#4318000
0!
0U
#4319000
1!
1U
0~
1X
1V
06!
09!
01!
0.!
1^
0|
0z
1Y
0Q
1S
1#
0%
14!
05!
0-!
1,!
1_
1u
0s
0r
1q
0o
0F
1H
0I
0J
0L
0*
0,
0-
1.
00
#4320000
0!
0U
#4321000
1!
1U
1!!
1W
0V
#4322000
0!
0U
#4323000
1!
1U
1~
0!!
0X
1V
0W
0V
#4324000
0!
0U
#4325000
1!
1U
0~
1X
1V
19!
11!
1[
0Y
1{
1z
1y
1v
1M
1P
1Q
1R
1$
1%
1&
1)
#4326000
0!
0U
#4327000
1!
1U
1!!
1W
0V
#4328000
0!
0U
#4329000
1!
1U
1~
0!!
0X
1V
0W
0V
#4330000
0!
0U
#4331000
1!
1U
0~
1X
1V
18!
09!
01!
10!
1Y
1|
0z
0y
1x
0v
0M
1O
0P
0Q
0S
0#
0%
0&
1'
0)
#4332000
0!
0U
#4333000
1!
1U
1!!
1W
0V
#4334000
0!
0U
#4335000
1!
1U
1~
0!!
0X
1V
0W
0V
#4336000
0!
0U
#4337000
1!
1U
0~
1X
1V
19!
11!
1\
0[
0Y
1z
0x
0O
1Q
1%
0'
#4338000
0!
0U
#4339000
1!
1U
1!!
1W
0V
#4340000
0!
0U
#4341000
1!
1U
1~
0!!
0X
1V
0W
0V
#4342000
0!
0U
#4343000
1!
1U
0~
1X
1V
17!
08!
09!
01!
00!
1/!
1Y
0{
1y
1v
1M
1P
0R
0$
1&
1)
#4344000
0!
0U
#4345000
1!
1U
1!!
1W
0V
#4346000
0!
0U
#4347000
1!
1U
1~
0!!
0X
1V
0W
0V
#4348000
0!
0U
#4349000
1!
1U
0~
1X
1V
19!
11!
1[
0Y
0y
1w
0v
0M
1N
0P
0&
1(
0)
#4350000
0!
0U
#4351000
1!
1U
1!!
1W
0V
#4352000
0!
0U
#4353000
1!
1U
1~
0!!
0X
1V
0W
0V
#4354000
0!
0U
#4355000
1!
1U
0~
1X
1V
18!
09!
01!
10!
1Y
0z
0Q
0%
#4356000
0!
0U
#4357000
1!
1U
1!!
1W
0V
#4358000
0!
0U
#4359000
1!
1U
1~
0!!
0X
1V
0W
0V
#4360000
0!
0U
#4361000
1!
1U
0~
1X
1V
19!
11!
1]
0\
0[
0Y
0|
1{
1z
1y
0w
0N
1P
1Q
1R
1S
1#
1$
1%
1&
0(
#4362000
0!
0U
#4363000
1!
1U
1!!
1W
0V
#4364000
0!
0U
#4365000
1!
1U
1~
0!!
0X
1V
0W
0V
#4366000
0!
0U
#4367000
1!
1U
0~
1X
1V
16!
07!
08!
09!
01!
00!
0/!
1.!
1Y
1|
0{
0z
0y
0P
0Q
0R
0S
0#
0$
0%
0&
#4368000
0!
0U
#4369000
1!
1U
1!!
1W
0V
#4370000
0!
0U
#4371000
1!
1U
1~
0!!
0X
1V
0W
0V
#4372000
0!
0U
#4373000
1!
1U
0~
1X
1V
19!
11!
0^
1[
0Y
1z
0]
0[
1Q
1%
#4374000
0!
0U
#4375000
1!
1U
1!!
1W
0V
#4376000
0!
0U
#4377000
1!
1U
1~
0!!
0X
1V
0W
0V
#4378000
0!
0U
#4379000
1!
1U
0~
1X
1V
06!
09!
01!
0.!
1^
0|
0z
1Y
0Q
1S
1#
0%
15!
1-!
1a
0`
0_
1s
0q
0H
1J
1,
0.
#4380000
0!
0U
#4381000
1!
1U
1!!
1W
0V
#4382000
0!
0U
#4383000
1!
1U
1~
0!!
0X
1V
0W
0V
#4384000
0!
0U
#4385000
1!
1U
0~
1X
1V
19!
11!
1[
0Y
1{
1z
1y
1v
1M
1P
1Q
1R
1$
1%
1&
1)
#4386000
0!
0U
#4387000
1!
1U
1!!
1W
0V
#4388000
0!
0U
#4389000
1!
1U
1~
0!!
0X
1V
0W
0V
#4390000
0!
0U
#4391000
1!
1U
0~
1X
1V
18!
09!
01!
10!
1Y
1|
0z
0y
1x
0v
0M
1O
0P
0Q
0S
0#
0%
0&
1'
0)
#4392000
0!
0U
#4393000
1!
1U
1!!
1W
0V
#4394000
0!
0U
#4395000
1!
1U
1~
0!!
0X
1V
0W
0V
#4396000
0!
0U
#4397000
1!
1U
0~
1X
1V
19!
11!
1\
0[
0Y
1z
0x
0O
1Q
1%
0'
#4398000
0!
0U
#4399000
1!
1U
1!!
1W
0V
#4400000
0!
0U
#4401000
1!
1U
1~
0!!
0X
1V
0W
0V
#4402000
0!
0U
#4403000
1!
1U
0~
1X
1V
17!
08!
09!
01!
00!
1/!
1Y
0{
1y
1v
1M
1P
0R
0$
1&
1)
#4404000
0!
0U
#4405000
1!
1U
1!!
1W
0V
#4406000
0!
0U
#4407000
1!
1U
1~
0!!
0X
1V
0W
0V
#4408000
0!
0U
#4409000
1!
1U
0~
1X
1V
19!
11!
1[
0Y
0y
1w
0v
0M
1N
0P
0&
1(
0)
#4410000
0!
0U
#4411000
1!
1U
1!!
1W
0V
#4412000
0!
0U
#4413000
1!
1U
1~
0!!
0X
1V
0W
0V
#4414000
0!
0U
#4415000
1!
1U
0~
1X
1V
18!
09!
01!
10!
1Y
0z
0Q
0%
#4416000
0!
0U
#4417000
1!
1U
1!!
1W
0V
#4418000
0!
0U
#4419000
1!
1U
1~
0!!
0X
1V
0W
0V
#4420000
0!
0U
#4421000
1!
1U
0~
1X
1V
19!
11!
1]
0\
0[
0Y
0|
1{
1z
1y
0w
0N
1P
1Q
1R
1S
1#
1$
1%
1&
0(
#4422000
0!
0U
#4423000
1!
1U
1!!
1W
0V
#4424000
0!
0U
#4425000
1!
1U
1~
0!!
0X
1V
0W
0V
#4426000
0!
0U
#4427000
1!
1U
0~
1X
1V
16!
07!
08!
09!
01!
00!
0/!
1.!
1Y
1|
0{
0z
0y
0P
0Q
0R
0S
0#
0$
0%
0&
#4428000
0!
0U
#4429000
1!
1U
1!!
1W
0V
#4430000
0!
0U
#4431000
1!
1U
1~
0!!
0X
1V
0W
0V
#4432000
0!
0U
#4433000
1!
1U
0~
1X
1V
19!
11!
0^
1[
0Y
1z
0]
0[
1Q
1%
#4434000
0!
0U
#4435000
1!
1U
1!!
1W
0V
#4436000
0!
0U
#4437000
1!
1U
1~
0!!
0X
1V
0W
0V
#4438000
0!
0U
#4439000
1!
1U
0~
1X
1V
06!
09!
01!
0.!
1^
0|
0z
1Y
0Q
1S
1#
0%
13!
04!
05!
0-!
0,!
1+!
1_
0t
1r
1o
1F
1I
0K
0+
1-
10
#4440000
0!
0U
#4441000
1!
1U
1!!
1W
0V
#4442000
0!
0U
#4443000
1!
1U
1~
0!!
0X
1V
0W
0V
#4444000
0!
0U
#4445000
1!
1U
0~
1X
1V
19!
11!
1[
0Y
1{
1z
1y
1v
1M
1P
1Q
1R
1$
1%
1&
1)
#4446000
0!
0U
#4447000
1!
1U
1!!
1W
0V
#4448000
0!
0U
#4449000
1!
1U
1~
0!!
0X
1V
0W
0V
#4450000
0!
0U
#4451000
1!
1U
0~
1X
1V
18!
09!
01!
10!
1Y
1|
0z
0y
1x
0v
0M
1O
0P
0Q
0S
0#
0%
0&
1'
0)
#4452000
0!
0U
#4453000
1!
1U
1!!
1W
0V
#4454000
0!
0U
#4455000
1!
1U
1~
0!!
0X
1V
0W
0V
#4456000
0!
0U
#4457000
1!
1U
0~
1X
1V
19!
11!
1\
0[
0Y
1z
0x
0O
1Q
1%
0'
#4458000
0!
0U
#4459000
1!
1U
1!!
1W
0V
#4460000
0!
0U
#4461000
1!
1U
1~
0!!
0X
1V
0W
0V
#4462000
0!
0U
#4463000
1!
1U
0~
1X
1V
17!
08!
09!
01!
00!
1/!
1Y
0{
1y
1v
1M
1P
0R
0$
1&
1)
#4464000
0!
0U
#4465000
1!
1U
1!!
1W
0V
#4466000
0!
0U
#4467000
1!
1U
1~
0!!
0X
1V
0W
0V
#4468000
0!
0U
#4469000
1!
1U
0~
1X
1V
19!
11!
1[
0Y
0y
1w
0v
0M
1N
0P
0&
1(
0)
#4470000
0!
0U
#4471000
1!
1U
1!!
1W
0V
#4472000
0!
0U
#4473000
1!
1U
1~
0!!
0X
1V
0W
0V
#4474000
0!
0U
#4475000
1!
1U
0~
1X
1V
18!
09!
01!
10!
1Y
0z
0Q
0%
#4476000
0!
0U
#4477000
1!
1U
1!!
1W
0V
#4478000
0!
0U
#4479000
1!
1U
1~
0!!
0X
1V
0W
0V
#4480000
0!
0U
#4481000
1!
1U
0~
1X
1V
19!
11!
1]
0\
0[
0Y
0|
1{
1z
1y
0w
0N
1P
1Q
1R
1S
1#
1$
1%
1&
0(
#4482000
0!
0U
#4483000
1!
1U
1!!
1W
0V
#4484000
0!
0U
#4485000
1!
1U
1~
0!!
0X
1V
0W
0V
#4486000
0!
0U
#4487000
1!
1U
0~
1X
1V
16!
07!
08!
09!
01!
00!
0/!
1.!
1Y
1|
0{
0z
0y
0P
0Q
0R
0S
0#
0$
0%
0&
#4488000
0!
0U
#4489000
1!
1U
1!!
1W
0V
#4490000
0!
0U
#4491000
1!
1U
1~
0!!
0X
1V
0W
0V
#4492000
0!
0U
#4493000
1!
1U
0~
1X
1V
19!
11!
0^
1[
0Y
1z
0]
0[
1Q
1%
#4494000
0!
0U
#4495000
1!
1U
1!!
1W
0V
#4496000
0!
0U
#4497000
1!
1U
1~
0!!
0X
1V
0W
0V
#4498000
0!
0U
#4499000
1!
1U
0~
1X
1V
06!
09!
01!
0.!
1^
0|
0z
1Y
0Q
1S
1#
0%
15!
1-!
1`
0_
0r
1p
0o
0F
1G
0I
0-
1/
00
#4500000
0!
0U
#4501000
1!
1U
1!!
1W
0V
#4502000
0!
0U
#4503000
1!
1U
1~
0!!
0X
1V
0W
0V
#4504000
0!
0U
#4505000
1!
1U
0~
1X
1V
19!
11!
1[
0Y
1{
1z
1y
1v
1M
1P
1Q
1R
1$
1%
1&
1)
#4506000
0!
0U
#4507000
1!
1U
1!!
1W
0V
#4508000
0!
0U
#4509000
1!
1U
1~
0!!
0X
1V
0W
0V
#4510000
0!
0U
#4511000
1!
1U
0~
1X
1V
18!
09!
01!
10!
1Y
1|
0z
0y
1x
0v
0M
1O
0P
0Q
0S
0#
0%
0&
1'
0)
#4512000
0!
0U
#4513000
1!
1U
1!!
1W
0V
#4514000
0!
0U
#4515000
1!
1U
1~
0!!
0X
1V
0W
0V
#4516000
0!
0U
#4517000
1!
1U
0~
1X
1V
19!
11!
1\
0[
0Y
1z
0x
0O
1Q
1%
0'
#4518000
0!
0U
#4519000
1!
1U
1!!
1W
0V
#4520000
0!
0U
#4521000
1!
1U
1~
0!!
0X
1V
0W
0V
#4522000
0!
0U
#4523000
1!
1U
0~
1X
1V
17!
08!
09!
01!
00!
1/!
1Y
0{
1y
1v
1M
1P
0R
0$
1&
1)
#4524000
0!
0U
#4525000
1!
1U
1!!
1W
0V
#4526000
0!
0U
#4527000
1!
1U
1~
0!!
0X
1V
0W
0V
#4528000
0!
0U
#4529000
1!
1U
0~
1X
1V
19!
11!
1[
0Y
0y
1w
0v
0M
1N
0P
0&
1(
0)
#4530000
0!
0U
#4531000
1!
1U
1!!
1W
0V
#4532000
0!
0U
#4533000
1!
1U
1~
0!!
0X
1V
0W
0V
#4534000
0!
0U
#4535000
1!
1U
0~
1X
1V
18!
09!
01!
10!
1Y
0z
0Q
0%
#4536000
0!
0U
#4537000
1!
1U
1!!
1W
0V
#4538000
0!
0U
#4539000
1!
1U
1~
0!!
0X
1V
0W
0V
#4540000
0!
0U
#4541000
1!
1U
0~
1X
1V
19!
11!
1]
0\
0[
0Y
0|
1{
1z
1y
0w
0N
1P
1Q
1R
1S
1#
1$
1%
1&
0(
#4542000
0!
0U
#4543000
1!
1U
1!!
1W
0V
#4544000
0!
0U
#4545000
1!
1U
1~
0!!
0X
1V
0W
0V
#4546000
0!
0U
#4547000
1!
1U
0~
1X
1V
16!
07!
08!
09!
01!
00!
0/!
1.!
1Y
1|
0{
0z
0y
0P
0Q
0R
0S
0#
0$
0%
0&
#4548000
0!
0U
#4549000
1!
1U
1!!
1W
0V
#4550000
0!
0U
#4551000
1!
1U
1~
0!!
0X
1V
0W
0V
#4552000
0!
0U
#4553000
1!
1U
0~
1X
1V
19!
11!
0^
1[
0Y
1z
0]
0[
1Q
1%
#4554000
0!
0U
#4555000
1!
1U
1!!
1W
0V
#4556000
0!
0U
#4557000
1!
1U
1~
0!!
0X
1V
0W
0V
#4558000
0!
0U
#4559000
1!
1U
0~
1X
1V
06!
09!
01!
0.!
1^
0|
0z
1Y
0Q
1S
1#
0%
14!
05!
0-!
1,!
1_
0s
0J
0,
#4560000
0!
0U
#4561000
1!
1U
1!!
1W
0V
#4562000
0!
0U
#4563000
1!
1U
1~
0!!
0X
1V
0W
0V
#4564000
0!
0U
#4565000
1!
1U
0~
1X
1V
19!
11!
1[
0Y
1{
1z
1y
1v
1M
1P
1Q
1R
1$
1%
1&
1)
#4566000
0!
0U
#4567000
1!
1U
1!!
1W
0V
#4568000
0!
0U
#4569000
1!
1U
1~
0!!
0X
1V
0W
0V
#4570000
0!
0U
#4571000
1!
1U
0~
1X
1V
18!
09!
01!
10!
1Y
1|
0z
0y
1x
0v
0M
1O
0P
0Q
0S
0#
0%
0&
1'
0)
#4572000
0!
0U
#4573000
1!
1U
1!!
1W
0V
#4574000
0!
0U
#4575000
1!
1U
1~
0!!
0X
1V
0W
0V
#4576000
0!
0U
#4577000
1!
1U
0~
1X
1V
19!
11!
1\
0[
0Y
1z
0x
0O
1Q
1%
0'
#4578000
0!
0U
#4579000
1!
1U
1!!
1W
0V
#4580000
0!
0U
#4581000
1!
1U
1~
0!!
0X
1V
0W
0V
#4582000
0!
0U
#4583000
1!
1U
0~
1X
1V
17!
08!
09!
01!
00!
1/!
1Y
0{
1y
1v
1M
1P
0R
0$
1&
1)
#4584000
0!
0U
#4585000
1!
1U
1!!
1W
0V
#4586000
0!
0U
#4587000
1!
1U
1~
0!!
0X
1V
0W
0V
#4588000
0!
0U
#4589000
1!
1U
0~
1X
1V
19!
11!
1[
0Y
0y
1w
0v
0M
1N
0P
0&
1(
0)
#4590000
0!
0U
#4591000
1!
1U
1!!
1W
0V
#4592000
0!
0U
#4593000
1!
1U
1~
0!!
0X
1V
0W
0V
#4594000
0!
0U
#4595000
1!
1U
0~
1X
1V
18!
09!
01!
10!
1Y
0z
0Q
0%
#4596000
0!
0U
#4597000
1!
1U
1!!
1W
0V
#4598000
0!
0U
#4599000
1!
1U
1~
0!!
0X
1V
0W
0V
#4600000
0!
0U
#4601000
1!
1U
0~
1X
1V
19!
11!
1]
0\
0[
0Y
0|
1{
1z
1y
0w
0N
1P
1Q
1R
1S
1#
1$
1%
1&
0(
#4602000
0!
0U
#4603000
1!
1U
1!!
1W
0V
#4604000
0!
0U
#4605000
1!
1U
1~
0!!
0X
1V
0W
0V
#4606000
0!
0U
#4607000
1!
1U
0~
1X
1V
16!
07!
08!
09!
01!
00!
0/!
1.!
1Y
1|
0{
0z
0y
0P
0Q
0R
0S
0#
0$
0%
0&
#4608000
0!
0U
#4609000
1!
1U
1!!
1W
0V
#4610000
0!
0U
#4611000
1!
1U
1~
0!!
0X
1V
0W
0V
#4612000
0!
0U
#4613000
1!
1U
0~
1X
1V
19!
11!
0^
1[
0Y
1z
0]
0[
1Q
1%
#4614000
0!
0U
#4615000
1!
1U
1!!
1W
0V
#4616000
0!
0U
#4617000
1!
1U
1~
0!!
0X
1V
0W
0V
#4618000
0!
0U
#4619000
1!
1U
0~
1X
1V
06!
09!
01!
0.!
1^
0|
0z
1Y
0Q
1S
1#
0%
15!
1-!
1b
0a
0`
0_
0u
1t
1s
1r
0p
0G
1I
1J
1K
1L
1*
1+
1,
1-
0/
#4620000
0!
0U
#4621000
1!
1U
1!!
1W
0V
#4622000
0!
0U
#4623000
1!
1U
1~
0!!
0X
1V
0W
0V
#4624000
0!
0U
#4625000
1!
1U
0~
1X
1V
19!
11!
1[
0Y
1{
1z
1y
1v
1M
1P
1Q
1R
1$
1%
1&
1)
#4626000
0!
0U
#4627000
1!
1U
1!!
1W
0V
#4628000
0!
0U
#4629000
1!
1U
1~
0!!
0X
1V
0W
0V
#4630000
0!
0U
#4631000
1!
1U
0~
1X
1V
18!
09!
01!
10!
1Y
1|
0z
0y
1x
0v
0M
1O
0P
0Q
0S
0#
0%
0&
1'
0)
#4632000
0!
0U
#4633000
1!
1U
1!!
1W
0V
#4634000
0!
0U
#4635000
1!
1U
1~
0!!
0X
1V
0W
0V
#4636000
0!
0U
#4637000
1!
1U
0~
1X
1V
19!
11!
1\
0[
0Y
1z
0x
0O
1Q
1%
0'
#4638000
0!
0U
#4639000
1!
1U
1!!
1W
0V
#4640000
0!
0U
#4641000
1!
1U
1~
0!!
0X
1V
0W
0V
#4642000
0!
0U
#4643000
1!
1U
0~
1X
1V
17!
08!
09!
01!
00!
1/!
1Y
0{
1y
1v
1M
1P
0R
0$
1&
1)
#4644000
0!
0U
#4645000
1!
1U
1!!
1W
0V
#4646000
0!
0U
#4647000
1!
1U
1~
0!!
0X
1V
0W
0V
#4648000
0!
0U
#4649000
1!
1U
0~
1X
1V
19!
11!
1[
0Y
0y
1w
0v
0M
1N
0P
0&
1(
0)
#4650000
0!
0U
#4651000
1!
1U
1!!
1W
0V
#4652000
0!
0U
#4653000
1!
1U
1~
0!!
0X
1V
0W
0V
#4654000
0!
0U
#4655000
1!
1U
0~
1X
1V
18!
09!
01!
10!
1Y
0z
0Q
0%
#4656000
0!
0U
#4657000
1!
1U
1!!
1W
0V
#4658000
0!
0U
#4659000
1!
1U
1~
0!!
0X
1V
0W
0V
#4660000
0!
0U
#4661000
1!
1U
0~
1X
1V
19!
11!
1]
0\
0[
0Y
0|
1{
1z
1y
0w
0N
1P
1Q
1R
1S
1#
1$
1%
1&
0(
#4662000
0!
0U
#4663000
1!
1U
1!!
1W
0V
#4664000
0!
0U
#4665000
1!
1U
1~
0!!
0X
1V
0W
0V
#4666000
0!
0U
#4667000
1!
1U
0~
1X
1V
16!
07!
08!
09!
01!
00!
0/!
1.!
1Y
1|
0{
0z
0y
0P
0Q
0R
0S
0#
0$
0%
0&
#4668000
0!
0U
#4669000
1!
1U
1!!
1W
0V
#4670000
0!
0U
#4671000
1!
1U
1~
0!!
0X
1V
0W
0V
#4672000
0!
0U
#4673000
1!
1U
0~
1X
1V
19!
11!
0^
1[
0Y
1z
0]
0[
1Q
1%
#4674000
0!
0U
#4675000
1!
1U
1!!
1W
0V
#4676000
0!
0U
#4677000
1!
1U
1~
0!!
0X
1V
0W
0V
#4678000
0!
0U
#4679000
1!
1U
0~
1X
1V
06!
09!
01!
0.!
1^
0|
0z
1Y
0Q
1S
1#
0%
12!
03!
04!
05!
0-!
0,!
0+!
1*!
1_
1u
0t
0s
0r
0I
0J
0K
0L
0*
0+
0,
0-
#4680000
0!
0U
#4681000
1!
1U
1!!
1W
0V
#4682000
0!
0U
#4683000
1!
1U
1~
0!!
0X
1V
0W
0V
#4684000
0!
0U
#4685000
1!
1U
0~
1X
1V
19!
11!
1[
0Y
1{
1z
1y
1v
1M
1P
1Q
1R
1$
1%
1&
1)
#4686000
0!
0U
#4687000
1!
1U
1!!
1W
0V
#4688000
0!
0U
#4689000
1!
1U
1~
0!!
0X
1V
0W
0V
#4690000
0!
0U
#4691000
1!
1U
0~
1X
1V
18!
09!
01!
10!
1Y
1|
0z
0y
1x
0v
0M
1O
0P
0Q
0S
0#
0%
0&
1'
0)
#4692000
0!
0U
#4693000
1!
1U
1!!
1W
0V
#4694000
0!
0U
#4695000
1!
1U
1~
0!!
0X
1V
0W
0V
#4696000
0!
0U
#4697000
1!
1U
0~
1X
1V
19!
11!
1\
0[
0Y
1z
0x
0O
1Q
1%
0'
#4698000
0!
0U
#4699000
1!
1U
1!!
1W
0V
#4700000
0!
0U
#4701000
1!
1U
1~
0!!
0X
1V
0W
0V
#4702000
0!
0U
#4703000
1!
1U
0~
1X
1V
17!
08!
09!
01!
00!
1/!
1Y
0{
1y
1v
1M
1P
0R
0$
1&
1)
#4704000
0!
0U
#4705000
1!
1U
1!!
1W
0V
#4706000
0!
0U
#4707000
1!
1U
1~
0!!
0X
1V
0W
0V
#4708000
0!
0U
#4709000
1!
1U
0~
1X
1V
19!
11!
1[
0Y
0y
1w
0v
0M
1N
0P
0&
1(
0)
#4710000
0!
0U
#4711000
1!
1U
1!!
1W
0V
#4712000
0!
0U
#4713000
1!
1U
1~
0!!
0X
1V
0W
0V
#4714000
0!
0U
#4715000
1!
1U
0~
1X
1V
18!
09!
01!
10!
1Y
0z
0Q
0%
#4716000
0!
0U
#4717000
1!
1U
1!!
1W
0V
#4718000
0!
0U
#4719000
1!
1U
1~
0!!
0X
1V
0W
0V
#4720000
0!
0U
#4721000
1!
1U
0~
1X
1V
19!
11!
1]
0\
0[
0Y
0|
1{
1z
1y
0w
0N
1P
1Q
1R
1S
1#
1$
1%
1&
0(
#4722000
0!
0U
#4723000
1!
1U
1!!
1W
0V
#4724000
0!
0U
#4725000
1!
1U
1~
0!!
0X
1V
0W
0V
#4726000
0!
0U
#4727000
1!
1U
0~
1X
1V
16!
07!
08!
09!
01!
00!
0/!
1.!
1Y
1|
0{
0z
0y
0P
0Q
0R
0S
0#
0$
0%
0&
#4728000
0!
0U
#4729000
1!
1U
1!!
1W
0V
#4730000
0!
0U
#4731000
1!
1U
1~
0!!
0X
1V
0W
0V
#4732000
0!
0U
#4733000
1!
1U
0~
1X
1V
19!
11!
0^
1[
0Y
1z
0]
0[
1Q
1%
#4734000
0!
0U
#4735000
1!
1U
1!!
1W
0V
#4736000
0!
0U
#4737000
1!
1U
1~
0!!
0X
1V
0W
0V
#4738000
0!
0U
#4739000
1!
1U
0~
1X
1V
06!
09!
01!
0.!
1^
0|
0z
1Y
0Q
1S
1#
0%
15!
1-!
0c
1`
0_
1s
0b
0`
1J
1,
#4740000
0!
0U
#4741000
1!
1U
1!!
1W
0V
#4742000
0!
0U
#4743000
1!
1U
1~
0!!
0X
1V
0W
0V
#4744000
0!
0U
#4745000
1!
1U
0~
1X
1V
19!
11!
1[
0Y
1{
1z
1y
1v
1M
1P
1Q
1R
1$
1%
1&
1)
#4746000
0!
0U
#4747000
1!
1U
1!!
1W
0V
#4748000
0!
0U
#4749000
1!
1U
1~
0!!
0X
1V
0W
0V
#4750000
0!
0U
#4751000
1!
1U
0~
1X
1V
18!
09!
01!
10!
1Y
1|
0z
0y
1x
0v
0M
1O
0P
0Q
0S
0#
0%
0&
1'
0)
#4752000
0!
0U
#4753000
1!
1U
1!!
1W
0V
#4754000
0!
0U
#4755000
1!
1U
1~
0!!
0X
1V
0W
0V
#4756000
0!
0U
#4757000
1!
1U
0~
1X
1V
19!
11!
1\
0[
0Y
1z
0x
0O
1Q
1%
0'
#4758000
0!
0U
#4759000
1!
1U
1!!
1W
0V
#4760000
0!
0U
#4761000
1!
1U
1~
0!!
0X
1V
0W
0V
#4762000
0!
0U
#4763000
1!
1U
0~
1X
1V
17!
08!
09!
01!
00!
1/!
1Y
0{
1y
1v
1M
1P
0R
0$
1&
1)
#4764000
0!
0U
#4765000
1!
1U
1!!
1W
0V
#4766000
0!
0U
#4767000
1!
1U
1~
0!!
0X
1V
0W
0V
#4768000
0!
0U
#4769000
1!
1U
0~
1X
1V
19!
11!
1[
0Y
0y
1w
0v
0M
1N
0P
0&
1(
0)
#4770000
0!
0U
#4771000
1!
1U
1!!
1W
0V
#4772000
0!
0U
#4773000
1!
1U
1~
0!!
0X
1V
0W
0V
#4774000
0!
0U
#4775000
1!
1U
0~
1X
1V
18!
09!
01!
10!
1Y
0z
0Q
0%
#4776000
0!
0U
#4777000
1!
1U
1!!
1W
0V
#4778000
0!
0U
#4779000
1!
1U
1~
0!!
0X
1V
0W
0V
#4780000
0!
0U
#4781000
1!
1U
0~
1X
1V
19!
11!
1]
0\
0[
0Y
0|
1{
1z
1y
0w
0N
1P
1Q
1R
1S
1#
1$
1%
1&
0(
#4782000
0!
0U
#4783000
1!
1U
1!!
1W
0V
#4784000
0!
0U
#4785000
1!
1U
1~
0!!
0X
1V
0W
0V
#4786000
0!
0U
#4787000
1!
1U
0~
1X
1V
16!
07!
08!
09!
01!
00!
0/!
1.!
1Y
1|
0{
0z
0y
0P
0Q
0R
0S
0#
0$
0%
0&
#4788000
0!
0U
#4789000
1!
1U
1!!
1W
0V
#4790000
0!
0U
#4791000
1!
1U
1~
0!!
0X
1V
0W
0V
#4792000
0!
0U
#4793000
1!
1U
0~
1X
1V
19!
11!
0^
1[
0Y
1z
0]
0[
1Q
1%
#4794000
0!
0U
#4795000
1!
1U
1!!
1W
0V
#4796000
0!
0U
#4797000
1!
1U
1~
0!!
0X
1V
0W
0V
#4798000
0!
0U
#4799000
1!
1U
0~
1X
1V
06!
09!
01!
0.!
1^
0|
0z
1Y
0Q
1S
1#
0%
02!
05!
0-!
0*!
1c
0u
0s
1_
0J
1L
1*
0,
0$!
1"!
0#!
0%!
0)!
0'!
1&!
0(!
1d
1n
0m
0l
0k
0B
0C
0D
0E
01
02
03
04
#4800000
0!
0U
#4801000
1!
1U
1!!
1W
0V
#4802000
0!
0U
#4803000
1!
1U
1~
0!!
0X
1V
0W
0V
#4804000
0!
0U
#4805000
1!
1U
0~
1X
1V
19!
11!
1[
0Y
1{
1z
1y
1v
1M
1P
1Q
1R
1$
1%
1&
1)
#4806000
0!
0U
#4807000
1!
1U
1!!
1W
0V
#4808000
0!
0U
#4809000
1!
1U
1~
0!!
0X
1V
0W
0V
#4810000
0!
0U
#4811000
1!
1U
0~
1X
1V
18!
09!
01!
10!
1Y
1|
0z
0y
1x
0v
0M
1O
0P
0Q
0S
0#
0%
0&
1'
0)
#4812000
0!
0U
#4813000
1!
1U
1!!
1W
0V
#4814000
0!
0U
#4815000
1!
1U
1~
0!!
0X
1V
0W
0V
#4816000
0!
0U
#4817000
1!
1U
0~
1X
1V
19!
11!
1\
0[
0Y
1z
0x
0O
1Q
1%
0'
#4818000
0!
0U
#4819000
1!
1U
1!!
1W
0V
#4820000
0!
0U
#4821000
1!
1U
1~
0!!
0X
1V
0W
0V
#4822000
0!
0U
#4823000
1!
1U
0~
1X
1V
17!
08!
09!
01!
00!
1/!
1Y
0{
1y
1v
1M
1P
0R
0$
1&
1)
#4824000
0!
0U
#4825000
1!
1U
1!!
1W
0V
#4826000
0!
0U
#4827000
1!
1U
1~
0!!
0X
1V
0W
0V
#4828000
0!
0U
#4829000
1!
1U
0~
1X
1V
19!
11!
1[
0Y
0y
1w
0v
0M
1N
0P
0&
1(
0)
#4830000
0!
0U
#4831000
1!
1U
1!!
1W
0V
#4832000
0!
0U
#4833000
1!
1U
1~
0!!
0X
1V
0W
0V
#4834000
0!
0U
#4835000
1!
1U
0~
1X
1V
18!
09!
01!
10!
1Y
0z
0Q
0%
#4836000
0!
0U
#4837000
1!
1U
1!!
1W
0V
#4838000
0!
0U
#4839000
1!
1U
1~
0!!
0X
1V
0W
0V
#4840000
0!
0U
#4841000
1!
1U
0~
1X
1V
19!
11!
1]
0\
0[
0Y
0|
1{
1z
1y
0w
0N
1P
1Q
1R
1S
1#
1$
1%
1&
0(
#4842000
0!
0U
#4843000
1!
1U
1!!
1W
0V
#4844000
0!
0U
#4845000
1!
1U
1~
0!!
0X
1V
0W
0V
#4846000
0!
0U
#4847000
1!
1U
0~
1X
1V
16!
07!
08!
09!
01!
00!
0/!
1.!
1Y
1|
0{
0z
0y
0P
0Q
0R
0S
0#
0$
0%
0&
#4848000
0!
0U
#4849000
1!
1U
1!!
1W
0V
#4850000
0!
0U
#4851000
1!
1U
1~
0!!
0X
1V
0W
0V
#4852000
0!
0U
#4853000
1!
1U
0~
1X
1V
19!
11!
0^
1[
0Y
1z
0]
0[
1Q
1%
#4854000
0!
0U
#4855000
1!
1U
1!!
1W
0V
#4856000
0!
0U
#4857000
1!
1U
1~
0!!
0X
1V
0W
0V
#4858000
0!
0U
#4859000
1!
1U
0~
1X
1V
06!
09!
01!
0.!
1^
0|
0z
1Y
0Q
1S
1#
0%
15!
1-!
1`
0_
1t
1s
1r
1o
1F
1I
1J
1K
1+
1,
1-
10
#4860000
0!
0U
#4861000
1!
1U
1!!
1W
0V
#4862000
0!
0U
#4863000
1!
1U
1~
0!!
0X
1V
0W
0V
#4864000
0!
0U
#4865000
1!
1U
0~
1X
1V
19!
11!
1[
0Y
1{
1z
1y
1v
1M
1P
1Q
1R
1$
1%
1&
1)
#4866000
0!
0U
#4867000
1!
1U
1!!
1W
0V
#4868000
0!
0U
#4869000
1!
1U
1~
0!!
0X
1V
0W
0V
#4870000
0!
0U
#4871000
1!
1U
0~
1X
1V
18!
09!
01!
10!
1Y
1|
0z
0y
1x
0v
0M
1O
0P
0Q
0S
0#
0%
0&
1'
0)
#4872000
0!
0U
#4873000
1!
1U
1!!
1W
0V
#4874000
0!
0U
#4875000
1!
1U
1~
0!!
0X
1V
0W
0V
#4876000
0!
0U
#4877000
1!
1U
0~
1X
1V
19!
11!
1\
0[
0Y
1z
0x
0O
1Q
1%
0'
#4878000
0!
0U
#4879000
1!
1U
1!!
1W
0V
#4880000
0!
0U
#4881000
1!
1U
1~
0!!
0X
1V
0W
0V
#4882000
0!
0U
#4883000
1!
1U
0~
1X
1V
17!
08!
09!
01!
00!
1/!
1Y
0{
1y
1v
1M
1P
0R
0$
1&
1)
#4884000
0!
0U
#4885000
1!
1U
1!!
1W
0V
#4886000
0!
0U
#4887000
1!
1U
1~
0!!
0X
1V
0W
0V
#4888000
0!
0U
#4889000
1!
1U
0~
1X
1V
19!
11!
1[
0Y
0y
1w
0v
0M
1N
0P
0&
1(
0)
#4890000
0!
0U
#4891000
1!
1U
1!!
1W
0V
#4892000
0!
0U
#4893000
1!
1U
1~
0!!
0X
1V
0W
0V
#4894000
0!
0U
#4895000
1!
1U
0~
1X
1V
18!
09!
01!
10!
1Y
0z
0Q
0%
#4896000
0!
0U
#4897000
1!
1U
1!!
1W
0V
#4898000
0!
0U
#4899000
1!
1U
1~
0!!
0X
1V
0W
0V
#4900000
0!
0U
#4901000
1!
1U
0~
1X
1V
19!
11!
1]
0\
0[
0Y
0|
1{
1z
1y
0w
0N
1P
1Q
1R
1S
1#
1$
1%
1&
0(
#4902000
0!
0U
#4903000
1!
1U
1!!
1W
0V
#4904000
0!
0U
#4905000
1!
1U
1~
0!!
0X
1V
0W
0V
#4906000
0!
0U
#4907000
1!
1U
0~
1X
1V
16!
07!
08!
09!
01!
00!
0/!
1.!
1Y
1|
0{
0z
0y
0P
0Q
0R
0S
0#
0$
0%
0&
#4908000
0!
0U
#4909000
1!
1U
1!!
1W
0V
#4910000
0!
0U
#4911000
1!
1U
1~
0!!
0X
1V
0W
0V
#4912000
0!
0U
#4913000
1!
1U
0~
1X
1V
19!
11!
0^
1[
0Y
1z
0]
0[
1Q
1%
#4914000
0!
0U
#4915000
1!
1U
1!!
1W
0V
#4916000
0!
0U
#4917000
1!
1U
1~
0!!
0X
1V
0W
0V
#4918000
0!
0U
#4919000
1!
1U
0~
1X
1V
06!
09!
01!
0.!
1^
0|
0z
1Y
0Q
1S
1#
0%
14!
05!
0-!
1,!
1_
1u
0s
0r
1q
0o
0F
1H
0I
0J
0L
0*
0,
0-
1.
00
#4920000
0!
0U
#4921000
1!
1U
1!!
1W
0V
#4922000
0!
0U
#4923000
1!
1U
1~
0!!
0X
1V
0W
0V
#4924000
0!
0U
#4925000
1!
1U
0~
1X
1V
19!
11!
1[
0Y
1{
1z
1y
1v
1M
1P
1Q
1R
1$
1%
1&
1)
#4926000
0!
0U
#4927000
1!
1U
1!!
1W
0V
#4928000
0!
0U
#4929000
1!
1U
1~
0!!
0X
1V
0W
0V
#4930000
0!
0U
#4931000
1!
1U
0~
1X
1V
18!
09!
01!
10!
1Y
1|
0z
0y
1x
0v
0M
1O
0P
0Q
0S
0#
0%
0&
1'
0)
#4932000
0!
0U
#4933000
1!
1U
1!!
1W
0V
#4934000
0!
0U
#4935000
1!
1U
1~
0!!
0X
1V
0W
0V
#4936000
0!
0U
#4937000
1!
1U
0~
1X
1V
19!
11!
1\
0[
0Y
1z
0x
0O
1Q
1%
0'
#4938000
0!
0U
#4939000
1!
1U
1!!
1W
0V
#4940000
0!
0U
#4941000
1!
1U
1~
0!!
0X
1V
0W
0V
#4942000
0!
0U
#4943000
1!
1U
0~
1X
1V
17!
08!
09!
01!
00!
1/!
1Y
0{
1y
1v
1M
1P
0R
0$
1&
1)
#4944000
0!
0U
#4945000
1!
1U
1!!
1W
0V
#4946000
0!
0U
#4947000
1!
1U
1~
0!!
0X
1V
0W
0V
#4948000
0!
0U
#4949000
1!
1U
0~
1X
1V
19!
11!
1[
0Y
0y
1w
0v
0M
1N
0P
0&
1(
0)
#4950000
0!
0U
#4951000
1!
1U
1!!
1W
0V
#4952000
0!
0U
#4953000
1!
1U
1~
0!!
0X
1V
0W
0V
#4954000
0!
0U
#4955000
1!
1U
0~
1X
1V
18!
09!
01!
10!
1Y
0z
0Q
0%
#4956000
0!
0U
#4957000
1!
1U
1!!
1W
0V
#4958000
0!
0U
#4959000
1!
1U
1~
0!!
0X
1V
0W
0V
#4960000
0!
0U
#4961000
1!
1U
0~
1X
1V
19!
11!
1]
0\
0[
0Y
0|
1{
1z
1y
0w
0N
1P
1Q
1R
1S
1#
1$
1%
1&
0(
#4962000
0!
0U
#4963000
1!
1U
1!!
1W
0V
#4964000
0!
0U
#4965000
1!
1U
1~
0!!
0X
1V
0W
0V
#4966000
0!
0U
#4967000
1!
1U
0~
1X
1V
16!
07!
08!
09!
01!
00!
0/!
1.!
1Y
1|
0{
0z
0y
0P
0Q
0R
0S
0#
0$
0%
0&
#4968000
0!
0U
#4969000
1!
1U
1!!
1W
0V
#4970000
0!
0U
#4971000
1!
1U
1~
0!!
0X
1V
0W
0V
#4972000
0!
0U
#4973000
1!
1U
0~
1X
1V
19!
11!
0^
1[
0Y
1z
0]
0[
1Q
1%
#4974000
0!
0U
#4975000
1!
1U
1!!
1W
0V
#4976000
0!
0U
#4977000
1!
1U
1~
0!!
0X
1V
0W
0V
#4978000
0!
0U
#4979000
1!
1U
0~
1X
1V
06!
09!
01!
0.!
1^
0|
0z
1Y
0Q
1S
1#
0%
15!
1-!
1a
0`
0_
1s
0q
0H
1J
1,
0.
#4980000
0!
0U
#4981000
1!
1U
1!!
1W
0V
#4982000
0!
0U
#4983000
1!
1U
1~
0!!
0X
1V
0W
0V
#4984000
0!
0U
#4985000
1!
1U
0~
1X
1V
19!
11!
1[
0Y
1{
1z
1y
1v
1M
1P
1Q
1R
1$
1%
1&
1)
#4986000
0!
0U
#4987000
1!
1U
1!!
1W
0V
#4988000
0!
0U
#4989000
1!
1U
1~
0!!
0X
1V
0W
0V
#4990000
0!
0U
#4991000
1!
1U
0~
1X
1V
18!
09!
01!
10!
1Y
1|
0z
0y
1x
0v
0M
1O
0P
0Q
0S
0#
0%
0&
1'
0)
#4992000
0!
0U
#4993000
1!
1U
1!!
1W
0V
#4994000
0!
0U
#4995000
1!
1U
1~
0!!
0X
1V
0W
0V
#4996000
0!
0U
#4997000
1!
1U
0~
1X
1V
19!
11!
1\
0[
0Y
1z
0x
0O
1Q
1%
0'
#4998000
0!
0U
#4999000
1!
1U
1!!
1W
0V
#5000000
0!
0U
#5001000
1!
1U
1~
0!!
0X
1V
0W
0V
#5002000
0!
0U
#5003000
1!
1U
0~
1X
1V
17!
08!
09!
01!
00!
1/!
1Y
0{
1y
1v
1M
1P
0R
0$
1&
1)
#5004000
0!
0U
#5005000
1!
1U
1!!
1W
0V
#5006000
0!
0U
#5007000
1!
1U
1~
0!!
0X
1V
0W
0V
#5008000
0!
0U
#5009000
1!
1U
0~
1X
1V
19!
11!
1[
0Y
0y
1w
0v
0M
1N
0P
0&
1(
0)
#5010000
0!
0U
#5011000
1!
1U
1!!
1W
0V
#5012000
0!
0U
#5013000
1!
1U
1~
0!!
0X
1V
0W
0V
#5014000
0!
0U
#5015000
1!
1U
0~
1X
1V
18!
09!
01!
10!
1Y
0z
0Q
0%
#5016000
0!
0U
#5017000
1!
1U
1!!
1W
0V
#5018000
0!
0U
#5019000
1!
1U
1~
0!!
0X
1V
0W
0V
#5020000
0!
0U
#5021000
1!
1U
0~
1X
1V
19!
11!
1]
0\
0[
0Y
0|
1{
1z
1y
0w
0N
1P
1Q
1R
1S
1#
1$
1%
1&
0(
#5022000
0!
0U
#5023000
1!
1U
1!!
1W
0V
#5024000
0!
0U
#5025000
1!
1U
1~
0!!
0X
1V
0W
0V
#5026000
0!
0U
#5027000
1!
1U
0~
1X
1V
16!
07!
08!
09!
01!
00!
0/!
1.!
1Y
1|
0{
0z
0y
0P
0Q
0R
0S
0#
0$
0%
0&
#5028000
0!
0U
#5029000
1!
1U
1!!
1W
0V
#5030000
0!
0U
#5031000
1!
1U
1~
0!!
0X
1V
0W
0V
#5032000
0!
0U
#5033000
1!
1U
0~
1X
1V
19!
11!
0^
1[
0Y
1z
0]
0[
1Q
1%
#5034000
0!
0U
#5035000
1!
1U
1!!
1W
0V
#5036000
0!
0U
#5037000
1!
1U
1~
0!!
0X
1V
0W
0V
#5038000
0!
0U
#5039000
1!
1U
0~
1X
1V
06!
09!
01!
0.!
1^
0|
0z
1Y
0Q
1S
1#
0%
13!
04!
05!
0-!
0,!
1+!
1_
0t
1r
1o
1F
1I
0K
0+
1-
10
#5040000
0!
0U
#5041000
1!
1U
1!!
1W
0V
#5042000
0!
0U
#5043000
1!
1U
1~
0!!
0X
1V
0W
0V
#5044000
0!
0U
#5045000
1!
1U
0~
1X
1V
19!
11!
1[
0Y
1{
1z
1y
1v
1M
1P
1Q
1R
1$
1%
1&
1)
#5046000
0!
0U
#5047000
1!
1U
1!!
1W
0V
#5048000
0!
0U
#5049000
1!
1U
1~
0!!
0X
1V
0W
0V
#5050000
0!
0U
#5051000
1!
1U
0~
1X
1V
18!
09!
01!
10!
1Y
1|
0z
0y
1x
0v
0M
1O
0P
0Q
0S
0#
0%
0&
1'
0)
#5052000
0!
0U
#5053000
1!
1U
1!!
1W
0V
#5054000
0!
0U
#5055000
1!
1U
1~
0!!
0X
1V
0W
0V
#5056000
0!
0U
#5057000
1!
1U
0~
1X
1V
19!
11!
1\
0[
0Y
1z
0x
0O
1Q
1%
0'
#5058000
0!
0U
#5059000
1!
1U
1!!
1W
0V
#5060000
0!
0U
#5061000
1!
1U
1~
0!!
0X
1V
0W
0V
#5062000
0!
0U
#5063000
1!
1U
0~
1X
1V
17!
08!
09!
01!
00!
1/!
1Y
0{
1y
1v
1M
1P
0R
0$
1&
1)
#5064000
0!
0U
#5065000
1!
1U
1!!
1W
0V
#5066000
0!
0U
#5067000
1!
1U
1~
0!!
0X
1V
0W
0V
#5068000
0!
0U
#5069000
1!
1U
0~
1X
1V
19!
11!
1[
0Y
0y
1w
0v
0M
1N
0P
0&
1(
0)
#5070000
0!
0U
#5071000
1!
1U
1!!
1W
0V
#5072000
0!
0U
#5073000
1!
1U
1~
0!!
0X
1V
0W
0V
#5074000
0!
0U
#5075000
1!
1U
0~
1X
1V
18!
09!
01!
10!
1Y
0z
0Q
0%
#5076000
0!
0U
#5077000
1!
1U
1!!
1W
0V
#5078000
0!
0U
#5079000
1!
1U
1~
0!!
0X
1V
0W
0V
#5080000
0!
0U
#5081000
1!
1U
0~
1X
1V
19!
11!
1]
0\
0[
0Y
0|
1{
1z
1y
0w
0N
1P
1Q
1R
1S
1#
1$
1%
1&
0(
#5082000
0!
0U
#5083000
1!
1U
1!!
1W
0V
#5084000
0!
0U
#5085000
1!
1U
1~
0!!
0X
1V
0W
0V
#5086000
0!
0U
#5087000
1!
1U
0~
1X
1V
16!
07!
08!
09!
01!
00!
0/!
1.!
1Y
1|
0{
0z
0y
0P
0Q
0R
0S
0#
0$
0%
0&
#5088000
0!
0U
#5089000
1!
1U
1!!
1W
0V
#5090000
0!
0U
#5091000
1!
1U
1~
0!!
0X
1V
0W
0V
#5092000
0!
0U
#5093000
1!
1U
0~
1X
1V
19!
11!
0^
1[
0Y
1z
0]
0[
1Q
1%
#5094000
0!
0U
#5095000
1!
1U
1!!
1W
0V
#5096000
0!
0U
#5097000
1!
1U
1~
0!!
0X
1V
0W
0V
#5098000
0!
0U
#5099000
1!
1U
0~
1X
1V
06!
09!
01!
0.!
1^
0|
0z
1Y
0Q
1S
1#
0%
15!
1-!
1`
0_
0r
1p
0o
0F
1G
0I
0-
1/
00
#5100000
0!
0U
#5101000
1!
1U
1!!
1W
0V
#5102000
0!
0U
#5103000
1!
1U
1~
0!!
0X
1V
0W
0V
#5104000
0!
0U
#5105000
1!
1U
0~
1X
1V
19!
11!
1[
0Y
1{
1z
1y
1v
1M
1P
1Q
1R
1$
1%
1&
1)
#5106000
0!
0U
#5107000
1!
1U
1!!
1W
0V
#5108000
0!
0U
#5109000
1!
1U
1~
0!!
0X
1V
0W
0V
#5110000
0!
0U
#5111000
1!
1U
0~
1X
1V
18!
09!
01!
10!
1Y
1|
0z
0y
1x
0v
0M
1O
0P
0Q
0S
0#
0%
0&
1'
0)
#5112000
0!
0U
#5113000
1!
1U
1!!
1W
0V
#5114000
0!
0U
#5115000
1!
1U
1~
0!!
0X
1V
0W
0V
#5116000
0!
0U
#5117000
1!
1U
0~
1X
1V
19!
11!
1\
0[
0Y
1z
0x
0O
1Q
1%
0'
#5118000
0!
0U
#5119000
1!
1U
1!!
1W
0V
#5120000
0!
0U
#5121000
1!
1U
1~
0!!
0X
1V
0W
0V
#5122000
0!
0U
#5123000
1!
1U
0~
1X
1V
17!
08!
09!
01!
00!
1/!
1Y
0{
1y
1v
1M
1P
0R
0$
1&
1)
#5124000
0!
0U
#5125000
1!
1U
1!!
1W
0V
#5126000
0!
0U
#5127000
1!
1U
1~
0!!
0X
1V
0W
0V
#5128000
0!
0U
#5129000
1!
1U
0~
1X
1V
19!
11!
1[
0Y
0y
1w
0v
0M
1N
0P
0&
1(
0)
#5130000
0!
0U
#5131000
1!
1U
1!!
1W
0V
#5132000
0!
0U
#5133000
1!
1U
1~
0!!
0X
1V
0W
0V
#5134000
0!
0U
#5135000
1!
1U
0~
1X
1V
18!
09!
01!
10!
1Y
0z
0Q
0%
#5136000
0!
0U
#5137000
1!
1U
1!!
1W
0V
#5138000
0!
0U
#5139000
1!
1U
1~
0!!
0X
1V
0W
0V
#5140000
0!
0U
#5141000
1!
1U
0~
1X
1V
19!
11!
1]
0\
0[
0Y
0|
1{
1z
1y
0w
0N
1P
1Q
1R
1S
1#
1$
1%
1&
0(
#5142000
0!
0U
#5143000
1!
1U
1!!
1W
0V
#5144000
0!
0U
#5145000
1!
1U
1~
0!!
0X
1V
0W
0V
#5146000
0!
0U
#5147000
1!
1U
0~
1X
1V
16!
07!
08!
09!
01!
00!
0/!
1.!
1Y
1|
0{
0z
0y
0P
0Q
0R
0S
0#
0$
0%
0&
#5148000
0!
0U
#5149000
1!
1U
1!!
1W
0V
#5150000
0!
0U
#5151000
1!
1U
1~
0!!
0X
1V
0W
0V
#5152000
0!
0U
#5153000
1!
1U
0~
1X
1V
19!
11!
0^
1[
0Y
1z
0]
0[
1Q
1%
#5154000
0!
0U
#5155000
1!
1U
1!!
1W
0V
#5156000
0!
0U
#5157000
1!
1U
1~
0!!
0X
1V
0W
0V
#5158000
0!
0U
#5159000
1!
1U
0~
1X
1V
06!
09!
01!
0.!
1^
0|
0z
1Y
0Q
1S
1#
0%
14!
05!
0-!
1,!
1_
0s
0J
0,
#5160000
0!
0U
#5161000
1!
1U
1!!
1W
0V
#5162000
0!
0U
#5163000
1!
1U
1~
0!!
0X
1V
0W
0V
#5164000
0!
0U
#5165000
1!
1U
0~
1X
1V
19!
11!
1[
0Y
1{
1z
1y
1v
1M
1P
1Q
1R
1$
1%
1&
1)
#5166000
0!
0U
#5167000
1!
1U
1!!
1W
0V
#5168000
0!
0U
#5169000
1!
1U
1~
0!!
0X
1V
0W
0V
#5170000
0!
0U
#5171000
1!
1U
0~
1X
1V
18!
09!
01!
10!
1Y
1|
0z
0y
1x
0v
0M
1O
0P
0Q
0S
0#
0%
0&
1'
0)
#5172000
0!
0U
#5173000
1!
1U
1!!
1W
0V
#5174000
0!
0U
#5175000
1!
1U
1~
0!!
0X
1V
0W
0V
#5176000
0!
0U
#5177000
1!
1U
0~
1X
1V
19!
11!
1\
0[
0Y
1z
0x
0O
1Q
1%
0'
#5178000
0!
0U
#5179000
1!
1U
1!!
1W
0V
#5180000
0!
0U
#5181000
1!
1U
1~
0!!
0X
1V
0W
0V
#5182000
0!
0U
#5183000
1!
1U
0~
1X
1V
17!
08!
09!
01!
00!
1/!
1Y
0{
1y
1v
1M
1P
0R
0$
1&
1)
#5184000
0!
0U
#5185000
1!
1U
1!!
1W
0V
#5186000
0!
0U
#5187000
1!
1U
1~
0!!
0X
1V
0W
0V
#5188000
0!
0U
#5189000
1!
1U
0~
1X
1V
19!
11!
1[
0Y
0y
1w
0v
0M
1N
0P
0&
1(
0)
#5190000
0!
0U
#5191000
1!
1U
1!!
1W
0V
#5192000
0!
0U
#5193000
1!
1U
1~
0!!
0X
1V
0W
0V
#5194000
0!
0U
#5195000
1!
1U
0~
1X
1V
18!
09!
01!
10!
1Y
0z
0Q
0%
#5196000
0!
0U
#5197000
1!
1U
1!!
1W
0V
#5198000
0!
0U
#5199000
1!
1U
1~
0!!
0X
1V
0W
0V
#5200000
0!
0U
#5201000
1!
1U
0~
1X
1V
19!
11!
1]
0\
0[
0Y
0|
1{
1z
1y
0w
0N
1P
1Q
1R
1S
1#
1$
1%
1&
0(
#5202000
0!
0U
#5203000
1!
1U
1!!
1W
0V
#5204000
0!
0U
#5205000
1!
1U
1~
0!!
0X
1V
0W
0V
#5206000
0!
0U
#5207000
1!
1U
0~
1X
1V
16!
07!
08!
09!
01!
00!
0/!
1.!
1Y
1|
0{
0z
0y
0P
0Q
0R
0S
0#
0$
0%
0&
#5208000
0!
0U
#5209000
1!
1U
1!!
1W
0V
#5210000
0!
0U
#5211000
1!
1U
1~
0!!
0X
1V
0W
0V
#5212000
0!
0U
#5213000
1!
1U
0~
1X
1V
19!
11!
0^
1[
0Y
1z
0]
0[
1Q
1%
#5214000
0!
0U
#5215000
1!
1U
1!!
1W
0V
#5216000
0!
0U
#5217000
1!
1U
1~
0!!
0X
1V
0W
0V
#5218000
0!
0U
#5219000
1!
1U
0~
1X
1V
06!
09!
01!
0.!
1^
0|
0z
1Y
0Q
1S
1#
0%
15!
1-!
1b
0a
0`
0_
0u
1t
1s
1r
0p
0G
1I
1J
1K
1L
1*
1+
1,
1-
0/
#5220000
0!
0U
#5221000
1!
1U
1!!
1W
0V
#5222000
0!
0U
#5223000
1!
1U
1~
0!!
0X
1V
0W
0V
#5224000
0!
0U
#5225000
1!
1U
0~
1X
1V
19!
11!
1[
0Y
1{
1z
1y
1v
1M
1P
1Q
1R
1$
1%
1&
1)
#5226000
0!
0U
#5227000
1!
1U
1!!
1W
0V
#5228000
0!
0U
#5229000
1!
1U
1~
0!!
0X
1V
0W
0V
#5230000
0!
0U
#5231000
1!
1U
0~
1X
1V
18!
09!
01!
10!
1Y
1|
0z
0y
1x
0v
0M
1O
0P
0Q
0S
0#
0%
0&
1'
0)
#5232000
0!
0U
#5233000
1!
1U
1!!
1W
0V
#5234000
0!
0U
#5235000
1!
1U
1~
0!!
0X
1V
0W
0V
#5236000
0!
0U
#5237000
1!
1U
0~
1X
1V
19!
11!
1\
0[
0Y
1z
0x
0O
1Q
1%
0'
#5238000
0!
0U
#5239000
1!
1U
1!!
1W
0V
#5240000
0!
0U
#5241000
1!
1U
1~
0!!
0X
1V
0W
0V
#5242000
0!
0U
#5243000
1!
1U
0~
1X
1V
17!
08!
09!
01!
00!
1/!
1Y
0{
1y
1v
1M
1P
0R
0$
1&
1)
#5244000
0!
0U
#5245000
1!
1U
1!!
1W
0V
#5246000
0!
0U
#5247000
1!
1U
1~
0!!
0X
1V
0W
0V
#5248000
0!
0U
#5249000
1!
1U
0~
1X
1V
19!
11!
1[
0Y
0y
1w
0v
0M
1N
0P
0&
1(
0)
#5250000
0!
0U
#5251000
1!
1U
1!!
1W
0V
#5252000
0!
0U
#5253000
1!
1U
1~
0!!
0X
1V
0W
0V
#5254000
0!
0U
#5255000
1!
1U
0~
1X
1V
18!
09!
01!
10!
1Y
0z
0Q
0%
#5256000
0!
0U
#5257000
1!
1U
1!!
1W
0V
#5258000
0!
0U
#5259000
1!
1U
1~
0!!
0X
1V
0W
0V
#5260000
0!
0U
#5261000
1!
1U
0~
1X
1V
19!
11!
1]
0\
0[
0Y
0|
1{
1z
1y
0w
0N
1P
1Q
1R
1S
1#
1$
1%
1&
0(
#5262000
0!
0U
#5263000
1!
1U
1!!
1W
0V
#5264000
0!
0U
#5265000
1!
1U
1~
0!!
0X
1V
0W
0V
#5266000
0!
0U
#5267000
1!
1U
0~
1X
1V
16!
07!
08!
09!
01!
00!
0/!
1.!
1Y
1|
0{
0z
0y
0P
0Q
0R
0S
0#
0$
0%
0&
#5268000
0!
0U
#5269000
1!
1U
1!!
1W
0V
#5270000
0!
0U
#5271000
1!
1U
1~
0!!
0X
1V
0W
0V
#5272000
0!
0U
#5273000
1!
1U
0~
1X
1V
19!
11!
0^
1[
0Y
1z
0]
0[
1Q
1%
#5274000
0!
0U
#5275000
1!
1U
1!!
1W
0V
#5276000
0!
0U
#5277000
1!
1U
1~
0!!
0X
1V
0W
0V
#5278000
0!
0U
#5279000
1!
1U
0~
1X
1V
06!
09!
01!
0.!
1^
0|
0z
1Y
0Q
1S
1#
0%
12!
03!
04!
05!
0-!
0,!
0+!
1*!
1_
1u
0t
0s
0r
0I
0J
0K
0L
0*
0+
0,
0-
#5280000
0!
0U
#5281000
1!
1U
1!!
1W
0V
#5282000
0!
0U
#5283000
1!
1U
1~
0!!
0X
1V
0W
0V
#5284000
0!
0U
#5285000
1!
1U
0~
1X
1V
19!
11!
1[
0Y
1{
1z
1y
1v
1M
1P
1Q
1R
1$
1%
1&
1)
#5286000
0!
0U
#5287000
1!
1U
1!!
1W
0V
#5288000
0!
0U
#5289000
1!
1U
1~
0!!
0X
1V
0W
0V
#5290000
0!
0U
#5291000
1!
1U
0~
1X
1V
18!
09!
01!
10!
1Y
1|
0z
0y
1x
0v
0M
1O
0P
0Q
0S
0#
0%
0&
1'
0)
#5292000
0!
0U
#5293000
1!
1U
1!!
1W
0V
#5294000
0!
0U
#5295000
1!
1U
1~
0!!
0X
1V
0W
0V
#5296000
0!
0U
#5297000
1!
1U
0~
1X
1V
19!
11!
1\
0[
0Y
1z
0x
0O
1Q
1%
0'
#5298000
0!
0U
#5299000
1!
1U
1!!
1W
0V
#5300000
0!
0U
#5301000
1!
1U
1~
0!!
0X
1V
0W
0V
#5302000
0!
0U
#5303000
1!
1U
0~
1X
1V
17!
08!
09!
01!
00!
1/!
1Y
0{
1y
1v
1M
1P
0R
0$
1&
1)
#5304000
0!
0U
#5305000
1!
1U
1!!
1W
0V
#5306000
0!
0U
#5307000
1!
1U
1~
0!!
0X
1V
0W
0V
#5308000
0!
0U
#5309000
1!
1U
0~
1X
1V
19!
11!
1[
0Y
0y
1w
0v
0M
1N
0P
0&
1(
0)
#5310000
0!
0U
#5311000
1!
1U
1!!
1W
0V
#5312000
0!
0U
#5313000
1!
1U
1~
0!!
0X
1V
0W
0V
#5314000
0!
0U
#5315000
1!
1U
0~
1X
1V
18!
09!
01!
10!
1Y
0z
0Q
0%
#5316000
0!
0U
#5317000
1!
1U
1!!
1W
0V
#5318000
0!
0U
#5319000
1!
1U
1~
0!!
0X
1V
0W
0V
#5320000
0!
0U
#5321000
1!
1U
0~
1X
1V
19!
11!
1]
0\
0[
0Y
0|
1{
1z
1y
0w
0N
1P
1Q
1R
1S
1#
1$
1%
1&
0(
#5322000
0!
0U
#5323000
1!
1U
1!!
1W
0V
#5324000
0!
0U
#5325000
1!
1U
1~
0!!
0X
1V
0W
0V
#5326000
0!
0U
#5327000
1!
1U
0~
1X
1V
16!
07!
08!
09!
01!
00!
0/!
1.!
1Y
1|
0{
0z
0y
0P
0Q
0R
0S
0#
0$
0%
0&
#5328000
0!
0U
#5329000
1!
1U
1!!
1W
0V
#5330000
0!
0U
#5331000
1!
1U
1~
0!!
0X
1V
0W
0V
#5332000
0!
0U
#5333000
1!
1U
0~
1X
1V
19!
11!
0^
1[
0Y
1z
0]
0[
1Q
1%
#5334000
0!
0U
#5335000
1!
1U
1!!
1W
0V
#5336000
0!
0U
#5337000
1!
1U
1~
0!!
0X
1V
0W
0V
#5338000
0!
0U
#5339000
1!
1U
0~
1X
1V
06!
09!
01!
0.!
1^
0|
0z
1Y
0Q
1S
1#
0%
15!
1-!
0c
1`
0_
1s
0b
0`
1J
1,
#5340000
0!
0U
#5341000
1!
1U
1!!
1W
0V
#5342000
0!
0U
#5343000
1!
1U
1~
0!!
0X
1V
0W
0V
#5344000
0!
0U
#5345000
1!
1U
0~
1X
1V
19!
11!
1[
0Y
1{
1z
1y
1v
1M
1P
1Q
1R
1$
1%
1&
1)
#5346000
0!
0U
#5347000
1!
1U
1!!
1W
0V
#5348000
0!
0U
#5349000
1!
1U
1~
0!!
0X
1V
0W
0V
#5350000
0!
0U
#5351000
1!
1U
0~
1X
1V
18!
09!
01!
10!
1Y
1|
0z
0y
1x
0v
0M
1O
0P
0Q
0S
0#
0%
0&
1'
0)
#5352000
0!
0U
#5353000
1!
1U
1!!
1W
0V
#5354000
0!
0U
#5355000
1!
1U
1~
0!!
0X
1V
0W
0V
#5356000
0!
0U
#5357000
1!
1U
0~
1X
1V
19!
11!
1\
0[
0Y
1z
0x
0O
1Q
1%
0'
#5358000
0!
0U
#5359000
1!
1U
1!!
1W
0V
#5360000
0!
0U
#5361000
1!
1U
1~
0!!
0X
1V
0W
0V
#5362000
0!
0U
#5363000
1!
1U
0~
1X
1V
17!
08!
09!
01!
00!
1/!
1Y
0{
1y
1v
1M
1P
0R
0$
1&
1)
#5364000
0!
0U
#5365000
1!
1U
1!!
1W
0V
#5366000
0!
0U
#5367000
1!
1U
1~
0!!
0X
1V
0W
0V
#5368000
0!
0U
#5369000
1!
1U
0~
1X
1V
19!
11!
1[
0Y
0y
1w
0v
0M
1N
0P
0&
1(
0)
#5370000
0!
0U
#5371000
1!
1U
1!!
1W
0V
#5372000
0!
0U
#5373000
1!
1U
1~
0!!
0X
1V
0W
0V
#5374000
0!
0U
#5375000
1!
1U
0~
1X
1V
18!
09!
01!
10!
1Y
0z
0Q
0%
#5376000
0!
0U
#5377000
1!
1U
1!!
1W
0V
#5378000
0!
0U
#5379000
1!
1U
1~
0!!
0X
1V
0W
0V
#5380000
0!
0U
#5381000
1!
1U
0~
1X
1V
19!
11!
1]
0\
0[
0Y
0|
1{
1z
1y
0w
0N
1P
1Q
1R
1S
1#
1$
1%
1&
0(
#5382000
0!
0U
#5383000
1!
1U
1!!
1W
0V
#5384000
0!
0U
#5385000
1!
1U
1~
0!!
0X
1V
0W
0V
#5386000
0!
0U
#5387000
1!
1U
0~
1X
1V
16!
07!
08!
09!
01!
00!
0/!
1.!
1Y
1|
0{
0z
0y
0P
0Q
0R
0S
0#
0$
0%
0&
#5388000
0!
0U
#5389000
1!
1U
1!!
1W
0V
#5390000
0!
0U
#5391000
1!
1U
1~
0!!
0X
1V
0W
0V
#5392000
0!
0U
#5393000
1!
1U
0~
1X
1V
19!
11!
0^
1[
0Y
1z
0]
0[
1Q
1%
#5394000
0!
0U
#5395000
1!
1U
1!!
1W
0V
#5396000
0!
0U
#5397000
1!
1U
1~
0!!
0X
1V
0W
0V
#5398000
0!
0U
#5399000
1!
1U
0~
1X
1V
06!
09!
01!
0.!
1^
0|
0z
1Y
0Q
1S
1#
0%
02!
05!
0-!
0*!
1c
0u
0s
1_
0J
1L
1*
0,
1%!
1)!
0f
0d
1l
1C
13
#5400000
0!
0U
#5401000
1!
1U
1!!
1W
0V
#5402000
0!
0U
#5403000
1!
1U
1~
0!!
0X
1V
0W
0V
#5404000
0!
0U
#5405000
1!
1U
0~
1X
1V
19!
11!
1[
0Y
1{
1z
1y
1v
1M
1P
1Q
1R
1$
1%
1&
1)
#5406000
0!
0U
#5407000
1!
1U
1!!
1W
0V
#5408000
0!
0U
#5409000
1!
1U
1~
0!!
0X
1V
0W
0V
#5410000
0!
0U
#5411000
1!
1U
0~
1X
1V
18!
09!
01!
10!
1Y
1|
0z
0y
1x
0v
0M
1O
0P
0Q
0S
0#
0%
0&
1'
0)
#5412000
0!
0U
#5413000
1!
1U
1!!
1W
0V
#5414000
0!
0U
#5415000
1!
1U
1~
0!!
0X
1V
0W
0V
#5416000
0!
0U
#5417000
1!
1U
0~
1X
1V
19!
11!
1\
0[
0Y
1z
0x
0O
1Q
1%
0'
#5418000
0!
0U
#5419000
1!
1U
1!!
1W
0V
#5420000
0!
0U
#5421000
1!
1U
1~
0!!
0X
1V
0W
0V
#5422000
0!
0U
#5423000
1!
1U
0~
1X
1V
17!
08!
09!
01!
00!
1/!
1Y
0{
1y
1v
1M
1P
0R
0$
1&
1)
#5424000
0!
0U
#5425000
1!
1U
1!!
1W
0V
#5426000
0!
0U
#5427000
1!
1U
1~
0!!
0X
1V
0W
0V
#5428000
0!
0U
#5429000
1!
1U
0~
1X
1V
19!
11!
1[
0Y
0y
1w
0v
0M
1N
0P
0&
1(
0)
#5430000
0!
0U
#5431000
1!
1U
1!!
1W
0V
#5432000
0!
0U
#5433000
1!
1U
1~
0!!
0X
1V
0W
0V
#5434000
0!
0U
#5435000
1!
1U
0~
1X
1V
18!
09!
01!
10!
1Y
0z
0Q
0%
#5436000
0!
0U
#5437000
1!
1U
1!!
1W
0V
#5438000
0!
0U
#5439000
1!
1U
1~
0!!
0X
1V
0W
0V
#5440000
0!
0U
#5441000
1!
1U
0~
1X
1V
19!
11!
1]
0\
0[
0Y
0|
1{
1z
1y
0w
0N
1P
1Q
1R
1S
1#
1$
1%
1&
0(
#5442000
0!
0U
#5443000
1!
1U
1!!
1W
0V
#5444000
0!
0U
#5445000
1!
1U
1~
0!!
0X
1V
0W
0V
#5446000
0!
0U
#5447000
1!
1U
0~
1X
1V
16!
07!
08!
09!
01!
00!
0/!
1.!
1Y
1|
0{
0z
0y
0P
0Q
0R
0S
0#
0$
0%
0&
#5448000
0!
0U
#5449000
1!
1U
1!!
1W
0V
#5450000
0!
0U
#5451000
1!
1U
1~
0!!
0X
1V
0W
0V
#5452000
0!
0U
#5453000
1!
1U
0~
1X
1V
19!
11!
0^
1[
0Y
1z
0]
0[
1Q
1%
#5454000
0!
0U
#5455000
1!
1U
1!!
1W
0V
#5456000
0!
0U
#5457000
1!
1U
1~
0!!
0X
1V
0W
0V
#5458000
0!
0U
#5459000
1!
1U
0~
1X
1V
06!
09!
01!
0.!
1^
0|
0z
1Y
0Q
1S
1#
0%
15!
1-!
1`
0_
1t
1s
1r
1o
1F
1I
1J
1K
1+
1,
1-
10
#5460000
0!
0U
#5461000
1!
1U
1!!
1W
0V
#5462000
0!
0U
#5463000
1!
1U
1~
0!!
0X
1V
0W
0V
#5464000
0!
0U
#5465000
1!
1U
0~
1X
1V
19!
11!
1[
0Y
1{
1z
1y
1v
1M
1P
1Q
1R
1$
1%
1&
1)
#5466000
0!
0U
#5467000
1!
1U
1!!
1W
0V
#5468000
0!
0U
#5469000
1!
1U
1~
0!!
0X
1V
0W
0V
#5470000
0!
0U
#5471000
1!
1U
0~
1X
1V
18!
09!
01!
10!
1Y
1|
0z
0y
1x
0v
0M
1O
0P
0Q
0S
0#
0%
0&
1'
0)
#5472000
0!
0U
#5473000
1!
1U
1!!
1W
0V
#5474000
0!
0U
#5475000
1!
1U
1~
0!!
0X
1V
0W
0V
#5476000
0!
0U
#5477000
1!
1U
0~
1X
1V
19!
11!
1\
0[
0Y
1z
0x
0O
1Q
1%
0'
#5478000
0!
0U
#5479000
1!
1U
1!!
1W
0V
#5480000
0!
0U
#5481000
1!
1U
1~
0!!
0X
1V
0W
0V
#5482000
0!
0U
#5483000
1!
1U
0~
1X
1V
17!
08!
09!
01!
00!
1/!
1Y
0{
1y
1v
1M
1P
0R
0$
1&
1)
#5484000
0!
0U
#5485000
1!
1U
1!!
1W
0V
#5486000
0!
0U
#5487000
1!
1U
1~
0!!
0X
1V
0W
0V
#5488000
0!
0U
#5489000
1!
1U
0~
1X
1V
19!
11!
1[
0Y
0y
1w
0v
0M
1N
0P
0&
1(
0)
#5490000
0!
0U
#5491000
1!
1U
1!!
1W
0V
#5492000
0!
0U
#5493000
1!
1U
1~
0!!
0X
1V
0W
0V
#5494000
0!
0U
#5495000
1!
1U
0~
1X
1V
18!
09!
01!
10!
1Y
0z
0Q
0%
#5496000
0!
0U
#5497000
1!
1U
1!!
1W
0V
#5498000
0!
0U
#5499000
1!
1U
1~
0!!
0X
1V
0W
0V
#5500000
0!
0U
#5501000
1!
1U
0~
1X
1V
19!
11!
1]
0\
0[
0Y
0|
1{
1z
1y
0w
0N
1P
1Q
1R
1S
1#
1$
1%
1&
0(
#5502000
0!
0U
#5503000
1!
1U
1!!
1W
0V
#5504000
0!
0U
#5505000
1!
1U
1~
0!!
0X
1V
0W
0V
#5506000
0!
0U
#5507000
1!
1U
0~
1X
1V
16!
07!
08!
09!
01!
00!
0/!
1.!
1Y
1|
0{
0z
0y
0P
0Q
0R
0S
0#
0$
0%
0&
#5508000
0!
0U
#5509000
1!
1U
1!!
1W
0V
#5510000
0!
0U
#5511000
1!
1U
1~
0!!
0X
1V
0W
0V
#5512000
0!
0U
#5513000
1!
1U
0~
1X
1V
19!
11!
0^
1[
0Y
1z
0]
0[
1Q
1%
#5514000
0!
0U
#5515000
1!
1U
1!!
1W
0V
#5516000
0!
0U
#5517000
1!
1U
1~
0!!
0X
1V
0W
0V
#5518000
0!
0U
#5519000
1!
1U
0~
1X
1V
06!
09!
01!
0.!
1^
0|
0z
1Y
0Q
1S
1#
0%
14!
05!
0-!
1,!
1_
1u
0s
0r
1q
0o
0F
1H
0I
0J
0L
0*
0,
0-
1.
00
#5520000
0!
0U
#5521000
1!
1U
1!!
1W
0V
#5522000
0!
0U
#5523000
1!
1U
1~
0!!
0X
1V
0W
0V
#5524000
0!
0U
#5525000
1!
1U
0~
1X
1V
19!
11!
1[
0Y
1{
1z
1y
1v
1M
1P
1Q
1R
1$
1%
1&
1)
#5526000
0!
0U
#5527000
1!
1U
1!!
1W
0V
#5528000
0!
0U
#5529000
1!
1U
1~
0!!
0X
1V
0W
0V
#5530000
0!
0U
#5531000
1!
1U
0~
1X
1V
18!
09!
01!
10!
1Y
1|
0z
0y
1x
0v
0M
1O
0P
0Q
0S
0#
0%
0&
1'
0)
#5532000
0!
0U
#5533000
1!
1U
1!!
1W
0V
#5534000
0!
0U
#5535000
1!
1U
1~
0!!
0X
1V
0W
0V
#5536000
0!
0U
#5537000
1!
1U
0~
1X
1V
19!
11!
1\
0[
0Y
1z
0x
0O
1Q
1%
0'
#5538000
0!
0U
#5539000
1!
1U
1!!
1W
0V
#5540000
0!
0U
#5541000
1!
1U
1~
0!!
0X
1V
0W
0V
#5542000
0!
0U
#5543000
1!
1U
0~
1X
1V
17!
08!
09!
01!
00!
1/!
1Y
0{
1y
1v
1M
1P
0R
0$
1&
1)
#5544000
0!
0U
#5545000
1!
1U
1!!
1W
0V
#5546000
0!
0U
#5547000
1!
1U
1~
0!!
0X
1V
0W
0V
#5548000
0!
0U
#5549000
1!
1U
0~
1X
1V
19!
11!
1[
0Y
0y
1w
0v
0M
1N
0P
0&
1(
0)
#5550000
0!
0U
#5551000
1!
1U
1!!
1W
0V
#5552000
0!
0U
#5553000
1!
1U
1~
0!!
0X
1V
0W
0V
#5554000
0!
0U
#5555000
1!
1U
0~
1X
1V
18!
09!
01!
10!
1Y
0z
0Q
0%
#5556000
0!
0U
#5557000
1!
1U
1!!
1W
0V
#5558000
0!
0U
#5559000
1!
1U
1~
0!!
0X
1V
0W
0V
#5560000
0!
0U
#5561000
1!
1U
0~
1X
1V
19!
11!
1]
0\
0[
0Y
0|
1{
1z
1y
0w
0N
1P
1Q
1R
1S
1#
1$
1%
1&
0(
#5562000
0!
0U
#5563000
1!
1U
1!!
1W
0V
#5564000
0!
0U
#5565000
1!
1U
1~
0!!
0X
1V
0W
0V
#5566000
0!
0U
#5567000
1!
1U
0~
1X
1V
16!
07!
08!
09!
01!
00!
0/!
1.!
1Y
1|
0{
0z
0y
0P
0Q
0R
0S
0#
0$
0%
0&
#5568000
0!
0U
#5569000
1!
1U
1!!
1W
0V
#5570000
0!
0U
#5571000
1!
1U
1~
0!!
0X
1V
0W
0V
#5572000
0!
0U
#5573000
1!
1U
0~
1X
1V
19!
11!
0^
1[
0Y
1z
0]
0[
1Q
1%
#5574000
0!
0U
#5575000
1!
1U
1!!
1W
0V
#5576000
0!
0U
#5577000
1!
1U
1~
0!!
0X
1V
0W
0V
#5578000
0!
0U
#5579000
1!
1U
0~
1X
1V
06!
09!
01!
0.!
1^
0|
0z
1Y
0Q
1S
1#
0%
15!
1-!
1a
0`
0_
1s
0q
0H
1J
1,
0.
#5580000
0!
0U
#5581000
1!
1U
1!!
1W
0V
#5582000
0!
0U
#5583000
1!
1U
1~
0!!
0X
1V
0W
0V
#5584000
0!
0U
#5585000
1!
1U
0~
1X
1V
19!
11!
1[
0Y
1{
1z
1y
1v
1M
1P
1Q
1R
1$
1%
1&
1)
#5586000
0!
0U
#5587000
1!
1U
1!!
1W
0V
#5588000
0!
0U
#5589000
1!
1U
1~
0!!
0X
1V
0W
0V
#5590000
0!
0U
#5591000
1!
1U
0~
1X
1V
18!
09!
01!
10!
1Y
1|
0z
0y
1x
0v
0M
1O
0P
0Q
0S
0#
0%
0&
1'
0)
#5592000
0!
0U
#5593000
1!
1U
1!!
1W
0V
#5594000
0!
0U
#5595000
1!
1U
1~
0!!
0X
1V
0W
0V
#5596000
0!
0U
#5597000
1!
1U
0~
1X
1V
19!
11!
1\
0[
0Y
1z
0x
0O
1Q
1%
0'
#5598000
0!
0U
#5599000
1!
1U
1!!
1W
0V
#5600000
0!
0U
#5601000
1!
1U
1~
0!!
0X
1V
0W
0V
#5602000
0!
0U
#5603000
1!
1U
0~
1X
1V
17!
08!
09!
01!
00!
1/!
1Y
0{
1y
1v
1M
1P
0R
0$
1&
1)
#5604000
0!
0U
#5605000
1!
1U
1!!
1W
0V
#5606000
0!
0U
#5607000
1!
1U
1~
0!!
0X
1V
0W
0V
#5608000
0!
0U
#5609000
1!
1U
0~
1X
1V
19!
11!
1[
0Y
0y
1w
0v
0M
1N
0P
0&
1(
0)
#5610000
0!
0U
#5611000
1!
1U
1!!
1W
0V
#5612000
0!
0U
#5613000
1!
1U
1~
0!!
0X
1V
0W
0V
#5614000
0!
0U
#5615000
1!
1U
0~
1X
1V
18!
09!
01!
10!
1Y
0z
0Q
0%
#5616000
0!
0U
#5617000
1!
1U
1!!
1W
0V
#5618000
0!
0U
#5619000
1!
1U
1~
0!!
0X
1V
0W
0V
#5620000
0!
0U
#5621000
1!
1U
0~
1X
1V
19!
11!
1]
0\
0[
0Y
0|
1{
1z
1y
0w
0N
1P
1Q
1R
1S
1#
1$
1%
1&
0(
#5622000
0!
0U
#5623000
1!
1U
1!!
1W
0V
#5624000
0!
0U
#5625000
1!
1U
1~
0!!
0X
1V
0W
0V
#5626000
0!
0U
#5627000
1!
1U
0~
1X
1V
16!
07!
08!
09!
01!
00!
0/!
1.!
1Y
1|
0{
0z
0y
0P
0Q
0R
0S
0#
0$
0%
0&
#5628000
0!
0U
#5629000
1!
1U
1!!
1W
0V
#5630000
0!
0U
#5631000
1!
1U
1~
0!!
0X
1V
0W
0V
#5632000
0!
0U
#5633000
1!
1U
0~
1X
1V
19!
11!
0^
1[
0Y
1z
0]
0[
1Q
1%
#5634000
0!
0U
#5635000
1!
1U
1!!
1W
0V
#5636000
0!
0U
#5637000
1!
1U
1~
0!!
0X
1V
0W
0V
#5638000
0!
0U
#5639000
1!
1U
0~
1X
1V
06!
09!
01!
0.!
1^
0|
0z
1Y
0Q
1S
1#
0%
13!
04!
05!
0-!
0,!
1+!
1_
0t
1r
1o
1F
1I
0K
0+
1-
10
#5640000
0!
0U
#5641000
1!
1U
1!!
1W
0V
#5642000
0!
0U
#5643000
1!
1U
1~
0!!
0X
1V
0W
0V
#5644000
0!
0U
#5645000
1!
1U
0~
1X
1V
19!
11!
1[
0Y
1{
1z
1y
1v
1M
1P
1Q
1R
1$
1%
1&
1)
#5646000
0!
0U
#5647000
1!
1U
1!!
1W
0V
#5648000
0!
0U
#5649000
1!
1U
1~
0!!
0X
1V
0W
0V
#5650000
0!
0U
#5651000
1!
1U
0~
1X
1V
18!
09!
01!
10!
1Y
1|
0z
0y
1x
0v
0M
1O
0P
0Q
0S
0#
0%
0&
1'
0)
#5652000
0!
0U
#5653000
1!
1U
1!!
1W
0V
#5654000
0!
0U
#5655000
1!
1U
1~
0!!
0X
1V
0W
0V
#5656000
0!
0U
#5657000
1!
1U
0~
1X
1V
19!
11!
1\
0[
0Y
1z
0x
0O
1Q
1%
0'
#5658000
0!
0U
#5659000
1!
1U
1!!
1W
0V
#5660000
0!
0U
#5661000
1!
1U
1~
0!!
0X
1V
0W
0V
#5662000
0!
0U
#5663000
1!
1U
0~
1X
1V
17!
08!
09!
01!
00!
1/!
1Y
0{
1y
1v
1M
1P
0R
0$
1&
1)
#5664000
0!
0U
#5665000
1!
1U
1!!
1W
0V
#5666000
0!
0U
#5667000
1!
1U
1~
0!!
0X
1V
0W
0V
#5668000
0!
0U
#5669000
1!
1U
0~
1X
1V
19!
11!
1[
0Y
0y
1w
0v
0M
1N
0P
0&
1(
0)
#5670000
0!
0U
#5671000
1!
1U
1!!
1W
0V
#5672000
0!
0U
#5673000
1!
1U
1~
0!!
0X
1V
0W
0V
#5674000
0!
0U
#5675000
1!
1U
0~
1X
1V
18!
09!
01!
10!
1Y
0z
0Q
0%
#5676000
0!
0U
#5677000
1!
1U
1!!
1W
0V
#5678000
0!
0U
#5679000
1!
1U
1~
0!!
0X
1V
0W
0V
#5680000
0!
0U
#5681000
1!
1U
0~
1X
1V
19!
11!
1]
0\
0[
0Y
0|
1{
1z
1y
0w
0N
1P
1Q
1R
1S
1#
1$
1%
1&
0(
#5682000
0!
0U
#5683000
1!
1U
1!!
1W
0V
#5684000
0!
0U
#5685000
1!
1U
1~
0!!
0X
1V
0W
0V
#5686000
0!
0U
#5687000
1!
1U
0~
1X
1V
16!
07!
08!
09!
01!
00!
0/!
1.!
1Y
1|
0{
0z
0y
0P
0Q
0R
0S
0#
0$
0%
0&
#5688000
0!
0U
#5689000
1!
1U
1!!
1W
0V
#5690000
0!
0U
#5691000
1!
1U
1~
0!!
0X
1V
0W
0V
#5692000
0!
0U
#5693000
1!
1U
0~
1X
1V
19!
11!
0^
1[
0Y
1z
0]
0[
1Q
1%
#5694000
0!
0U
#5695000
1!
1U
1!!
1W
0V
#5696000
0!
0U
#5697000
1!
1U
1~
0!!
0X
1V
0W
0V
#5698000
0!
0U
#5699000
1!
1U
0~
1X
1V
06!
09!
01!
0.!
1^
0|
0z
1Y
0Q
1S
1#
0%
15!
1-!
1`
0_
0r
1p
0o
0F
1G
0I
0-
1/
00
#5700000
0!
0U
#5701000
1!
1U
1!!
1W
0V
#5702000
0!
0U
#5703000
1!
1U
1~
0!!
0X
1V
0W
0V
#5704000
0!
0U
#5705000
1!
1U
0~
1X
1V
19!
11!
1[
0Y
1{
1z
1y
1v
1M
1P
1Q
1R
1$
1%
1&
1)
#5706000
0!
0U
#5707000
1!
1U
1!!
1W
0V
#5708000
0!
0U
#5709000
1!
1U
1~
0!!
0X
1V
0W
0V
#5710000
0!
0U
#5711000
1!
1U
0~
1X
1V
18!
09!
01!
10!
1Y
1|
0z
0y
1x
0v
0M
1O
0P
0Q
0S
0#
0%
0&
1'
0)
#5712000
0!
0U
#5713000
1!
1U
1!!
1W
0V
#5714000
0!
0U
#5715000
1!
1U
1~
0!!
0X
1V
0W
0V
#5716000
0!
0U
#5717000
1!
1U
0~
1X
1V
19!
11!
1\
0[
0Y
1z
0x
0O
1Q
1%
0'
#5718000
0!
0U
#5719000
1!
1U
1!!
1W
0V
#5720000
0!
0U
#5721000
1!
1U
1~
0!!
0X
1V
0W
0V
#5722000
0!
0U
#5723000
1!
1U
0~
1X
1V
17!
08!
09!
01!
00!
1/!
1Y
0{
1y
1v
1M
1P
0R
0$
1&
1)
#5724000
0!
0U
#5725000
1!
1U
1!!
1W
0V
#5726000
0!
0U
#5727000
1!
1U
1~
0!!
0X
1V
0W
0V
#5728000
0!
0U
#5729000
1!
1U
0~
1X
1V
19!
11!
1[
0Y
0y
1w
0v
0M
1N
0P
0&
1(
0)
#5730000
0!
0U
#5731000
1!
1U
1!!
1W
0V
#5732000
0!
0U
#5733000
1!
1U
1~
0!!
0X
1V
0W
0V
#5734000
0!
0U
#5735000
1!
1U
0~
1X
1V
18!
09!
01!
10!
1Y
0z
0Q
0%
#5736000
0!
0U
#5737000
1!
1U
1!!
1W
0V
#5738000
0!
0U
#5739000
1!
1U
1~
0!!
0X
1V
0W
0V
#5740000
0!
0U
#5741000
1!
1U
0~
1X
1V
19!
11!
1]
0\
0[
0Y
0|
1{
1z
1y
0w
0N
1P
1Q
1R
1S
1#
1$
1%
1&
0(
#5742000
0!
0U
#5743000
1!
1U
1!!
1W
0V
#5744000
0!
0U
#5745000
1!
1U
1~
0!!
0X
1V
0W
0V
#5746000
0!
0U
#5747000
1!
1U
0~
1X
1V
16!
07!
08!
09!
01!
00!
0/!
1.!
1Y
1|
0{
0z
0y
0P
0Q
0R
0S
0#
0$
0%
0&
#5748000
0!
0U
#5749000
1!
1U
1!!
1W
0V
#5750000
0!
0U
#5751000
1!
1U
1~
0!!
0X
1V
0W
0V
#5752000
0!
0U
#5753000
1!
1U
0~
1X
1V
19!
11!
0^
1[
0Y
1z
0]
0[
1Q
1%
#5754000
0!
0U
#5755000
1!
1U
1!!
1W
0V
#5756000
0!
0U
#5757000
1!
1U
1~
0!!
0X
1V
0W
0V
#5758000
0!
0U
#5759000
1!
1U
0~
1X
1V
06!
09!
01!
0.!
1^
0|
0z
1Y
0Q
1S
1#
0%
14!
05!
0-!
1,!
1_
0s
0J
0,
#5760000
0!
0U
#5761000
1!
1U
1!!
1W
0V
#5762000
0!
0U
#5763000
1!
1U
1~
0!!
0X
1V
0W
0V
#5764000
0!
0U
#5765000
1!
1U
0~
1X
1V
19!
11!
1[
0Y
1{
1z
1y
1v
1M
1P
1Q
1R
1$
1%
1&
1)
#5766000
0!
0U
#5767000
1!
1U
1!!
1W
0V
#5768000
0!
0U
#5769000
1!
1U
1~
0!!
0X
1V
0W
0V
#5770000
0!
0U
#5771000
1!
1U
0~
1X
1V
18!
09!
01!
10!
1Y
1|
0z
0y
1x
0v
0M
1O
0P
0Q
0S
0#
0%
0&
1'
0)
#5772000
0!
0U
#5773000
1!
1U
1!!
1W
0V
#5774000
0!
0U
#5775000
1!
1U
1~
0!!
0X
1V
0W
0V
#5776000
0!
0U
#5777000
1!
1U
0~
1X
1V
19!
11!
1\
0[
0Y
1z
0x
0O
1Q
1%
0'
#5778000
0!
0U
#5779000
1!
1U
1!!
1W
0V
#5780000
0!
0U
#5781000
1!
1U
1~
0!!
0X
1V
0W
0V
#5782000
0!
0U
#5783000
1!
1U
0~
1X
1V
17!
08!
09!
01!
00!
1/!
1Y
0{
1y
1v
1M
1P
0R
0$
1&
1)
#5784000
0!
0U
#5785000
1!
1U
1!!
1W
0V
#5786000
0!
0U
#5787000
1!
1U
1~
0!!
0X
1V
0W
0V
#5788000
0!
0U
#5789000
1!
1U
0~
1X
1V
19!
11!
1[
0Y
0y
1w
0v
0M
1N
0P
0&
1(
0)
#5790000
0!
0U
#5791000
1!
1U
1!!
1W
0V
#5792000
0!
0U
#5793000
1!
1U
1~
0!!
0X
1V
0W
0V
#5794000
0!
0U
#5795000
1!
1U
0~
1X
1V
18!
09!
01!
10!
1Y
0z
0Q
0%
#5796000
0!
0U
#5797000
1!
1U
1!!
1W
0V
#5798000
0!
0U
#5799000
1!
1U
1~
0!!
0X
1V
0W
0V
#5800000
0!
0U
#5801000
1!
1U
0~
1X
1V
19!
11!
1]
0\
0[
0Y
0|
1{
1z
1y
0w
0N
1P
1Q
1R
1S
1#
1$
1%
1&
0(
#5802000
0!
0U
#5803000
1!
1U
1!!
1W
0V
#5804000
0!
0U
#5805000
1!
1U
1~
0!!
0X
1V
0W
0V
#5806000
0!
0U
#5807000
1!
1U
0~
1X
1V
16!
07!
08!
09!
01!
00!
0/!
1.!
1Y
1|
0{
0z
0y
0P
0Q
0R
0S
0#
0$
0%
0&
#5808000
0!
0U
#5809000
1!
1U
1!!
1W
0V
#5810000
0!
0U
#5811000
1!
1U
1~
0!!
0X
1V
0W
0V
#5812000
0!
0U
#5813000
1!
1U
0~
1X
1V
19!
11!
0^
1[
0Y
1z
0]
0[
1Q
1%
#5814000
0!
0U
#5815000
1!
1U
1!!
1W
0V
#5816000
0!
0U
#5817000
1!
1U
1~
0!!
0X
1V
0W
0V
#5818000
0!
0U
#5819000
1!
1U
0~
1X
1V
06!
09!
01!
0.!
1^
0|
0z
1Y
0Q
1S
1#
0%
15!
1-!
1b
0a
0`
0_
0u
1t
1s
1r
0p
0G
1I
1J
1K
1L
1*
1+
1,
1-
0/
#5820000
0!
0U
#5821000
1!
1U
1!!
1W
0V
#5822000
0!
0U
#5823000
1!
1U
1~
0!!
0X
1V
0W
0V
#5824000
0!
0U
#5825000
1!
1U
0~
1X
1V
19!
11!
1[
0Y
1{
1z
1y
1v
1M
1P
1Q
1R
1$
1%
1&
1)
#5826000
0!
0U
#5827000
1!
1U
1!!
1W
0V
#5828000
0!
0U
#5829000
1!
1U
1~
0!!
0X
1V
0W
0V
#5830000
0!
0U
#5831000
1!
1U
0~
1X
1V
18!
09!
01!
10!
1Y
1|
0z
0y
1x
0v
0M
1O
0P
0Q
0S
0#
0%
0&
1'
0)
#5832000
0!
0U
#5833000
1!
1U
1!!
1W
0V
#5834000
0!
0U
#5835000
1!
1U
1~
0!!
0X
1V
0W
0V
#5836000
0!
0U
#5837000
1!
1U
0~
1X
1V
19!
11!
1\
0[
0Y
1z
0x
0O
1Q
1%
0'
#5838000
0!
0U
#5839000
1!
1U
1!!
1W
0V
#5840000
0!
0U
#5841000
1!
1U
1~
0!!
0X
1V
0W
0V
#5842000
0!
0U
#5843000
1!
1U
0~
1X
1V
17!
08!
09!
01!
00!
1/!
1Y
0{
1y
1v
1M
1P
0R
0$
1&
1)
#5844000
0!
0U
#5845000
1!
1U
1!!
1W
0V
#5846000
0!
0U
#5847000
1!
1U
1~
0!!
0X
1V
0W
0V
#5848000
0!
0U
#5849000
1!
1U
0~
1X
1V
19!
11!
1[
0Y
0y
1w
0v
0M
1N
0P
0&
1(
0)
#5850000
0!
0U
#5851000
1!
1U
1!!
1W
0V
#5852000
0!
0U
#5853000
1!
1U
1~
0!!
0X
1V
0W
0V
#5854000
0!
0U
#5855000
1!
1U
0~
1X
1V
18!
09!
01!
10!
1Y
0z
0Q
0%
#5856000
0!
0U
#5857000
1!
1U
1!!
1W
0V
#5858000
0!
0U
#5859000
1!
1U
1~
0!!
0X
1V
0W
0V
#5860000
0!
0U
#5861000
1!
1U
0~
1X
1V
19!
11!
1]
0\
0[
0Y
0|
1{
1z
1y
0w
0N
1P
1Q
1R
1S
1#
1$
1%
1&
0(
#5862000
0!
0U
#5863000
1!
1U
1!!
1W
0V
#5864000
0!
0U
#5865000
1!
1U
1~
0!!
0X
1V
0W
0V
#5866000
0!
0U
#5867000
1!
1U
0~
1X
1V
16!
07!
08!
09!
01!
00!
0/!
1.!
1Y
1|
0{
0z
0y
0P
0Q
0R
0S
0#
0$
0%
0&
#5868000
0!
0U
#5869000
1!
1U
1!!
1W
0V
#5870000
0!
0U
#5871000
1!
1U
1~
0!!
0X
1V
0W
0V
#5872000
0!
0U
#5873000
1!
1U
0~
1X
1V
19!
11!
0^
1[
0Y
1z
0]
0[
1Q
1%
#5874000
0!
0U
#5875000
1!
1U
1!!
1W
0V
#5876000
0!
0U
#5877000
1!
1U
1~
0!!
0X
1V
0W
0V
#5878000
0!
0U
#5879000
1!
1U
0~
1X
1V
06!
09!
01!
0.!
1^
0|
0z
1Y
0Q
1S
1#
0%
12!
03!
04!
05!
0-!
0,!
0+!
1*!
1_
1u
0t
0s
0r
0I
0J
0K
0L
0*
0+
0,
0-
#5880000
0!
0U
#5881000
1!
1U
1!!
1W
0V
#5882000
0!
0U
#5883000
1!
1U
1~
0!!
0X
1V
0W
0V
#5884000
0!
0U
#5885000
1!
1U
0~
1X
1V
19!
11!
1[
0Y
1{
1z
1y
1v
1M
1P
1Q
1R
1$
1%
1&
1)
#5886000
0!
0U
#5887000
1!
1U
1!!
1W
0V
#5888000
0!
0U
#5889000
1!
1U
1~
0!!
0X
1V
0W
0V
#5890000
0!
0U
#5891000
1!
1U
0~
1X
1V
18!
09!
01!
10!
1Y
1|
0z
0y
1x
0v
0M
1O
0P
0Q
0S
0#
0%
0&
1'
0)
#5892000
0!
0U
#5893000
1!
1U
1!!
1W
0V
#5894000
0!
0U
#5895000
1!
1U
1~
0!!
0X
1V
0W
0V
#5896000
0!
0U
#5897000
1!
1U
0~
1X
1V
19!
11!
1\
0[
0Y
1z
0x
0O
1Q
1%
0'
#5898000
0!
0U
#5899000
1!
1U
1!!
1W
0V
#5900000
0!
0U
#5901000
1!
1U
1~
0!!
0X
1V
0W
0V
#5902000
0!
0U
#5903000
1!
1U
0~
1X
1V
17!
08!
09!
01!
00!
1/!
1Y
0{
1y
1v
1M
1P
0R
0$
1&
1)
#5904000
0!
0U
#5905000
1!
1U
1!!
1W
0V
#5906000
0!
0U
#5907000
1!
1U
1~
0!!
0X
1V
0W
0V
#5908000
0!
0U
#5909000
1!
1U
0~
1X
1V
19!
11!
1[
0Y
0y
1w
0v
0M
1N
0P
0&
1(
0)
#5910000
0!
0U
#5911000
1!
1U
1!!
1W
0V
#5912000
0!
0U
#5913000
1!
1U
1~
0!!
0X
1V
0W
0V
#5914000
0!
0U
#5915000
1!
1U
0~
1X
1V
18!
09!
01!
10!
1Y
0z
0Q
0%
#5916000
0!
0U
#5917000
1!
1U
1!!
1W
0V
#5918000
0!
0U
#5919000
1!
1U
1~
0!!
0X
1V
0W
0V
#5920000
0!
0U
#5921000
1!
1U
0~
1X
1V
19!
11!
1]
0\
0[
0Y
0|
1{
1z
1y
0w
0N
1P
1Q
1R
1S
1#
1$
1%
1&
0(
#5922000
0!
0U
#5923000
1!
1U
1!!
1W
0V
#5924000
0!
0U
#5925000
1!
1U
1~
0!!
0X
1V
0W
0V
#5926000
0!
0U
#5927000
1!
1U
0~
1X
1V
16!
07!
08!
09!
01!
00!
0/!
1.!
1Y
1|
0{
0z
0y
0P
0Q
0R
0S
0#
0$
0%
0&
#5928000
0!
0U
#5929000
1!
1U
1!!
1W
0V
#5930000
0!
0U
#5931000
1!
1U
1~
0!!
0X
1V
0W
0V
#5932000
0!
0U
#5933000
1!
1U
0~
1X
1V
19!
11!
0^
1[
0Y
1z
0]
0[
1Q
1%
#5934000
0!
0U
#5935000
1!
1U
1!!
1W
0V
#5936000
0!
0U
#5937000
1!
1U
1~
0!!
0X
1V
0W
0V
#5938000
0!
0U
#5939000
1!
1U
0~
1X
1V
06!
09!
01!
0.!
1^
0|
0z
1Y
0Q
1S
1#
0%
15!
1-!
0c
1`
0_
1s
0b
0`
1J
1,
#5940000
0!
0U
#5941000
1!
1U
1!!
1W
0V
#5942000
0!
0U
#5943000
1!
1U
1~
0!!
0X
1V
0W
0V
#5944000
0!
0U
#5945000
1!
1U
0~
1X
1V
19!
11!
1[
0Y
1{
1z
1y
1v
1M
1P
1Q
1R
1$
1%
1&
1)
#5946000
0!
0U
#5947000
1!
1U
1!!
1W
0V
#5948000
0!
0U
#5949000
1!
1U
1~
0!!
0X
1V
0W
0V
#5950000
0!
0U
#5951000
1!
1U
0~
1X
1V
18!
09!
01!
10!
1Y
1|
0z
0y
1x
0v
0M
1O
0P
0Q
0S
0#
0%
0&
1'
0)
#5952000
0!
0U
#5953000
1!
1U
1!!
1W
0V
#5954000
0!
0U
#5955000
1!
1U
1~
0!!
0X
1V
0W
0V
#5956000
0!
0U
#5957000
1!
1U
0~
1X
1V
19!
11!
1\
0[
0Y
1z
0x
0O
1Q
1%
0'
#5958000
0!
0U
#5959000
1!
1U
1!!
1W
0V
#5960000
0!
0U
#5961000
1!
1U
1~
0!!
0X
1V
0W
0V
#5962000
0!
0U
#5963000
1!
1U
0~
1X
1V
17!
08!
09!
01!
00!
1/!
1Y
0{
1y
1v
1M
1P
0R
0$
1&
1)
#5964000
0!
0U
#5965000
1!
1U
1!!
1W
0V
#5966000
0!
0U
#5967000
1!
1U
1~
0!!
0X
1V
0W
0V
#5968000
0!
0U
#5969000
1!
1U
0~
1X
1V
19!
11!
1[
0Y
0y
1w
0v
0M
1N
0P
0&
1(
0)
#5970000
0!
0U
#5971000
1!
1U
1!!
1W
0V
#5972000
0!
0U
#5973000
1!
1U
1~
0!!
0X
1V
0W
0V
#5974000
0!
0U
#5975000
1!
1U
0~
1X
1V
18!
09!
01!
10!
1Y
0z
0Q
0%
#5976000
0!
0U
#5977000
1!
1U
1!!
1W
0V
#5978000
0!
0U
#5979000
1!
1U
1~
0!!
0X
1V
0W
0V
#5980000
0!
0U
#5981000
1!
1U
0~
1X
1V
19!
11!
1]
0\
0[
0Y
0|
1{
1z
1y
0w
0N
1P
1Q
1R
1S
1#
1$
1%
1&
0(
#5982000
0!
0U
#5983000
1!
1U
1!!
1W
0V
#5984000
0!
0U
#5985000
1!
1U
1~
0!!
0X
1V
0W
0V
#5986000
0!
0U
#5987000
1!
1U
0~
1X
1V
16!
07!
08!
09!
01!
00!
0/!
1.!
1Y
1|
0{
0z
0y
0P
0Q
0R
0S
0#
0$
0%
0&
#5988000
0!
0U
#5989000
1!
1U
1!!
1W
0V
#5990000
0!
0U
#5991000
1!
1U
1~
0!!
0X
1V
0W
0V
#5992000
0!
0U
#5993000
1!
1U
0~
1X
1V
19!
11!
0^
1[
0Y
1z
1}
0]
0[
1T
1Q
1%
18
#5994000
0!
0U
#5995000
1!
1U
1!!
1W
0V
#5996000
0!
0U
#5997000
1!
1U
1~
0!!
0X
1V
0W
0V
#5998000
0!
0U
#5999000
1!
1U
0~
1X
1V
06!
09!
01!
0.!
1^
0|
0z
0}
1Y
0T
0Q
1S
1#
0%
08
02!
05!
0-!
0*!
1c
0u
0s
1_
0J
1L
1*
0,
0"!
0%!
0)!
0&!
1d
0n
0l
0C
1E
11
03
#6000000
0!
0U
#6001000
1!
1U
1!!
1W
0V
#6002000
0!
0U
#6003000
1!
1U
1~
0!!
0X
1V
0W
0V
#6004000
0!
0U
#6005000
1!
1U
0~
1X
1V
19!
11!
1[
0Y
1{
1z
1y
1v
1M
1P
1Q
1R
1$
1%
1&
1)
#6006000
0!
0U
#6007000
1!
1U
1!!
1W
0V
#6008000
0!
0U
#6009000
1!
1U
1~
0!!
0X
1V
0W
0V
#6010000
0!
0U
#6011000
1!
1U
0~
1X
1V
18!
09!
01!
10!
1Y
1|
0z
0y
1x
0v
0M
1O
0P
0Q
0S
0#
0%
0&
1'
0)
#6012000
0!
0U
#6013000
1!
1U
1!!
1W
0V
#6014000
0!
0U
#6015000
1!
1U
1~
0!!
0X
1V
0W
0V
#6016000
0!
0U
#6017000
1!
1U
0~
1X
1V
19!
11!
1\
0[
0Y
1z
0x
0O
1Q
1%
0'
#6018000
0!
0U
#6019000
1!
1U
1!!
1W
0V
#6020000
0!
0U
#6021000
1!
1U
1~
0!!
0X
1V
0W
0V
#6022000
0!
0U
#6023000
1!
1U
0~
1X
1V
17!
08!
09!
01!
00!
1/!
1Y
0{
1y
1v
1M
1P
0R
0$
1&
1)
#6024000
0!
0U
#6025000
1!
1U
1!!
1W
0V
#6026000
0!
0U
#6027000
1!
1U
1~
0!!
0X
1V
0W
0V
#6028000
0!
0U
#6029000
1!
1U
0~
1X
1V
19!
11!
1[
0Y
0y
1w
0v
0M
1N
0P
0&
1(
0)
#6030000
0!
0U
#6031000
1!
1U
1!!
1W
0V
#6032000
0!
0U
#6033000
1!
1U
1~
0!!
0X
1V
0W
0V
#6034000
0!
0U
#6035000
1!
1U
0~
1X
1V
18!
09!
01!
10!
1Y
0z
0Q
0%
#6036000
0!
0U
#6037000
1!
1U
1!!
1W
0V
#6038000
0!
0U
#6039000
1!
1U
1~
0!!
0X
1V
0W
0V
#6040000
0!
0U
#6041000
1!
1U
0~
1X
1V
19!
11!
1]
0\
0[
0Y
0|
1{
1z
1y
0w
0N
1P
1Q
1R
1S
1#
1$
1%
1&
0(
#6042000
0!
0U
#6043000
1!
1U
1!!
1W
0V
#6044000
0!
0U
#6045000
1!
1U
1~
0!!
0X
1V
0W
0V
#6046000
0!
0U
#6047000
1!
1U
0~
1X
1V
16!
07!
08!
09!
01!
00!
0/!
1.!
1Y
1|
0{
0z
0y
0P
0Q
0R
0S
0#
0$
0%
0&
#6048000
0!
0U
#6049000
1!
1U
1!!
1W
0V
#6050000
0!
0U
#6051000
1!
1U
1~
0!!
0X
1V
0W
0V
#6052000
0!
0U
#6053000
1!
1U
0~
1X
1V
19!
11!
0^
1[
0Y
1z
0]
0[
1Q
1%
#6054000
0!
0U
#6055000
1!
1U
1!!
1W
0V
#6056000
0!
0U
#6057000
1!
1U
1~
0!!
0X
1V
0W
0V
#6058000
0!
0U
#6059000
1!
1U
0~
1X
1V
06!
09!
01!
0.!
1^
0|
0z
1Y
0Q
1S
1#
0%
15!
1-!
1`
0_
1t
1s
1r
1o
1F
1I
1J
1K
1+
1,
1-
10
#6060000
0!
0U
#6061000
1!
1U
1!!
1W
0V
#6062000
0!
0U
#6063000
1!
1U
1~
0!!
0X
1V
0W
0V
#6064000
0!
0U
#6065000
1!
1U
0~
1X
1V
19!
11!
1[
0Y
1{
1z
1y
1v
1M
1P
1Q
1R
1$
1%
1&
1)
#6066000
0!
0U
#6067000
1!
1U
1!!
1W
0V
#6068000
0!
0U
#6069000
1!
1U
1~
0!!
0X
1V
0W
0V
#6070000
0!
0U
#6071000
1!
1U
0~
1X
1V
18!
09!
01!
10!
1Y
1|
0z
0y
1x
0v
0M
1O
0P
0Q
0S
0#
0%
0&
1'
0)
#6072000
0!
0U
#6073000
1!
1U
1!!
1W
0V
#6074000
0!
0U
#6075000
1!
1U
1~
0!!
0X
1V
0W
0V
#6076000
0!
0U
#6077000
1!
1U
0~
1X
1V
19!
11!
1\
0[
0Y
1z
0x
0O
1Q
1%
0'
#6078000
0!
0U
#6079000
1!
1U
1!!
1W
0V
#6080000
0!
0U
#6081000
1!
1U
1~
0!!
0X
1V
0W
0V
#6082000
0!
0U
#6083000
1!
1U
0~
1X
1V
17!
08!
09!
01!
00!
1/!
1Y
0{
1y
1v
1M
1P
0R
0$
1&
1)
#6084000
0!
0U
#6085000
1!
1U
1!!
1W
0V
#6086000
0!
0U
#6087000
1!
1U
1~
0!!
0X
1V
0W
0V
#6088000
0!
0U
#6089000
1!
1U
0~
1X
1V
19!
11!
1[
0Y
0y
1w
0v
0M
1N
0P
0&
1(
0)
#6090000
0!
0U
#6091000
1!
1U
1!!
1W
0V
#6092000
0!
0U
#6093000
1!
1U
1~
0!!
0X
1V
0W
0V
#6094000
0!
0U
#6095000
1!
1U
0~
1X
1V
18!
09!
01!
10!
1Y
0z
0Q
0%
#6096000
0!
0U
#6097000
1!
1U
1!!
1W
0V
#6098000
0!
0U
#6099000
1!
1U
1~
0!!
0X
1V
0W
0V
#6100000
