$comment
	File created using the following command:
		vcd file counter_BCD_3_digits.msim.vcd -direction
$end
$date
	Tue Apr 08 16:36:08 2025
$end
$version
	ModelSim Version 10.5b
$end
$timescale
	1ps
$end

$scope module counter_BCD_3_digits_vlg_vec_tst $end
$var reg 1 ! areset $end
$var reg 1 " clock $end
$var wire 1 # bcd [11] $end
$var wire 1 $ bcd [10] $end
$var wire 1 % bcd [9] $end
$var wire 1 & bcd [8] $end
$var wire 1 ' bcd [7] $end
$var wire 1 ( bcd [6] $end
$var wire 1 ) bcd [5] $end
$var wire 1 * bcd [4] $end
$var wire 1 + bcd [3] $end
$var wire 1 , bcd [2] $end
$var wire 1 - bcd [1] $end
$var wire 1 . bcd [0] $end
$var wire 1 / max $end

$scope module i1 $end
$var wire 1 0 gnd $end
$var wire 1 1 vcc $end
$var wire 1 2 unknown $end
$var tri1 1 3 devclrn $end
$var tri1 1 4 devpor $end
$var tri1 1 5 devoe $end
$var wire 1 6 bcd[0]~output_o $end
$var wire 1 7 bcd[1]~output_o $end
$var wire 1 8 bcd[2]~output_o $end
$var wire 1 9 bcd[3]~output_o $end
$var wire 1 : bcd[4]~output_o $end
$var wire 1 ; bcd[5]~output_o $end
$var wire 1 < bcd[6]~output_o $end
$var wire 1 = bcd[7]~output_o $end
$var wire 1 > bcd[8]~output_o $end
$var wire 1 ? bcd[9]~output_o $end
$var wire 1 @ bcd[10]~output_o $end
$var wire 1 A bcd[11]~output_o $end
$var wire 1 B max~output_o $end
$var wire 1 C clock~input_o $end
$var wire 1 D delay|counter|Q~0_combout $end
$var wire 1 E delay|counter|Q~1_combout $end
$var wire 1 F delay|counter|Equal0~combout $end
$var wire 1 G counter0|Q~1_combout $end
$var wire 1 H areset~input_o $end
$var wire 1 I counter0|Q~2_combout $end
$var wire 1 J counter0|Q~3_combout $end
$var wire 1 K counter0|Equal0~combout $end
$var wire 1 L counter0|Q~0_combout $end
$var wire 1 M counter1|Q~1_combout $end
$var wire 1 N counter1|Q~2_combout $end
$var wire 1 O counter1|Q~3_combout $end
$var wire 1 P counter1|Equal0~combout $end
$var wire 1 Q counter1|Q~0_combout $end
$var wire 1 R counter2|Q[0]~3_combout $end
$var wire 1 S counter2|Q[2]~1_combout $end
$var wire 1 T counter2|Q~2_combout $end
$var wire 1 U counter2|Q~0_combout $end
$var wire 1 V max~0_combout $end
$var wire 1 W counter0|Q [3] $end
$var wire 1 X counter0|Q [2] $end
$var wire 1 Y counter0|Q [1] $end
$var wire 1 Z counter0|Q [0] $end
$var wire 1 [ counter1|Q [3] $end
$var wire 1 \ counter1|Q [2] $end
$var wire 1 ] counter1|Q [1] $end
$var wire 1 ^ counter1|Q [0] $end
$var wire 1 _ counter2|Q [3] $end
$var wire 1 ` counter2|Q [2] $end
$var wire 1 a counter2|Q [1] $end
$var wire 1 b counter2|Q [0] $end
$var wire 1 c delay|counter|Q [1] $end
$var wire 1 d delay|counter|Q [0] $end
$upscope $end
$upscope $end
$enddefinitions $end
#0
$dumpvars
0!
0"
0.
0-
0,
0+
0*
0)
0(
0'
0&
0%
0$
0#
0/
00
11
x2
13
14
15
06
07
08
09
0:
0;
0<
0=
0>
0?
0@
0A
0B
0C
1D
0E
1F
0G
0H
0I
0J
1K
1L
0M
0N
0O
1P
1Q
1R
0S
0T
0U
0V
0Z
0Y
0X
0W
0^
0]
0\
0[
0b
0a
0`
0_
0d
0c
$end
#1000
1"
1!
1H
1C
1d
1E
0D
#2000
0"
0C
#3000
1"
1C
1c
0d
0F
1D
0E
0D
#4000
0"
0C
#5000
1"
1C
0c
1F
1D
1Z
16
1.
0L
1G
#6000
0"
0C
#7000
1"
1C
1d
1E
0D
#8000
0"
0C
#9000
1"
1C
1c
0d
0F
1D
0E
0D
#10000
0"
0C
#11000
1"
1C
0c
1F
1D
0Z
1Y
17
06
0.
1-
1L
#12000
0"
0C
#12214
0!
0H
0Y
07
0-
0G
#12632
1!
1H
#13000
1"
1C
1d
1E
0D
#14000
0"
0C
#15000
1"
1C
1c
0d
0F
1D
0E
0D
#16000
0"
0C
#17000
1"
1C
0c
1F
1D
1Z
16
1.
0L
1G
#18000
0"
0C
#19000
1"
1C
1d
1E
0D
#20000
0"
0C
#21000
1"
1C
1c
0d
0F
1D
0E
0D
#22000
0"
0C
#23000
1"
1C
0c
1F
1D
0Z
1Y
17
06
0.
1-
1L
#24000
0"
0C
#25000
1"
1C
1d
1E
0D
#26000
0"
0C
#27000
1"
1C
1c
0d
0F
1D
0E
0D
#28000
0"
0C
#29000
1"
1C
0c
1F
1D
1Z
16
1.
0L
1I
0G
#30000
0"
0C
#31000
1"
1C
1d
1E
0D
#32000
0"
0C
#33000
1"
1C
1c
0d
0F
1D
0E
0D
#34000
0"
0C
#35000
1"
1C
0c
1F
1D
0Z
1X
0Y
07
18
06
0.
1,
0-
1L
#36000
0"
0C
#37000
1"
1C
1d
1E
0D
#38000
0"
0C
#39000
1"
1C
1c
0d
0F
1D
0E
0D
#40000
0"
0C
#41000
1"
1C
0c
1F
1D
1Z
16
1.
0L
1G
#42000
0"
0C
#43000
1"
1C
1d
1E
0D
#44000
0"
0C
#45000
1"
1C
1c
0d
0F
1D
0E
0D
#46000
0"
0C
#47000
1"
1C
0c
1F
1D
0Z
1Y
17
06
0.
1-
1L
#48000
0"
0C
#49000
1"
1C
1d
1E
0D
#50000
0"
0C
#51000
1"
1C
1c
0d
0F
1D
0E
0D
#52000
0"
0C
#53000
1"
1C
0c
1F
1D
1Z
16
1.
0L
1J
0I
0G
#54000
0"
0C
#55000
1"
1C
1d
1E
0D
#56000
0"
0C
#57000
1"
1C
1c
0d
0F
1D
0E
0D
#58000
0"
0C
#59000
1"
1C
0c
1F
1D
0Z
1W
0X
0Y
07
08
19
06
0.
1+
0,
0-
1L
#60000
0"
0C
#61000
1"
1C
1d
1E
0D
#62000
0"
0C
#63000
1"
1C
1c
0d
0F
1D
0E
0D
#64000
0"
0C
#65000
1"
1C
0c
1F
1D
1Z
16
1.
0L
0K
1G
0J
0G
#66000
0"
0C
#67000
1"
1C
1d
1E
0D
#68000
0"
0C
#69000
1"
1C
1c
0d
0F
1D
0E
0D
#70000
0"
0C
#71000
1"
1C
0c
1F
1D
0Z
0W
09
06
0.
0+
1K
1L
1^
1:
1*
0Q
1M
#72000
0"
0C
#73000
1"
1C
1d
1E
0D
#74000
0"
0C
#75000
1"
1C
1c
0d
0F
1D
0E
0D
#76000
0"
0C
#77000
1"
1C
0c
1F
1D
1Z
16
1.
0L
1G
#78000
0"
0C
#79000
1"
1C
1d
1E
0D
#80000
0"
0C
#81000
1"
1C
1c
0d
0F
1D
0E
0D
#82000
0"
0C
#83000
1"
1C
0c
1F
1D
0Z
1Y
17
06
0.
1-
1L
#84000
0"
0C
#85000
1"
1C
1d
1E
0D
#86000
0"
0C
#87000
1"
1C
1c
0d
0F
1D
0E
0D
#88000
0"
0C
#89000
1"
1C
0c
1F
1D
1Z
16
1.
0L
1I
0G
#90000
0"
0C
#91000
1"
1C
1d
1E
0D
#92000
0"
0C
#93000
1"
1C
1c
0d
0F
1D
0E
0D
#94000
0"
0C
#95000
1"
1C
0c
1F
1D
0Z
1X
0Y
07
18
06
0.
1,
0-
1L
#96000
0"
0C
#97000
1"
1C
1d
1E
0D
#98000
0"
0C
#99000
1"
1C
1c
0d
0F
1D
0E
0D
#100000
0"
0C
#101000
1"
1C
0c
1F
1D
1Z
16
1.
0L
1G
#102000
0"
0C
#103000
1"
1C
1d
1E
0D
#104000
0"
0C
#105000
1"
1C
1c
0d
0F
1D
0E
0D
#106000
0"
0C
#107000
1"
1C
0c
1F
1D
0Z
1Y
17
06
0.
1-
1L
#108000
0"
0C
#109000
1"
1C
1d
1E
0D
#110000
0"
0C
#111000
1"
1C
1c
0d
0F
1D
0E
0D
#112000
0"
0C
#113000
1"
1C
0c
1F
1D
1Z
16
1.
0L
1J
0I
0G
#114000
0"
0C
#115000
1"
1C
1d
1E
0D
#116000
0"
0C
#117000
1"
1C
1c
0d
0F
1D
0E
0D
#118000
0"
0C
#119000
1"
1C
0c
1F
1D
0Z
1W
0X
0Y
07
08
19
06
0.
1+
0,
0-
1L
#120000
0"
0C
#121000
1"
1C
1d
1E
0D
#122000
0"
0C
#123000
1"
1C
1c
0d
0F
1D
0E
0D
#124000
0"
0C
#125000
1"
1C
0c
1F
1D
1Z
16
1.
0L
0K
1G
0J
0G
#126000
0"
0C
#127000
1"
1C
1d
1E
0D
#128000
0"
0C
#129000
1"
1C
1c
0d
0F
1D
0E
0D
#130000
0"
0C
#131000
1"
1C
0c
1F
1D
0Z
0W
09
06
0.
0+
1K
1L
0^
1]
1;
0:
0*
1)
1Q
#132000
0"
0C
#133000
1"
1C
1d
1E
0D
#134000
0"
0C
#135000
1"
1C
1c
0d
0F
1D
0E
0D
#136000
0"
0C
#137000
1"
1C
0c
1F
1D
1Z
16
1.
0L
1G
#138000
0"
0C
#139000
1"
1C
1d
1E
0D
#140000
0"
0C
#141000
1"
1C
1c
0d
0F
1D
0E
0D
#142000
0"
0C
#143000
1"
1C
0c
1F
1D
0Z
1Y
17
06
0.
1-
1L
#144000
0"
0C
#145000
1"
1C
1d
1E
0D
#146000
0"
0C
#147000
1"
1C
1c
0d
0F
1D
0E
0D
#148000
0"
0C
#149000
1"
1C
0c
1F
1D
1Z
16
1.
0L
1I
0G
#150000
0"
0C
#151000
1"
1C
1d
1E
0D
#152000
0"
0C
#153000
1"
1C
1c
0d
0F
1D
0E
0D
#154000
0"
0C
#155000
1"
1C
0c
1F
1D
0Z
1X
0Y
07
18
06
0.
1,
0-
1L
#156000
0"
0C
#157000
1"
1C
1d
1E
0D
#158000
0"
0C
#159000
1"
1C
1c
0d
0F
1D
0E
0D
#160000
0"
0C
#161000
1"
1C
0c
1F
1D
1Z
16
1.
0L
1G
#162000
0"
0C
#163000
1"
1C
1d
1E
0D
#164000
0"
0C
#165000
1"
1C
1c
0d
0F
1D
0E
0D
#166000
0"
0C
#167000
1"
1C
0c
1F
1D
0Z
1Y
17
06
0.
1-
1L
#168000
0"
0C
#169000
1"
1C
1d
1E
0D
#170000
0"
0C
#171000
1"
1C
1c
0d
0F
1D
0E
0D
#172000
0"
0C
#173000
1"
1C
0c
1F
1D
1Z
16
1.
0L
1J
0I
0G
#174000
0"
0C
#175000
1"
1C
1d
1E
0D
#176000
0"
0C
#177000
1"
1C
1c
0d
0F
1D
0E
0D
#178000
0"
0C
#179000
1"
1C
0c
1F
1D
0Z
1W
0X
0Y
07
08
19
06
0.
1+
0,
0-
1L
#180000
0"
0C
#181000
1"
1C
1d
1E
0D
#182000
0"
0C
#183000
1"
1C
1c
0d
0F
1D
0E
0D
#184000
0"
0C
#185000
1"
1C
0c
1F
1D
1Z
16
1.
0L
0K
1G
0J
0G
#186000
0"
0C
#187000
1"
1C
1d
1E
0D
#188000
0"
0C
#189000
1"
1C
1c
0d
0F
1D
0E
0D
#190000
0"
0C
#191000
1"
1C
0c
1F
1D
0Z
0W
09
06
0.
0+
1K
1L
1^
1:
1*
0Q
1N
0M
#192000
0"
0C
#193000
1"
1C
1d
1E
0D
#194000
0"
0C
#195000
1"
1C
1c
0d
0F
1D
0E
0D
#196000
0"
0C
#197000
1"
1C
0c
1F
1D
1Z
16
1.
0L
1G
#198000
0"
0C
#199000
1"
1C
1d
1E
0D
#200000
0"
0C
#201000
1"
1C
1c
0d
0F
1D
0E
0D
#202000
0"
0C
#203000
1"
1C
0c
1F
1D
0Z
1Y
17
06
0.
1-
1L
#204000
0"
0C
#205000
1"
1C
1d
1E
0D
#206000
0"
0C
#207000
1"
1C
1c
0d
0F
1D
0E
0D
#208000
0"
0C
#209000
1"
1C
0c
1F
1D
1Z
16
1.
0L
1I
0G
#210000
0"
0C
#211000
1"
1C
1d
1E
0D
#212000
0"
0C
#213000
1"
1C
1c
0d
0F
1D
0E
0D
#214000
0"
0C
#215000
1"
1C
0c
1F
1D
0Z
1X
0Y
07
18
06
0.
1,
0-
1L
#216000
0"
0C
#217000
1"
1C
1d
1E
0D
#218000
0"
0C
#219000
1"
1C
1c
0d
0F
1D
0E
0D
#220000
0"
0C
#221000
1"
1C
0c
1F
1D
1Z
16
1.
0L
1G
#222000
0"
0C
#223000
1"
1C
1d
1E
0D
#224000
0"
0C
#225000
1"
1C
1c
0d
0F
1D
0E
0D
#226000
0"
0C
#227000
1"
1C
0c
1F
1D
0Z
1Y
17
06
0.
1-
1L
#228000
0"
0C
#229000
1"
1C
1d
1E
0D
#230000
0"
0C
#231000
1"
1C
1c
0d
0F
1D
0E
0D
#232000
0"
0C
#233000
1"
1C
0c
1F
1D
1Z
16
1.
0L
1J
0I
0G
#234000
0"
0C
#235000
1"
1C
1d
1E
0D
#236000
0"
0C
#237000
1"
1C
1c
0d
0F
1D
0E
0D
#238000
0"
0C
#239000
1"
1C
0c
1F
1D
0Z
1W
0X
0Y
07
08
19
06
0.
1+
0,
0-
1L
#240000
0"
0C
#241000
1"
1C
1d
1E
0D
#242000
0"
0C
#243000
1"
1C
1c
0d
0F
1D
0E
0D
#244000
0"
0C
#245000
1"
1C
0c
1F
1D
1Z
16
1.
0L
0K
1G
0J
0G
#246000
0"
0C
#247000
1"
1C
1d
1E
0D
#248000
0"
0C
#249000
1"
1C
1c
0d
0F
1D
0E
0D
#250000
0"
0C
#251000
1"
1C
0c
1F
1D
0Z
0W
09
06
0.
0+
1K
1L
0^
1\
0]
0;
1<
0:
0*
1(
0)
1Q
#252000
0"
0C
#253000
1"
1C
1d
1E
0D
#254000
0"
0C
#255000
1"
1C
1c
0d
0F
1D
0E
0D
#256000
0"
0C
#257000
1"
1C
0c
1F
1D
1Z
16
1.
0L
1G
#258000
0"
0C
#259000
1"
1C
1d
1E
0D
#260000
0"
0C
#261000
1"
1C
1c
0d
0F
1D
0E
0D
#262000
0"
0C
#263000
1"
1C
0c
1F
1D
0Z
1Y
17
06
0.
1-
1L
#264000
0"
0C
#265000
1"
1C
1d
1E
0D
#266000
0"
0C
#267000
1"
1C
1c
0d
0F
1D
0E
0D
#268000
0"
0C
#269000
1"
1C
0c
1F
1D
1Z
16
1.
0L
1I
0G
#270000
0"
0C
#271000
1"
1C
1d
1E
0D
#272000
0"
0C
#273000
1"
1C
1c
0d
0F
1D
0E
0D
#274000
0"
0C
#275000
1"
1C
0c
1F
1D
0Z
1X
0Y
07
18
06
0.
1,
0-
1L
#276000
0"
0C
#277000
1"
1C
1d
1E
0D
#278000
0"
0C
#279000
1"
1C
1c
0d
0F
1D
0E
0D
#280000
0"
0C
#281000
1"
1C
0c
1F
1D
1Z
16
1.
0L
1G
#282000
0"
0C
#283000
1"
1C
1d
1E
0D
#284000
0"
0C
#285000
1"
1C
1c
0d
0F
1D
0E
0D
#286000
0"
0C
#287000
1"
1C
0c
1F
1D
0Z
1Y
17
06
0.
1-
1L
#288000
0"
0C
#289000
1"
1C
1d
1E
0D
#290000
0"
0C
#291000
1"
1C
1c
0d
0F
1D
0E
0D
#292000
0"
0C
#293000
1"
1C
0c
1F
1D
1Z
16
1.
0L
1J
0I
0G
#294000
0"
0C
#295000
1"
1C
1d
1E
0D
#296000
0"
0C
#297000
1"
1C
1c
0d
0F
1D
0E
0D
#298000
0"
0C
#299000
1"
1C
0c
1F
1D
0Z
1W
0X
0Y
07
08
19
06
0.
1+
0,
0-
1L
#300000
0"
0C
#301000
1"
1C
1d
1E
0D
#302000
0"
0C
#303000
1"
1C
1c
0d
0F
1D
0E
0D
#304000
0"
0C
#305000
1"
1C
0c
1F
1D
1Z
16
1.
0L
0K
1G
0J
0G
#306000
0"
0C
#307000
1"
1C
1d
1E
0D
#308000
0"
0C
#309000
1"
1C
1c
0d
0F
1D
0E
0D
#310000
0"
0C
#311000
1"
1C
0c
1F
1D
0Z
0W
09
06
0.
0+
1K
1L
1^
1:
1*
0Q
1M
#312000
0"
0C
#313000
1"
1C
1d
1E
0D
#314000
0"
0C
#315000
1"
1C
1c
0d
0F
1D
0E
0D
#316000
0"
0C
#317000
1"
1C
0c
1F
1D
1Z
16
1.
0L
1G
#318000
0"
0C
#319000
1"
1C
1d
1E
0D
#320000
0"
0C
#321000
1"
1C
1c
0d
0F
1D
0E
0D
#322000
0"
0C
#323000
1"
1C
0c
1F
1D
0Z
1Y
17
06
0.
1-
1L
#324000
0"
0C
#325000
1"
1C
1d
1E
0D
#326000
0"
0C
#327000
1"
1C
1c
0d
0F
1D
0E
0D
#328000
0"
0C
#329000
1"
1C
0c
1F
1D
1Z
16
1.
0L
1I
0G
#330000
0"
0C
#331000
1"
1C
1d
1E
0D
#332000
0"
0C
#333000
1"
1C
1c
0d
0F
1D
0E
0D
#334000
0"
0C
#335000
1"
1C
0c
1F
1D
0Z
1X
0Y
07
18
06
0.
1,
0-
1L
#336000
0"
0C
#337000
1"
1C
1d
1E
0D
#338000
0"
0C
#339000
1"
1C
1c
0d
0F
1D
0E
0D
#340000
0"
0C
#341000
1"
1C
0c
1F
1D
1Z
16
1.
0L
1G
#342000
0"
0C
#343000
1"
1C
1d
1E
0D
#344000
0"
0C
#345000
1"
1C
1c
0d
0F
1D
0E
0D
#346000
0"
0C
#347000
1"
1C
0c
1F
1D
0Z
1Y
17
06
0.
1-
1L
#348000
0"
0C
#349000
1"
1C
1d
1E
0D
#350000
0"
0C
#351000
1"
1C
1c
0d
0F
1D
0E
0D
#352000
0"
0C
#353000
1"
1C
0c
1F
1D
1Z
16
1.
0L
1J
0I
0G
#354000
0"
0C
#355000
1"
1C
1d
1E
0D
#356000
0"
0C
#357000
1"
1C
1c
0d
0F
1D
0E
0D
#358000
0"
0C
#359000
1"
1C
0c
1F
1D
0Z
1W
0X
0Y
07
08
19
06
0.
1+
0,
0-
1L
#360000
0"
0C
#361000
1"
1C
1d
1E
0D
#362000
0"
0C
#363000
1"
1C
1c
0d
0F
1D
0E
0D
#364000
0"
0C
#365000
1"
1C
0c
1F
1D
1Z
16
1.
0L
0K
1G
0J
0G
#366000
0"
0C
#367000
1"
1C
1d
1E
0D
#368000
0"
0C
#369000
1"
1C
1c
0d
0F
1D
0E
0D
#370000
0"
0C
#371000
1"
1C
0c
1F
1D
0Z
0W
09
06
0.
0+
1K
1L
0^
1]
1;
0:
0*
1)
1Q
#372000
0"
0C
#373000
1"
1C
1d
1E
0D
#374000
0"
0C
#375000
1"
1C
1c
0d
0F
1D
0E
0D
#376000
0"
0C
#377000
1"
1C
0c
1F
1D
1Z
16
1.
0L
1G
#378000
0"
0C
#379000
1"
1C
1d
1E
0D
#380000
0"
0C
#381000
1"
1C
1c
0d
0F
1D
0E
0D
#382000
0"
0C
#383000
1"
1C
0c
1F
1D
0Z
1Y
17
06
0.
1-
1L
#384000
0"
0C
#385000
1"
1C
1d
1E
0D
#386000
0"
0C
#387000
1"
1C
1c
0d
0F
1D
0E
0D
#388000
0"
0C
#389000
1"
1C
0c
1F
1D
1Z
16
1.
0L
1I
0G
#390000
0"
0C
#391000
1"
1C
1d
1E
0D
#392000
0"
0C
#393000
1"
1C
1c
0d
0F
1D
0E
0D
#394000
0"
0C
#395000
1"
1C
0c
1F
1D
0Z
1X
0Y
07
18
06
0.
1,
0-
1L
#396000
0"
0C
#397000
1"
1C
1d
1E
0D
#398000
0"
0C
#399000
1"
1C
1c
0d
0F
1D
0E
0D
#400000
0"
0C
#401000
1"
1C
0c
1F
1D
1Z
16
1.
0L
1G
#402000
0"
0C
#403000
1"
1C
1d
1E
0D
#404000
0"
0C
#405000
1"
1C
1c
0d
0F
1D
0E
0D
#406000
0"
0C
#407000
1"
1C
0c
1F
1D
0Z
1Y
17
06
0.
1-
1L
#408000
0"
0C
#409000
1"
1C
1d
1E
0D
#410000
0"
0C
#411000
1"
1C
1c
0d
0F
1D
0E
0D
#412000
0"
0C
#413000
1"
1C
0c
1F
1D
1Z
16
1.
0L
1J
0I
0G
#414000
0"
0C
#415000
1"
1C
1d
1E
0D
#416000
0"
0C
#417000
1"
1C
1c
0d
0F
1D
0E
0D
#418000
0"
0C
#419000
1"
1C
0c
1F
1D
0Z
1W
0X
0Y
07
08
19
06
0.
1+
0,
0-
1L
#420000
0"
0C
#421000
1"
1C
1d
1E
0D
#422000
0"
0C
#423000
1"
1C
1c
0d
0F
1D
0E
0D
#424000
0"
0C
#425000
1"
1C
0c
1F
1D
1Z
16
1.
0L
0K
1G
0J
0G
#426000
0"
0C
#427000
1"
1C
1d
1E
0D
#428000
0"
0C
#429000
1"
1C
1c
0d
0F
1D
0E
0D
#430000
0"
0C
#431000
1"
1C
0c
1F
1D
0Z
0W
09
06
0.
0+
1K
1L
1^
1:
1*
0Q
1O
0N
0M
#432000
0"
0C
#433000
1"
1C
1d
1E
0D
#434000
0"
0C
#435000
1"
1C
1c
0d
0F
1D
0E
0D
#436000
0"
0C
#437000
1"
1C
0c
1F
1D
1Z
16
1.
0L
1G
#438000
0"
0C
#439000
1"
1C
1d
1E
0D
#440000
0"
0C
#441000
1"
1C
1c
0d
0F
1D
0E
0D
#442000
0"
0C
#443000
1"
1C
0c
1F
1D
0Z
1Y
17
06
0.
1-
1L
#444000
0"
0C
#445000
1"
1C
1d
1E
0D
#446000
0"
0C
#447000
1"
1C
1c
0d
0F
1D
0E
0D
#448000
0"
0C
#449000
1"
1C
0c
1F
1D
1Z
16
1.
0L
1I
0G
#450000
0"
0C
#451000
1"
1C
1d
1E
0D
#452000
0"
0C
#453000
1"
1C
1c
0d
0F
1D
0E
0D
#454000
0"
0C
#455000
1"
1C
0c
1F
1D
0Z
1X
0Y
07
18
06
0.
1,
0-
1L
#456000
0"
0C
#457000
1"
1C
1d
1E
0D
#458000
0"
0C
#459000
1"
1C
1c
0d
0F
1D
0E
0D
#460000
0"
0C
#461000
1"
1C
0c
1F
1D
1Z
16
1.
0L
1G
#462000
0"
0C
#463000
1"
1C
1d
1E
0D
#464000
0"
0C
#465000
1"
1C
1c
0d
0F
1D
0E
0D
#466000
0"
0C
#467000
1"
1C
0c
1F
1D
0Z
1Y
17
06
0.
1-
1L
#468000
0"
0C
#469000
1"
1C
1d
1E
0D
#470000
0"
0C
#471000
1"
1C
1c
0d
0F
1D
0E
0D
#472000
0"
0C
#473000
1"
1C
0c
1F
1D
1Z
16
1.
0L
1J
0I
0G
#474000
0"
0C
#475000
1"
1C
1d
1E
0D
#476000
0"
0C
#477000
1"
1C
1c
0d
0F
1D
0E
0D
#478000
0"
0C
#479000
1"
1C
0c
1F
1D
0Z
1W
0X
0Y
07
08
19
06
0.
1+
0,
0-
1L
#480000
0"
0C
#481000
1"
1C
1d
1E
0D
#482000
0"
0C
#483000
1"
1C
1c
0d
0F
1D
0E
0D
#484000
0"
0C
#485000
1"
1C
0c
1F
1D
1Z
16
1.
0L
0K
1G
0J
0G
#486000
0"
0C
#487000
1"
1C
1d
1E
0D
#488000
0"
0C
#489000
1"
1C
1c
0d
0F
1D
0E
0D
#490000
0"
0C
#491000
1"
1C
0c
1F
1D
0Z
0W
09
06
0.
0+
1K
1L
0^
1[
0\
0]
0;
0<
1=
0:
0*
1'
0(
0)
1Q
#492000
0"
0C
#493000
1"
1C
1d
1E
0D
#494000
0"
0C
#495000
1"
1C
1c
0d
0F
1D
0E
0D
#496000
0"
0C
#497000
1"
1C
0c
1F
1D
1Z
16
1.
0L
1G
#498000
0"
0C
#499000
1"
1C
1d
1E
0D
#500000
0"
0C
#501000
1"
1C
1c
0d
0F
1D
0E
0D
#502000
0"
0C
#503000
1"
1C
0c
1F
1D
0Z
1Y
17
06
0.
1-
1L
#504000
0"
0C
#505000
1"
1C
1d
1E
0D
#506000
0"
0C
#507000
1"
1C
1c
0d
0F
1D
0E
0D
#508000
0"
0C
#509000
1"
1C
0c
1F
1D
1Z
16
1.
0L
1I
0G
#510000
0"
0C
#511000
1"
1C
1d
1E
0D
#512000
0"
0C
#513000
1"
1C
1c
0d
0F
1D
0E
0D
#514000
0"
0C
#515000
1"
1C
0c
1F
1D
0Z
1X
0Y
07
18
06
0.
1,
0-
1L
#516000
0"
0C
#517000
1"
1C
1d
1E
0D
#518000
0"
0C
#519000
1"
1C
1c
0d
0F
1D
0E
0D
#520000
0"
0C
#521000
1"
1C
0c
1F
1D
1Z
16
1.
0L
1G
#522000
0"
0C
#523000
1"
1C
1d
1E
0D
#524000
0"
0C
#525000
1"
1C
1c
0d
0F
1D
0E
0D
#526000
0"
0C
#527000
1"
1C
0c
1F
1D
0Z
1Y
17
06
0.
1-
1L
#528000
0"
0C
#529000
1"
1C
1d
1E
0D
#530000
0"
0C
#531000
1"
1C
1c
0d
0F
1D
0E
0D
#532000
0"
0C
#533000
1"
1C
0c
1F
1D
1Z
16
1.
0L
1J
0I
0G
#534000
0"
0C
#535000
1"
1C
1d
1E
0D
#536000
0"
0C
#537000
1"
1C
1c
0d
0F
1D
0E
0D
#538000
0"
0C
#539000
1"
1C
0c
1F
1D
0Z
1W
0X
0Y
07
08
19
06
0.
1+
0,
0-
1L
#540000
0"
0C
#541000
1"
1C
1d
1E
0D
#542000
0"
0C
#543000
1"
1C
1c
0d
0F
1D
0E
0D
#544000
0"
0C
#545000
1"
1C
0c
1F
1D
1Z
16
1.
0L
0K
1G
0J
0G
#546000
0"
0C
#547000
1"
1C
1d
1E
0D
#548000
0"
0C
#549000
1"
1C
1c
0d
0F
1D
0E
0D
#550000
0"
0C
#551000
1"
1C
0c
1F
1D
0Z
0W
09
06
0.
0+
1K
1L
1^
1:
1*
0Q
0P
1M
0O
0M
#552000
0"
0C
#553000
1"
1C
1d
1E
0D
#554000
0"
0C
#555000
1"
1C
1c
0d
0F
1D
0E
0D
#556000
0"
0C
#557000
1"
1C
0c
1F
1D
1Z
16
1.
0L
1G
#558000
0"
0C
#559000
1"
1C
1d
1E
0D
#560000
0"
0C
#561000
1"
1C
1c
0d
0F
1D
0E
0D
#562000
0"
0C
#563000
1"
1C
0c
1F
1D
0Z
1Y
17
06
0.
1-
1L
#564000
0"
0C
#565000
1"
1C
1d
1E
0D
#566000
0"
0C
#567000
1"
1C
1c
0d
0F
1D
0E
0D
#568000
0"
0C
#569000
1"
1C
0c
1F
1D
1Z
16
1.
0L
1I
0G
#570000
0"
0C
#571000
1"
1C
1d
1E
0D
#572000
0"
0C
#573000
1"
1C
1c
0d
0F
1D
0E
0D
#574000
0"
0C
#575000
1"
1C
0c
1F
1D
0Z
1X
0Y
07
18
06
0.
1,
0-
1L
#576000
0"
0C
#577000
1"
1C
1d
1E
0D
#578000
0"
0C
#579000
1"
1C
1c
0d
0F
1D
0E
0D
#580000
0"
0C
#581000
1"
1C
0c
1F
1D
1Z
16
1.
0L
1G
#582000
0"
0C
#583000
1"
1C
1d
1E
0D
#584000
0"
0C
#585000
1"
1C
1c
0d
0F
1D
0E
0D
#586000
0"
0C
#587000
1"
1C
0c
1F
1D
0Z
1Y
17
06
0.
1-
1L
#588000
0"
0C
#589000
1"
1C
1d
1E
0D
#590000
0"
0C
#591000
1"
1C
1c
0d
0F
1D
0E
0D
#592000
0"
0C
#593000
1"
1C
0c
1F
1D
1Z
16
1.
0L
1J
0I
0G
#594000
0"
0C
#595000
1"
1C
1d
1E
0D
#596000
0"
0C
#597000
1"
1C
1c
0d
0F
1D
0E
0D
#598000
0"
0C
#599000
1"
1C
0c
1F
1D
0Z
1W
0X
0Y
07
08
19
06
0.
1+
0,
0-
1L
#600000
0"
0C
#601000
1"
1C
1d
1E
0D
#602000
0"
0C
#603000
1"
1C
1c
0d
0F
1D
0E
0D
#604000
0"
0C
#605000
1"
1C
0c
1F
1D
1Z
16
1.
0L
0K
1G
0J
0G
#606000
0"
0C
#607000
1"
1C
1d
1E
0D
#608000
0"
0C
#609000
1"
1C
1c
0d
0F
1D
0E
0D
#610000
0"
0C
#611000
1"
1C
0c
1F
1D
0Z
0W
09
06
0.
0+
1K
1L
0^
0[
0=
0:
0*
0'
1P
1Q
1b
1>
1&
1U
0R
#612000
0"
0C
#613000
1"
1C
1d
1E
0D
#614000
0"
0C
#615000
1"
1C
1c
0d
0F
1D
0E
0D
#616000
0"
0C
#617000
1"
1C
0c
1F
1D
1Z
16
1.
0L
1G
#618000
0"
0C
#619000
1"
1C
1d
1E
0D
#620000
0"
0C
#621000
1"
1C
1c
0d
0F
1D
0E
0D
#622000
0"
0C
#623000
1"
1C
0c
1F
1D
0Z
1Y
17
06
0.
1-
1L
#624000
0"
0C
#625000
1"
1C
1d
1E
0D
#626000
0"
0C
#627000
1"
1C
1c
0d
0F
1D
0E
0D
#628000
0"
0C
#629000
1"
1C
0c
1F
1D
1Z
16
1.
0L
1I
0G
#630000
0"
0C
#631000
1"
1C
1d
1E
0D
#632000
0"
0C
#633000
1"
1C
1c
0d
0F
1D
0E
0D
#634000
0"
0C
#635000
1"
1C
0c
1F
1D
0Z
1X
0Y
07
18
06
0.
1,
0-
1L
#636000
0"
0C
#637000
1"
1C
1d
1E
0D
#638000
0"
0C
#639000
1"
1C
1c
0d
0F
1D
0E
0D
#640000
0"
0C
#641000
1"
1C
0c
1F
1D
1Z
16
1.
0L
1G
#642000
0"
0C
#643000
1"
1C
1d
1E
0D
#644000
0"
0C
#645000
1"
1C
1c
0d
0F
1D
0E
0D
#646000
0"
0C
#647000
1"
1C
0c
1F
1D
0Z
1Y
17
06
0.
1-
1L
#648000
0"
0C
#649000
1"
1C
1d
1E
0D
#650000
0"
0C
#651000
1"
1C
1c
0d
0F
1D
0E
0D
#652000
0"
0C
#653000
1"
1C
0c
1F
1D
1Z
16
1.
0L
1J
0I
0G
#654000
0"
0C
#655000
1"
1C
1d
1E
0D
#656000
0"
0C
#657000
1"
1C
1c
0d
0F
1D
0E
0D
#658000
0"
0C
#659000
1"
1C
0c
1F
1D
0Z
1W
0X
0Y
07
08
19
06
0.
1+
0,
0-
1L
#660000
0"
0C
#661000
1"
1C
1d
1E
0D
#662000
0"
0C
#663000
1"
1C
1c
0d
0F
1D
0E
0D
#664000
0"
0C
#665000
1"
1C
0c
1F
1D
1Z
16
1.
0L
0K
1G
0J
0G
#666000
0"
0C
#667000
1"
1C
1d
1E
0D
#668000
0"
0C
#669000
1"
1C
1c
0d
0F
1D
0E
0D
#670000
0"
0C
#671000
1"
1C
0c
1F
1D
0Z
0W
09
06
0.
0+
1K
1L
1^
1:
1*
0Q
1M
#672000
0"
0C
#673000
1"
1C
1d
1E
0D
#674000
0"
0C
#675000
1"
1C
1c
0d
0F
1D
0E
0D
#676000
0"
0C
#677000
1"
1C
0c
1F
1D
1Z
16
1.
0L
1G
#678000
0"
0C
#679000
1"
1C
1d
1E
0D
#680000
0"
0C
#681000
1"
1C
1c
0d
0F
1D
0E
0D
#682000
0"
0C
#683000
1"
1C
0c
1F
1D
0Z
1Y
17
06
0.
1-
1L
#684000
0"
0C
#685000
1"
1C
1d
1E
0D
#686000
0"
0C
#687000
1"
1C
1c
0d
0F
1D
0E
0D
#688000
0"
0C
#689000
1"
1C
0c
1F
1D
1Z
16
1.
0L
1I
0G
#690000
0"
0C
#691000
1"
1C
1d
1E
0D
#692000
0"
0C
#693000
1"
1C
1c
0d
0F
1D
0E
0D
#694000
0"
0C
#695000
1"
1C
0c
1F
1D
0Z
1X
0Y
07
18
06
0.
1,
0-
1L
#696000
0"
0C
#697000
1"
1C
1d
1E
0D
#698000
0"
0C
#699000
1"
1C
1c
0d
0F
1D
0E
0D
#700000
0"
0C
#701000
1"
1C
0c
1F
1D
1Z
16
1.
0L
1G
#702000
0"
0C
#703000
1"
1C
1d
1E
0D
#704000
0"
0C
#705000
1"
1C
1c
0d
0F
1D
0E
0D
#706000
0"
0C
#707000
1"
1C
0c
1F
1D
0Z
1Y
17
06
0.
1-
1L
#708000
0"
0C
#709000
1"
1C
1d
1E
0D
#710000
0"
0C
#711000
1"
1C
1c
0d
0F
1D
0E
0D
#712000
0"
0C
#713000
1"
1C
0c
1F
1D
1Z
16
1.
0L
1J
0I
0G
#714000
0"
0C
#715000
1"
1C
1d
1E
0D
#716000
0"
0C
#717000
1"
1C
1c
0d
0F
1D
0E
0D
#718000
0"
0C
#719000
1"
1C
0c
1F
1D
0Z
1W
0X
0Y
07
08
19
06
0.
1+
0,
0-
1L
#720000
0"
0C
#721000
1"
1C
1d
1E
0D
#722000
0"
0C
#723000
1"
1C
1c
0d
0F
1D
0E
0D
#724000
0"
0C
#725000
1"
1C
0c
1F
1D
1Z
16
1.
0L
0K
1G
0J
0G
#726000
0"
0C
#727000
1"
1C
1d
1E
0D
#728000
0"
0C
#729000
1"
1C
1c
0d
0F
1D
0E
0D
#730000
0"
0C
#731000
1"
1C
0c
1F
1D
0Z
0W
09
06
0.
0+
1K
1L
0^
1]
1;
0:
0*
1)
1Q
#732000
0"
0C
#733000
1"
1C
1d
1E
0D
#734000
0"
0C
#735000
1"
1C
1c
0d
0F
1D
0E
0D
#736000
0"
0C
#737000
1"
1C
0c
1F
1D
1Z
16
1.
0L
1G
#738000
0"
0C
#739000
1"
1C
1d
1E
0D
#740000
0"
0C
#741000
1"
1C
1c
0d
0F
1D
0E
0D
#742000
0"
0C
#743000
1"
1C
0c
1F
1D
0Z
1Y
17
06
0.
1-
1L
#744000
0"
0C
#745000
1"
1C
1d
1E
0D
#746000
0"
0C
#747000
1"
1C
1c
0d
0F
1D
0E
0D
#748000
0"
0C
#749000
1"
1C
0c
1F
1D
1Z
16
1.
0L
1I
0G
#750000
0"
0C
#751000
1"
1C
1d
1E
0D
#752000
0"
0C
#753000
1"
1C
1c
0d
0F
1D
0E
0D
#754000
0"
0C
#755000
1"
1C
0c
1F
1D
0Z
1X
0Y
07
18
06
0.
1,
0-
1L
#756000
0"
0C
#757000
1"
1C
1d
1E
0D
#758000
0"
0C
#759000
1"
1C
1c
0d
0F
1D
0E
0D
#760000
0"
0C
#761000
1"
1C
0c
1F
1D
1Z
16
1.
0L
1G
#762000
0"
0C
#763000
1"
1C
1d
1E
0D
#764000
0"
0C
#765000
1"
1C
1c
0d
0F
1D
0E
0D
#766000
0"
0C
#767000
1"
1C
0c
1F
1D
0Z
1Y
17
06
0.
1-
1L
#768000
0"
0C
#769000
1"
1C
1d
1E
0D
#770000
0"
0C
#771000
1"
1C
1c
0d
0F
1D
0E
0D
#772000
0"
0C
#773000
1"
1C
0c
1F
1D
1Z
16
1.
0L
1J
0I
0G
#774000
0"
0C
#775000
1"
1C
1d
1E
0D
#776000
0"
0C
#777000
1"
1C
1c
0d
0F
1D
0E
0D
#778000
0"
0C
#779000
1"
1C
0c
1F
1D
0Z
1W
0X
0Y
07
08
19
06
0.
1+
0,
0-
1L
#780000
0"
0C
#781000
1"
1C
1d
1E
0D
#782000
0"
0C
#783000
1"
1C
1c
0d
0F
1D
0E
0D
#784000
0"
0C
#785000
1"
1C
0c
1F
1D
1Z
16
1.
0L
0K
1G
0J
0G
#786000
0"
0C
#787000
1"
1C
1d
1E
0D
#788000
0"
0C
#789000
1"
1C
1c
0d
0F
1D
0E
0D
#790000
0"
0C
#791000
1"
1C
0c
1F
1D
0Z
0W
09
06
0.
0+
1K
1L
1^
1:
1*
0Q
1N
0M
#792000
0"
0C
#793000
1"
1C
1d
1E
0D
#794000
0"
0C
#795000
1"
1C
1c
0d
0F
1D
0E
0D
#796000
0"
0C
#797000
1"
1C
0c
1F
1D
1Z
16
1.
0L
1G
#798000
0"
0C
#799000
1"
1C
1d
1E
0D
#800000
0"
0C
#801000
1"
1C
1c
0d
0F
1D
0E
0D
#802000
0"
0C
#803000
1"
1C
0c
1F
1D
0Z
1Y
17
06
0.
1-
1L
#804000
0"
0C
#805000
1"
1C
1d
1E
0D
#806000
0"
0C
#807000
1"
1C
1c
0d
0F
1D
0E
0D
#808000
0"
0C
#809000
1"
1C
0c
1F
1D
1Z
16
1.
0L
1I
0G
#810000
0"
0C
#811000
1"
1C
1d
1E
0D
#812000
0"
0C
#813000
1"
1C
1c
0d
0F
1D
0E
0D
#814000
0"
0C
#815000
1"
1C
0c
1F
1D
0Z
1X
0Y
07
18
06
0.
1,
0-
1L
#816000
0"
0C
#817000
1"
1C
1d
1E
0D
#818000
0"
0C
#819000
1"
1C
1c
0d
0F
1D
0E
0D
#820000
0"
0C
#821000
1"
1C
0c
1F
1D
1Z
16
1.
0L
1G
#822000
0"
0C
#823000
1"
1C
1d
1E
0D
#824000
0"
0C
#825000
1"
1C
1c
0d
0F
1D
0E
0D
#826000
0"
0C
#827000
1"
1C
0c
1F
1D
0Z
1Y
17
06
0.
1-
1L
#828000
0"
0C
#829000
1"
1C
1d
1E
0D
#830000
0"
0C
#831000
1"
1C
1c
0d
0F
1D
0E
0D
#832000
0"
0C
#833000
1"
1C
0c
1F
1D
1Z
16
1.
0L
1J
0I
0G
#834000
0"
0C
#835000
1"
1C
1d
1E
0D
#836000
0"
0C
#837000
1"
1C
1c
0d
0F
1D
0E
0D
#838000
0"
0C
#839000
1"
1C
0c
1F
1D
0Z
1W
0X
0Y
07
08
19
06
0.
1+
0,
0-
1L
#840000
0"
0C
#841000
1"
1C
1d
1E
0D
#842000
0"
0C
#843000
1"
1C
1c
0d
0F
1D
0E
0D
#844000
0"
0C
#845000
1"
1C
0c
1F
1D
1Z
16
1.
0L
0K
1G
0J
0G
#846000
0"
0C
#847000
1"
1C
1d
1E
0D
#848000
0"
0C
#849000
1"
1C
1c
0d
0F
1D
0E
0D
#850000
0"
0C
#851000
1"
1C
0c
1F
1D
0Z
0W
09
06
0.
0+
1K
1L
0^
1\
0]
0;
1<
0:
0*
1(
0)
1Q
#852000
0"
0C
#853000
1"
1C
1d
1E
0D
#854000
0"
0C
#855000
1"
1C
1c
0d
0F
1D
0E
0D
#856000
0"
0C
#857000
1"
1C
0c
1F
1D
1Z
16
1.
0L
1G
#858000
0"
0C
#859000
1"
1C
1d
1E
0D
#860000
0"
0C
#861000
1"
1C
1c
0d
0F
1D
0E
0D
#862000
0"
0C
#863000
1"
1C
0c
1F
1D
0Z
1Y
17
06
0.
1-
1L
#864000
0"
0C
#865000
1"
1C
1d
1E
0D
#866000
0"
0C
#867000
1"
1C
1c
0d
0F
1D
0E
0D
#868000
0"
0C
#869000
1"
1C
0c
1F
1D
1Z
16
1.
0L
1I
0G
#870000
0"
0C
#871000
1"
1C
1d
1E
0D
#872000
0"
0C
#873000
1"
1C
1c
0d
0F
1D
0E
0D
#874000
0"
0C
#875000
1"
1C
0c
1F
1D
0Z
1X
0Y
07
18
06
0.
1,
0-
1L
#876000
0"
0C
#877000
1"
1C
1d
1E
0D
#878000
0"
0C
#879000
1"
1C
1c
0d
0F
1D
0E
0D
#880000
0"
0C
#881000
1"
1C
0c
1F
1D
1Z
16
1.
0L
1G
#882000
0"
0C
#883000
1"
1C
1d
1E
0D
#884000
0"
0C
#885000
1"
1C
1c
0d
0F
1D
0E
0D
#886000
0"
0C
#887000
1"
1C
0c
1F
1D
0Z
1Y
17
06
0.
1-
1L
#888000
0"
0C
#889000
1"
1C
1d
1E
0D
#890000
0"
0C
#891000
1"
1C
1c
0d
0F
1D
0E
0D
#892000
0"
0C
#893000
1"
1C
0c
1F
1D
1Z
16
1.
0L
1J
0I
0G
#894000
0"
0C
#895000
1"
1C
1d
1E
0D
#896000
0"
0C
#897000
1"
1C
1c
0d
0F
1D
0E
0D
#898000
0"
0C
#899000
1"
1C
0c
1F
1D
0Z
1W
0X
0Y
07
08
19
06
0.
1+
0,
0-
1L
#900000
0"
0C
#901000
1"
1C
1d
1E
0D
#902000
0"
0C
#903000
1"
1C
1c
0d
0F
1D
0E
0D
#904000
0"
0C
#905000
1"
1C
0c
1F
1D
1Z
16
1.
0L
0K
1G
0J
0G
#906000
0"
0C
#907000
1"
1C
1d
1E
0D
#908000
0"
0C
#909000
1"
1C
1c
0d
0F
1D
0E
0D
#910000
0"
0C
#911000
1"
1C
0c
1F
1D
0Z
0W
09
06
0.
0+
1K
1L
1^
1:
1*
0Q
1M
#912000
0"
0C
#913000
1"
1C
1d
1E
0D
#914000
0"
0C
#915000
1"
1C
1c
0d
0F
1D
0E
0D
#916000
0"
0C
#917000
1"
1C
0c
1F
1D
1Z
16
1.
0L
1G
#918000
0"
0C
#919000
1"
1C
1d
1E
0D
#920000
0"
0C
#921000
1"
1C
1c
0d
0F
1D
0E
0D
#922000
0"
0C
#923000
1"
1C
0c
1F
1D
0Z
1Y
17
06
0.
1-
1L
#924000
0"
0C
#925000
1"
1C
1d
1E
0D
#926000
0"
0C
#927000
1"
1C
1c
0d
0F
1D
0E
0D
#928000
0"
0C
#929000
1"
1C
0c
1F
1D
1Z
16
1.
0L
1I
0G
#930000
0"
0C
#931000
1"
1C
1d
1E
0D
#932000
0"
0C
#933000
1"
1C
1c
0d
0F
1D
0E
0D
#934000
0"
0C
#935000
1"
1C
0c
1F
1D
0Z
1X
0Y
07
18
06
0.
1,
0-
1L
#936000
0"
0C
#937000
1"
1C
1d
1E
0D
#938000
0"
0C
#939000
1"
1C
1c
0d
0F
1D
0E
0D
#940000
0"
0C
#941000
1"
1C
0c
1F
1D
1Z
16
1.
0L
1G
#942000
0"
0C
#943000
1"
1C
1d
1E
0D
#944000
0"
0C
#945000
1"
1C
1c
0d
0F
1D
0E
0D
#946000
0"
0C
#947000
1"
1C
0c
1F
1D
0Z
1Y
17
06
0.
1-
1L
#948000
0"
0C
#949000
1"
1C
1d
1E
0D
#950000
0"
0C
#951000
1"
1C
1c
0d
0F
1D
0E
0D
#952000
0"
0C
#953000
1"
1C
0c
1F
1D
1Z
16
1.
0L
1J
0I
0G
#954000
0"
0C
#955000
1"
1C
1d
1E
0D
#956000
0"
0C
#957000
1"
1C
1c
0d
0F
1D
0E
0D
#958000
0"
0C
#959000
1"
1C
0c
1F
1D
0Z
1W
0X
0Y
07
08
19
06
0.
1+
0,
0-
1L
#960000
0"
0C
#961000
1"
1C
1d
1E
0D
#962000
0"
0C
#963000
1"
1C
1c
0d
0F
1D
0E
0D
#964000
0"
0C
#965000
1"
1C
0c
1F
1D
1Z
16
1.
0L
0K
1G
0J
0G
#966000
0"
0C
#967000
1"
1C
1d
1E
0D
#968000
0"
0C
#969000
1"
1C
1c
0d
0F
1D
0E
0D
#970000
0"
0C
#971000
1"
1C
0c
1F
1D
0Z
0W
09
06
0.
0+
1K
1L
0^
1]
1;
0:
0*
1)
1Q
#972000
0"
0C
#973000
1"
1C
1d
1E
0D
#974000
0"
0C
#975000
1"
1C
1c
0d
0F
1D
0E
0D
#976000
0"
0C
#977000
1"
1C
0c
1F
1D
1Z
16
1.
0L
1G
#978000
0"
0C
#979000
1"
1C
1d
1E
0D
#980000
0"
0C
#981000
1"
1C
1c
0d
0F
1D
0E
0D
#982000
0"
0C
#983000
1"
1C
0c
1F
1D
0Z
1Y
17
06
0.
1-
1L
#984000
0"
0C
#985000
1"
1C
1d
1E
0D
#986000
0"
0C
#987000
1"
1C
1c
0d
0F
1D
0E
0D
#988000
0"
0C
#989000
1"
1C
0c
1F
1D
1Z
16
1.
0L
1I
0G
#990000
0"
0C
#991000
1"
1C
1d
1E
0D
#992000
0"
0C
#993000
1"
1C
1c
0d
0F
1D
0E
0D
#994000
0"
0C
#995000
1"
1C
0c
1F
1D
0Z
1X
0Y
07
18
06
0.
1,
0-
1L
#996000
0"
0C
#997000
1"
1C
1d
1E
0D
#998000
0"
0C
#999000
1"
1C
1c
0d
0F
1D
0E
0D
#1000000
0"
0C
#1001000
1"
1C
0c
1F
1D
1Z
16
1.
0L
1G
#1002000
0"
0C
#1003000
1"
1C
1d
1E
0D
#1004000
0"
0C
#1005000
1"
1C
1c
0d
0F
1D
0E
0D
#1006000
0"
0C
#1007000
1"
1C
0c
1F
1D
0Z
1Y
17
06
0.
1-
1L
#1008000
0"
0C
#1009000
1"
1C
1d
1E
0D
#1010000
0"
0C
#1011000
1"
1C
1c
0d
0F
1D
0E
0D
#1012000
0"
0C
#1013000
1"
1C
0c
1F
1D
1Z
16
1.
0L
1J
0I
0G
#1014000
0"
0C
#1015000
1"
1C
1d
1E
0D
#1016000
0"
0C
#1017000
1"
1C
1c
0d
0F
1D
0E
0D
#1018000
0"
0C
#1019000
1"
1C
0c
1F
1D
0Z
1W
0X
0Y
07
08
19
06
0.
1+
0,
0-
1L
#1020000
0"
0C
#1021000
1"
1C
1d
1E
0D
#1022000
0"
0C
#1023000
1"
1C
1c
0d
0F
1D
0E
0D
#1024000
0"
0C
#1025000
1"
1C
0c
1F
1D
1Z
16
1.
0L
0K
1G
0J
0G
#1026000
0"
0C
#1027000
1"
1C
1d
1E
0D
#1028000
0"
0C
#1029000
1"
1C
1c
0d
0F
1D
0E
0D
#1030000
0"
0C
#1031000
1"
1C
0c
1F
1D
0Z
0W
09
06
0.
0+
1K
1L
1^
1:
1*
0Q
1O
0N
0M
#1032000
0"
0C
#1033000
1"
1C
1d
1E
0D
#1034000
0"
0C
#1035000
1"
1C
1c
0d
0F
1D
0E
0D
#1036000
0"
0C
#1037000
1"
1C
0c
1F
1D
1Z
16
1.
0L
1G
#1038000
0"
0C
#1039000
1"
1C
1d
1E
0D
#1040000
0"
0C
#1041000
1"
1C
1c
0d
0F
1D
0E
0D
#1042000
0"
0C
#1043000
1"
1C
0c
1F
1D
0Z
1Y
17
06
0.
1-
1L
#1044000
0"
0C
#1045000
1"
1C
1d
1E
0D
#1046000
0"
0C
#1047000
1"
1C
1c
0d
0F
1D
0E
0D
#1048000
0"
0C
#1049000
1"
1C
0c
1F
1D
1Z
16
1.
0L
1I
0G
#1050000
0"
0C
#1051000
1"
1C
1d
1E
0D
#1052000
0"
0C
#1053000
1"
1C
1c
0d
0F
1D
0E
0D
#1054000
0"
0C
#1055000
1"
1C
0c
1F
1D
0Z
1X
0Y
07
18
06
0.
1,
0-
1L
#1056000
0"
0C
#1057000
1"
1C
1d
1E
0D
#1058000
0"
0C
#1059000
1"
1C
1c
0d
0F
1D
0E
0D
#1060000
0"
0C
#1061000
1"
1C
0c
1F
1D
1Z
16
1.
0L
1G
#1062000
0"
0C
#1063000
1"
1C
1d
1E
0D
#1064000
0"
0C
#1065000
1"
1C
1c
0d
0F
1D
0E
0D
#1066000
0"
0C
#1067000
1"
1C
0c
1F
1D
0Z
1Y
17
06
0.
1-
1L
#1068000
0"
0C
#1069000
1"
1C
1d
1E
0D
#1070000
0"
0C
#1071000
1"
1C
1c
0d
0F
1D
0E
0D
#1072000
0"
0C
#1073000
1"
1C
0c
1F
1D
1Z
16
1.
0L
1J
0I
0G
#1074000
0"
0C
#1075000
1"
1C
1d
1E
0D
#1076000
0"
0C
#1077000
1"
1C
1c
0d
0F
1D
0E
0D
#1078000
0"
0C
#1079000
1"
1C
0c
1F
1D
0Z
1W
0X
0Y
07
08
19
06
0.
1+
0,
0-
1L
#1080000
0"
0C
#1081000
1"
1C
1d
1E
0D
#1082000
0"
0C
#1083000
1"
1C
1c
0d
0F
1D
0E
0D
#1084000
0"
0C
#1085000
1"
1C
0c
1F
1D
1Z
16
1.
0L
0K
1G
0J
0G
#1086000
0"
0C
#1087000
1"
1C
1d
1E
0D
#1088000
0"
0C
#1089000
1"
1C
1c
0d
0F
1D
0E
0D
#1090000
0"
0C
#1091000
1"
1C
0c
1F
1D
0Z
0W
09
06
0.
0+
1K
1L
0^
1[
0\
0]
0;
0<
1=
0:
0*
1'
0(
0)
1Q
#1092000
0"
0C
#1093000
1"
1C
1d
1E
0D
#1094000
0"
0C
#1095000
1"
1C
1c
0d
0F
1D
0E
0D
#1096000
0"
0C
#1097000
1"
1C
0c
1F
1D
1Z
16
1.
0L
1G
#1098000
0"
0C
#1099000
1"
1C
1d
1E
0D
#1100000
0"
0C
#1101000
1"
1C
1c
0d
0F
1D
0E
0D
#1102000
0"
0C
#1103000
1"
1C
0c
1F
1D
0Z
1Y
17
06
0.
1-
1L
#1104000
0"
0C
#1105000
1"
1C
1d
1E
0D
#1106000
0"
0C
#1107000
1"
1C
1c
0d
0F
1D
0E
0D
#1108000
0"
0C
#1109000
1"
1C
0c
1F
1D
1Z
16
1.
0L
1I
0G
#1110000
0"
0C
#1111000
1"
1C
1d
1E
0D
#1112000
0"
0C
#1113000
1"
1C
1c
0d
0F
1D
0E
0D
#1114000
0"
0C
#1115000
1"
1C
0c
1F
1D
0Z
1X
0Y
07
18
06
0.
1,
0-
1L
#1116000
0"
0C
#1117000
1"
1C
1d
1E
0D
#1118000
0"
0C
#1119000
1"
1C
1c
0d
0F
1D
0E
0D
#1120000
0"
0C
#1121000
1"
1C
0c
1F
1D
1Z
16
1.
0L
1G
#1122000
0"
0C
#1123000
1"
1C
1d
1E
0D
#1124000
0"
0C
#1125000
1"
1C
1c
0d
0F
1D
0E
0D
#1126000
0"
0C
#1127000
1"
1C
0c
1F
1D
0Z
1Y
17
06
0.
1-
1L
#1128000
0"
0C
#1129000
1"
1C
1d
1E
0D
#1130000
0"
0C
#1131000
1"
1C
1c
0d
0F
1D
0E
0D
#1132000
0"
0C
#1133000
1"
1C
0c
1F
1D
1Z
16
1.
0L
1J
0I
0G
#1134000
0"
0C
#1135000
1"
1C
1d
1E
0D
#1136000
0"
0C
#1137000
1"
1C
1c
0d
0F
1D
0E
0D
#1138000
0"
0C
#1139000
1"
1C
0c
1F
1D
0Z
1W
0X
0Y
07
08
19
06
0.
1+
0,
0-
1L
#1140000
0"
0C
#1141000
1"
1C
1d
1E
0D
#1142000
0"
0C
#1143000
1"
1C
1c
0d
0F
1D
0E
0D
#1144000
0"
0C
#1145000
1"
1C
0c
1F
1D
1Z
16
1.
0L
0K
1G
0J
0G
#1146000
0"
0C
#1147000
1"
1C
1d
1E
0D
#1148000
0"
0C
#1149000
1"
1C
1c
0d
0F
1D
0E
0D
#1150000
0"
0C
#1151000
1"
1C
0c
1F
1D
0Z
0W
09
06
0.
0+
1K
1L
1^
1:
1*
0Q
0P
1M
0O
0M
#1152000
0"
0C
#1153000
1"
1C
1d
1E
0D
#1154000
0"
0C
#1155000
1"
1C
1c
0d
0F
1D
0E
0D
#1156000
0"
0C
#1157000
1"
1C
0c
1F
1D
1Z
16
1.
0L
1G
#1158000
0"
0C
#1159000
1"
1C
1d
1E
0D
#1160000
0"
0C
#1161000
1"
1C
1c
0d
0F
1D
0E
0D
#1162000
0"
0C
#1163000
1"
1C
0c
1F
1D
0Z
1Y
17
06
0.
1-
1L
#1164000
0"
0C
#1165000
1"
1C
1d
1E
0D
#1166000
0"
0C
#1167000
1"
1C
1c
0d
0F
1D
0E
0D
#1168000
0"
0C
#1169000
1"
1C
0c
1F
1D
1Z
16
1.
0L
1I
0G
#1170000
0"
0C
#1171000
1"
1C
1d
1E
0D
#1172000
0"
0C
#1173000
1"
1C
1c
0d
0F
1D
0E
0D
#1174000
0"
0C
#1175000
1"
1C
0c
1F
1D
0Z
1X
0Y
07
18
06
0.
1,
0-
1L
#1176000
0"
0C
#1177000
1"
1C
1d
1E
0D
#1178000
0"
0C
#1179000
1"
1C
1c
0d
0F
1D
0E
0D
#1180000
0"
0C
#1181000
1"
1C
0c
1F
1D
1Z
16
1.
0L
1G
#1182000
0"
0C
#1183000
1"
1C
1d
1E
0D
#1184000
0"
0C
#1185000
1"
1C
1c
0d
0F
1D
0E
0D
#1186000
0"
0C
#1187000
1"
1C
0c
1F
1D
0Z
1Y
17
06
0.
1-
1L
#1188000
0"
0C
#1189000
1"
1C
1d
1E
0D
#1190000
0"
0C
#1191000
1"
1C
1c
0d
0F
1D
0E
0D
#1192000
0"
0C
#1193000
1"
1C
0c
1F
1D
1Z
16
1.
0L
1J
0I
0G
#1194000
0"
0C
#1195000
1"
1C
1d
1E
0D
#1196000
0"
0C
#1197000
1"
1C
1c
0d
0F
1D
0E
0D
#1198000
0"
0C
#1199000
1"
1C
0c
1F
1D
0Z
1W
0X
0Y
07
08
19
06
0.
1+
0,
0-
1L
#1200000
0"
0C
#1201000
1"
1C
1d
1E
0D
#1202000
0"
0C
#1203000
1"
1C
1c
0d
0F
1D
0E
0D
#1204000
0"
0C
#1205000
1"
1C
0c
1F
1D
1Z
16
1.
0L
0K
1G
0J
0G
#1206000
0"
0C
#1207000
1"
1C
1d
1E
0D
#1208000
0"
0C
#1209000
1"
1C
1c
0d
0F
1D
0E
0D
#1210000
0"
0C
#1211000
1"
1C
0c
1F
1D
0Z
0W
09
06
0.
0+
1K
1L
0^
0[
0=
0:
0*
0'
1P
1Q
1a
0b
0>
1?
1%
0&
1R
#1212000
0"
0C
#1213000
1"
1C
1d
1E
0D
#1214000
0"
0C
#1215000
1"
1C
1c
0d
0F
1D
0E
0D
#1216000
0"
0C
#1217000
1"
1C
0c
1F
1D
1Z
16
1.
0L
1G
#1218000
0"
0C
#1219000
1"
1C
1d
1E
0D
#1220000
0"
0C
#1221000
1"
1C
1c
0d
0F
1D
0E
0D
#1222000
0"
0C
#1223000
1"
1C
0c
1F
1D
0Z
1Y
17
06
0.
1-
1L
#1224000
0"
0C
#1225000
1"
1C
1d
1E
0D
#1226000
0"
0C
#1227000
1"
1C
1c
0d
0F
1D
0E
0D
#1228000
0"
0C
#1229000
1"
1C
0c
1F
1D
1Z
16
1.
0L
1I
0G
#1230000
0"
0C
#1231000
1"
1C
1d
1E
0D
#1232000
0"
0C
#1233000
1"
1C
1c
0d
0F
1D
0E
0D
#1234000
0"
0C
#1235000
1"
1C
0c
1F
1D
0Z
1X
0Y
07
18
06
0.
1,
0-
1L
#1236000
0"
0C
#1237000
1"
1C
1d
1E
0D
#1238000
0"
0C
#1239000
1"
1C
1c
0d
0F
1D
0E
0D
#1240000
0"
0C
#1241000
1"
1C
0c
1F
1D
1Z
16
1.
0L
1G
#1242000
0"
0C
#1243000
1"
1C
1d
1E
0D
#1244000
0"
0C
#1245000
1"
1C
1c
0d
0F
1D
0E
0D
#1246000
0"
0C
#1247000
1"
1C
0c
1F
1D
0Z
1Y
17
06
0.
1-
1L
#1248000
0"
0C
#1249000
1"
1C
1d
1E
0D
#1250000
0"
0C
#1251000
1"
1C
1c
0d
0F
1D
0E
0D
#1252000
0"
0C
#1253000
1"
1C
0c
1F
1D
1Z
16
1.
0L
1J
0I
0G
#1254000
0"
0C
#1255000
1"
1C
1d
1E
0D
#1256000
0"
0C
#1257000
1"
1C
1c
0d
0F
1D
0E
0D
#1258000
0"
0C
#1259000
1"
1C
0c
1F
1D
0Z
1W
0X
0Y
07
08
19
06
0.
1+
0,
0-
1L
#1260000
0"
0C
#1261000
1"
1C
1d
1E
0D
#1262000
0"
0C
#1263000
1"
1C
1c
0d
0F
1D
0E
0D
#1264000
0"
0C
#1265000
1"
1C
0c
1F
1D
1Z
16
1.
0L
0K
1G
0J
0G
#1266000
0"
0C
#1267000
1"
1C
1d
1E
0D
#1268000
0"
0C
#1269000
1"
1C
1c
0d
0F
1D
0E
0D
#1270000
0"
0C
#1271000
1"
1C
0c
1F
1D
0Z
0W
09
06
0.
0+
1K
1L
1^
1:
1*
0Q
1M
#1272000
0"
0C
#1273000
1"
1C
1d
1E
0D
#1274000
0"
0C
#1275000
1"
1C
1c
0d
0F
1D
0E
0D
#1276000
0"
0C
#1277000
1"
1C
0c
1F
1D
1Z
16
1.
0L
1G
#1278000
0"
0C
#1279000
1"
1C
1d
1E
0D
#1280000
0"
0C
#1281000
1"
1C
1c
0d
0F
1D
0E
0D
#1282000
0"
0C
#1283000
1"
1C
0c
1F
1D
0Z
1Y
17
06
0.
1-
1L
#1284000
0"
0C
#1285000
1"
1C
1d
1E
0D
#1286000
0"
0C
#1287000
1"
1C
1c
0d
0F
1D
0E
0D
#1288000
0"
0C
#1289000
1"
1C
0c
1F
1D
1Z
16
1.
0L
1I
0G
#1290000
0"
0C
#1291000
1"
1C
1d
1E
0D
#1292000
0"
0C
#1293000
1"
1C
1c
0d
0F
1D
0E
0D
#1294000
0"
0C
#1295000
1"
1C
0c
1F
1D
0Z
1X
0Y
07
18
06
0.
1,
0-
1L
#1296000
0"
0C
#1297000
1"
1C
1d
1E
0D
#1298000
0"
0C
#1299000
1"
1C
1c
0d
0F
1D
0E
0D
#1300000
0"
0C
#1301000
1"
1C
0c
1F
1D
1Z
16
1.
0L
1G
#1302000
0"
0C
#1303000
1"
1C
1d
1E
0D
#1304000
0"
0C
#1305000
1"
1C
1c
0d
0F
1D
0E
0D
#1306000
0"
0C
#1307000
1"
1C
0c
1F
1D
0Z
1Y
17
06
0.
1-
1L
#1308000
0"
0C
#1309000
1"
1C
1d
1E
0D
#1310000
0"
0C
#1311000
1"
1C
1c
0d
0F
1D
0E
0D
#1312000
0"
0C
#1313000
1"
1C
0c
1F
1D
1Z
16
1.
0L
1J
0I
0G
#1314000
0"
0C
#1315000
1"
1C
1d
1E
0D
#1316000
0"
0C
#1317000
1"
1C
1c
0d
0F
1D
0E
0D
#1318000
0"
0C
#1319000
1"
1C
0c
1F
1D
0Z
1W
0X
0Y
07
08
19
06
0.
1+
0,
0-
1L
#1320000
0"
0C
#1321000
1"
1C
1d
1E
0D
#1322000
0"
0C
#1323000
1"
1C
1c
0d
0F
1D
0E
0D
#1324000
0"
0C
#1325000
1"
1C
0c
1F
1D
1Z
16
1.
0L
0K
1G
0J
0G
#1326000
0"
0C
#1327000
1"
1C
1d
1E
0D
#1328000
0"
0C
#1329000
1"
1C
1c
0d
0F
1D
0E
0D
#1330000
0"
0C
#1331000
1"
1C
0c
1F
1D
0Z
0W
09
06
0.
0+
1K
1L
0^
1]
1;
0:
0*
1)
1Q
#1332000
0"
0C
#1333000
1"
1C
1d
1E
0D
#1334000
0"
0C
#1335000
1"
1C
1c
0d
0F
1D
0E
0D
#1336000
0"
0C
#1337000
1"
1C
0c
1F
1D
1Z
16
1.
0L
1G
#1338000
0"
0C
#1339000
1"
1C
1d
1E
0D
#1340000
0"
0C
#1341000
1"
1C
1c
0d
0F
1D
0E
0D
#1342000
0"
0C
#1343000
1"
1C
0c
1F
1D
0Z
1Y
17
06
0.
1-
1L
#1344000
0"
0C
#1345000
1"
1C
1d
1E
0D
#1346000
0"
0C
#1347000
1"
1C
1c
0d
0F
1D
0E
0D
#1348000
0"
0C
#1349000
1"
1C
0c
1F
1D
1Z
16
1.
0L
1I
0G
#1350000
0"
0C
#1351000
1"
1C
1d
1E
0D
#1352000
0"
0C
#1353000
1"
1C
1c
0d
0F
1D
0E
0D
#1354000
0"
0C
#1355000
1"
1C
0c
1F
1D
0Z
1X
0Y
07
18
06
0.
1,
0-
1L
#1356000
0"
0C
#1357000
1"
1C
1d
1E
0D
#1358000
0"
0C
#1359000
1"
1C
1c
0d
0F
1D
0E
0D
#1360000
0"
0C
#1361000
1"
1C
0c
1F
1D
1Z
16
1.
0L
1G
#1362000
0"
0C
#1363000
1"
1C
1d
1E
0D
#1364000
0"
0C
#1365000
1"
1C
1c
0d
0F
1D
0E
0D
#1366000
0"
0C
#1367000
1"
1C
0c
1F
1D
0Z
1Y
17
06
0.
1-
1L
#1368000
0"
0C
#1369000
1"
1C
1d
1E
0D
#1370000
0"
0C
#1371000
1"
1C
1c
0d
0F
1D
0E
0D
#1372000
0"
0C
#1373000
1"
1C
0c
1F
1D
1Z
16
1.
0L
1J
0I
0G
#1374000
0"
0C
#1375000
1"
1C
1d
1E
0D
#1376000
0"
0C
#1377000
1"
1C
1c
0d
0F
1D
0E
0D
#1378000
0"
0C
#1379000
1"
1C
0c
1F
1D
0Z
1W
0X
0Y
07
08
19
06
0.
1+
0,
0-
1L
#1380000
0"
0C
#1381000
1"
1C
1d
1E
0D
#1382000
0"
0C
#1383000
1"
1C
1c
0d
0F
1D
0E
0D
#1384000
0"
0C
#1385000
1"
1C
0c
1F
1D
1Z
16
1.
0L
0K
1G
0J
0G
#1386000
0"
0C
#1387000
1"
1C
1d
1E
0D
#1388000
0"
0C
#1389000
1"
1C
1c
0d
0F
1D
0E
0D
#1390000
0"
0C
#1391000
1"
1C
0c
1F
1D
0Z
0W
09
06
0.
0+
1K
1L
1^
1:
1*
0Q
1N
0M
#1392000
0"
0C
#1393000
1"
1C
1d
1E
0D
#1394000
0"
0C
#1395000
1"
1C
1c
0d
0F
1D
0E
0D
#1396000
0"
0C
#1397000
1"
1C
0c
1F
1D
1Z
16
1.
0L
1G
#1398000
0"
0C
#1399000
1"
1C
1d
1E
0D
#1400000
0"
0C
#1401000
1"
1C
1c
0d
0F
1D
0E
0D
#1402000
0"
0C
#1403000
1"
1C
0c
1F
1D
0Z
1Y
17
06
0.
1-
1L
#1404000
0"
0C
#1405000
1"
1C
1d
1E
0D
#1406000
0"
0C
#1407000
1"
1C
1c
0d
0F
1D
0E
0D
#1408000
0"
0C
#1409000
1"
1C
0c
1F
1D
1Z
16
1.
0L
1I
0G
#1410000
0"
0C
#1411000
1"
1C
1d
1E
0D
#1412000
0"
0C
#1413000
1"
1C
1c
0d
0F
1D
0E
0D
#1414000
0"
0C
#1415000
1"
1C
0c
1F
1D
0Z
1X
0Y
07
18
06
0.
1,
0-
1L
#1416000
0"
0C
#1417000
1"
1C
1d
1E
0D
#1418000
0"
0C
#1419000
1"
1C
1c
0d
0F
1D
0E
0D
#1420000
0"
0C
#1421000
1"
1C
0c
1F
1D
1Z
16
1.
0L
1G
#1422000
0"
0C
#1423000
1"
1C
1d
1E
0D
#1424000
0"
0C
#1425000
1"
1C
1c
0d
0F
1D
0E
0D
#1426000
0"
0C
#1427000
1"
1C
0c
1F
1D
0Z
1Y
17
06
0.
1-
1L
#1428000
0"
0C
#1429000
1"
1C
1d
1E
0D
#1430000
0"
0C
#1431000
1"
1C
1c
0d
0F
1D
0E
0D
#1432000
0"
0C
#1433000
1"
1C
0c
1F
1D
1Z
16
1.
0L
1J
0I
0G
#1434000
0"
0C
#1435000
1"
1C
1d
1E
0D
#1436000
0"
0C
#1437000
1"
1C
1c
0d
0F
1D
0E
0D
#1438000
0"
0C
#1439000
1"
1C
0c
1F
1D
0Z
1W
0X
0Y
07
08
19
06
0.
1+
0,
0-
1L
#1440000
0"
0C
#1441000
1"
1C
1d
1E
0D
#1442000
0"
0C
#1443000
1"
1C
1c
0d
0F
1D
0E
0D
#1444000
0"
0C
#1445000
1"
1C
0c
1F
1D
1Z
16
1.
0L
0K
1G
0J
0G
#1446000
0"
0C
#1447000
1"
1C
1d
1E
0D
#1448000
0"
0C
#1449000
1"
1C
1c
0d
0F
1D
0E
0D
#1450000
0"
0C
#1451000
1"
1C
0c
1F
1D
0Z
0W
09
06
0.
0+
1K
1L
0^
1\
0]
0;
1<
0:
0*
1(
0)
1Q
#1452000
0"
0C
#1453000
1"
1C
1d
1E
0D
#1454000
0"
0C
#1455000
1"
1C
1c
0d
0F
1D
0E
0D
#1456000
0"
0C
#1457000
1"
1C
0c
1F
1D
1Z
16
1.
0L
1G
#1458000
0"
0C
#1459000
1"
1C
1d
1E
0D
#1460000
0"
0C
#1461000
1"
1C
1c
0d
0F
1D
0E
0D
#1462000
0"
0C
#1463000
1"
1C
0c
1F
1D
0Z
1Y
17
06
0.
1-
1L
#1464000
0"
0C
#1465000
1"
1C
1d
1E
0D
#1466000
0"
0C
#1467000
1"
1C
1c
0d
0F
1D
0E
0D
#1468000
0"
0C
#1469000
1"
1C
0c
1F
1D
1Z
16
1.
0L
1I
0G
#1470000
0"
0C
#1471000
1"
1C
1d
1E
0D
#1472000
0"
0C
#1473000
1"
1C
1c
0d
0F
1D
0E
0D
#1474000
0"
0C
#1475000
1"
1C
0c
1F
1D
0Z
1X
0Y
07
18
06
0.
1,
0-
1L
#1476000
0"
0C
#1477000
1"
1C
1d
1E
0D
#1478000
0"
0C
#1479000
1"
1C
1c
0d
0F
1D
0E
0D
#1480000
0"
0C
#1481000
1"
1C
0c
1F
1D
1Z
16
1.
0L
1G
#1482000
0"
0C
#1483000
1"
1C
1d
1E
0D
#1484000
0"
0C
#1485000
1"
1C
1c
0d
0F
1D
0E
0D
#1486000
0"
0C
#1487000
1"
1C
0c
1F
1D
0Z
1Y
17
06
0.
1-
1L
#1488000
0"
0C
#1489000
1"
1C
1d
1E
0D
#1490000
0"
0C
#1491000
1"
1C
1c
0d
0F
1D
0E
0D
#1492000
0"
0C
#1493000
1"
1C
0c
1F
1D
1Z
16
1.
0L
1J
0I
0G
#1494000
0"
0C
#1495000
1"
1C
1d
1E
0D
#1496000
0"
0C
#1497000
1"
1C
1c
0d
0F
1D
0E
0D
#1498000
0"
0C
#1499000
1"
1C
0c
1F
1D
0Z
1W
0X
0Y
07
08
19
06
0.
1+
0,
0-
1L
#1500000
0"
0C
#1501000
1"
1C
1d
1E
0D
#1502000
0"
0C
#1503000
1"
1C
1c
0d
0F
1D
0E
0D
#1504000
0"
0C
#1505000
1"
1C
0c
1F
1D
1Z
16
1.
0L
0K
1G
0J
0G
#1506000
0"
0C
#1507000
1"
1C
1d
1E
0D
#1508000
0"
0C
#1509000
1"
1C
1c
0d
0F
1D
0E
0D
#1510000
0"
0C
#1511000
1"
1C
0c
1F
1D
0Z
0W
09
06
0.
0+
1K
1L
1^
1:
1*
0Q
1M
#1512000
0"
0C
#1513000
1"
1C
1d
1E
0D
#1514000
0"
0C
#1515000
1"
1C
1c
0d
0F
1D
0E
0D
#1516000
0"
0C
#1517000
1"
1C
0c
1F
1D
1Z
16
1.
0L
1G
#1518000
0"
0C
#1519000
1"
1C
1d
1E
0D
#1520000
0"
0C
#1521000
1"
1C
1c
0d
0F
1D
0E
0D
#1522000
0"
0C
#1523000
1"
1C
0c
1F
1D
0Z
1Y
17
06
0.
1-
1L
#1524000
0"
0C
#1525000
1"
1C
1d
1E
0D
#1526000
0"
0C
#1527000
1"
1C
1c
0d
0F
1D
0E
0D
#1528000
0"
0C
#1529000
1"
1C
0c
1F
1D
1Z
16
1.
0L
1I
0G
#1530000
0"
0C
#1531000
1"
1C
1d
1E
0D
#1532000
0"
0C
#1533000
1"
1C
1c
0d
0F
1D
0E
0D
#1534000
0"
0C
#1535000
1"
1C
0c
1F
1D
0Z
1X
0Y
07
18
06
0.
1,
0-
1L
#1536000
0"
0C
#1537000
1"
1C
1d
1E
0D
#1538000
0"
0C
#1539000
1"
1C
1c
0d
0F
1D
0E
0D
#1540000
0"
0C
#1541000
1"
1C
0c
1F
1D
1Z
16
1.
0L
1G
#1542000
0"
0C
#1543000
1"
1C
1d
1E
0D
#1544000
0"
0C
#1545000
1"
1C
1c
0d
0F
1D
0E
0D
#1546000
0"
0C
#1547000
1"
1C
0c
1F
1D
0Z
1Y
17
06
0.
1-
1L
#1548000
0"
0C
#1549000
1"
1C
1d
1E
0D
#1550000
0"
0C
#1551000
1"
1C
1c
0d
0F
1D
0E
0D
#1552000
0"
0C
#1553000
1"
1C
0c
1F
1D
1Z
16
1.
0L
1J
0I
0G
#1554000
0"
0C
#1555000
1"
1C
1d
1E
0D
#1556000
0"
0C
#1557000
1"
1C
1c
0d
0F
1D
0E
0D
#1558000
0"
0C
#1559000
1"
1C
0c
1F
1D
0Z
1W
0X
0Y
07
08
19
06
0.
1+
0,
0-
1L
#1560000
0"
0C
#1561000
1"
1C
1d
1E
0D
#1562000
0"
0C
#1563000
1"
1C
1c
0d
0F
1D
0E
0D
#1564000
0"
0C
#1565000
1"
1C
0c
1F
1D
1Z
16
1.
0L
0K
1G
0J
0G
#1566000
0"
0C
#1567000
1"
1C
1d
1E
0D
#1568000
0"
0C
#1569000
1"
1C
1c
0d
0F
1D
0E
0D
#1570000
0"
0C
#1571000
1"
1C
0c
1F
1D
0Z
0W
09
06
0.
0+
1K
1L
0^
1]
1;
0:
0*
1)
1Q
#1572000
0"
0C
#1573000
1"
1C
1d
1E
0D
#1574000
0"
0C
#1575000
1"
1C
1c
0d
0F
1D
0E
0D
#1576000
0"
0C
#1577000
1"
1C
0c
1F
1D
1Z
16
1.
0L
1G
#1578000
0"
0C
#1579000
1"
1C
1d
1E
0D
#1580000
0"
0C
#1581000
1"
1C
1c
0d
0F
1D
0E
0D
#1582000
0"
0C
#1583000
1"
1C
0c
1F
1D
0Z
1Y
17
06
0.
1-
1L
#1584000
0"
0C
#1585000
1"
1C
1d
1E
0D
#1586000
0"
0C
#1587000
1"
1C
1c
0d
0F
1D
0E
0D
#1588000
0"
0C
#1589000
1"
1C
0c
1F
1D
1Z
16
1.
0L
1I
0G
#1590000
0"
0C
#1591000
1"
1C
1d
1E
0D
#1592000
0"
0C
#1593000
1"
1C
1c
0d
0F
1D
0E
0D
#1594000
0"
0C
#1595000
1"
1C
0c
1F
1D
0Z
1X
0Y
07
18
06
0.
1,
0-
1L
#1596000
0"
0C
#1597000
1"
1C
1d
1E
0D
#1598000
0"
0C
#1599000
1"
1C
1c
0d
0F
1D
0E
0D
#1600000
0"
0C
#1601000
1"
1C
0c
1F
1D
1Z
16
1.
0L
1G
#1602000
0"
0C
#1603000
1"
1C
1d
1E
0D
#1604000
0"
0C
#1605000
1"
1C
1c
0d
0F
1D
0E
0D
#1606000
0"
0C
#1607000
1"
1C
0c
1F
1D
0Z
1Y
17
06
0.
1-
1L
#1608000
0"
0C
#1609000
1"
1C
1d
1E
0D
#1610000
0"
0C
#1611000
1"
1C
1c
0d
0F
1D
0E
0D
#1612000
0"
0C
#1613000
1"
1C
0c
1F
1D
1Z
16
1.
0L
1J
0I
0G
#1614000
0"
0C
#1615000
1"
1C
1d
1E
0D
#1616000
0"
0C
#1617000
1"
1C
1c
0d
0F
1D
0E
0D
#1618000
0"
0C
#1619000
1"
1C
0c
1F
1D
0Z
1W
0X
0Y
07
08
19
06
0.
1+
0,
0-
1L
#1620000
0"
0C
#1621000
1"
1C
1d
1E
0D
#1622000
0"
0C
#1623000
1"
1C
1c
0d
0F
1D
0E
0D
#1624000
0"
0C
#1625000
1"
1C
0c
1F
1D
1Z
16
1.
0L
0K
1G
0J
0G
#1626000
0"
0C
#1627000
1"
1C
1d
1E
0D
#1628000
0"
0C
#1629000
1"
1C
1c
0d
0F
1D
0E
0D
#1630000
0"
0C
#1631000
1"
1C
0c
1F
1D
0Z
0W
09
06
0.
0+
1K
1L
1^
1:
1*
0Q
1O
0N
0M
#1632000
0"
0C
#1633000
1"
1C
1d
1E
0D
#1634000
0"
0C
#1635000
1"
1C
1c
0d
0F
1D
0E
0D
#1636000
0"
0C
#1637000
1"
1C
0c
1F
1D
1Z
16
1.
0L
1G
#1638000
0"
0C
#1639000
1"
1C
1d
1E
0D
#1640000
0"
0C
#1641000
1"
1C
1c
0d
0F
1D
0E
0D
#1642000
0"
0C
#1643000
1"
1C
0c
1F
1D
0Z
1Y
17
06
0.
1-
1L
#1644000
0"
0C
#1645000
1"
1C
1d
1E
0D
#1646000
0"
0C
#1647000
1"
1C
1c
0d
0F
1D
0E
0D
#1648000
0"
0C
#1649000
1"
1C
0c
1F
1D
1Z
16
1.
0L
1I
0G
#1650000
0"
0C
#1651000
1"
1C
1d
1E
0D
#1652000
0"
0C
#1653000
1"
1C
1c
0d
0F
1D
0E
0D
#1654000
0"
0C
#1655000
1"
1C
0c
1F
1D
0Z
1X
0Y
07
18
06
0.
1,
0-
1L
#1656000
0"
0C
#1657000
1"
1C
1d
1E
0D
#1658000
0"
0C
#1659000
1"
1C
1c
0d
0F
1D
0E
0D
#1660000
0"
0C
#1661000
1"
1C
0c
1F
1D
1Z
16
1.
0L
1G
#1662000
0"
0C
#1663000
1"
1C
1d
1E
0D
#1664000
0"
0C
#1665000
1"
1C
1c
0d
0F
1D
0E
0D
#1666000
0"
0C
#1667000
1"
1C
0c
1F
1D
0Z
1Y
17
06
0.
1-
1L
#1668000
0"
0C
#1669000
1"
1C
1d
1E
0D
#1670000
0"
0C
#1671000
1"
1C
1c
0d
0F
1D
0E
0D
#1672000
0"
0C
#1673000
1"
1C
0c
1F
1D
1Z
16
1.
0L
1J
0I
0G
#1674000
0"
0C
#1675000
1"
1C
1d
1E
0D
#1676000
0"
0C
#1677000
1"
1C
1c
0d
0F
1D
0E
0D
#1678000
0"
0C
#1679000
1"
1C
0c
1F
1D
0Z
1W
0X
0Y
07
08
19
06
0.
1+
0,
0-
1L
#1680000
0"
0C
#1681000
1"
1C
1d
1E
0D
#1682000
0"
0C
#1683000
1"
1C
1c
0d
0F
1D
0E
0D
#1684000
0"
0C
#1685000
1"
1C
0c
1F
1D
1Z
16
1.
0L
0K
1G
0J
0G
#1686000
0"
0C
#1687000
1"
1C
1d
1E
0D
#1688000
0"
0C
#1689000
1"
1C
1c
0d
0F
1D
0E
0D
#1690000
0"
0C
#1691000
1"
1C
0c
1F
1D
0Z
0W
09
06
0.
0+
1K
1L
0^
1[
0\
0]
0;
0<
1=
0:
0*
1'
0(
0)
1Q
#1692000
0"
0C
#1693000
1"
1C
1d
1E
0D
#1694000
0"
0C
#1695000
1"
1C
1c
0d
0F
1D
0E
0D
#1696000
0"
0C
#1697000
1"
1C
0c
1F
1D
1Z
16
1.
0L
1G
#1698000
0"
0C
#1699000
1"
1C
1d
1E
0D
#1700000
0"
0C
#1701000
1"
1C
1c
0d
0F
1D
0E
0D
#1702000
0"
0C
#1703000
1"
1C
0c
1F
1D
0Z
1Y
17
06
0.
1-
1L
#1704000
0"
0C
#1705000
1"
1C
1d
1E
0D
#1706000
0"
0C
#1707000
1"
1C
1c
0d
0F
1D
0E
0D
#1708000
0"
0C
#1709000
1"
1C
0c
1F
1D
1Z
16
1.
0L
1I
0G
#1710000
0"
0C
#1711000
1"
1C
1d
1E
0D
#1712000
0"
0C
#1713000
1"
1C
1c
0d
0F
1D
0E
0D
#1714000
0"
0C
#1715000
1"
1C
0c
1F
1D
0Z
1X
0Y
07
18
06
0.
1,
0-
1L
#1716000
0"
0C
#1717000
1"
1C
1d
1E
0D
#1718000
0"
0C
#1719000
1"
1C
1c
0d
0F
1D
0E
0D
#1720000
0"
0C
#1721000
1"
1C
0c
1F
1D
1Z
16
1.
0L
1G
#1722000
0"
0C
#1723000
1"
1C
1d
1E
0D
#1724000
0"
0C
#1725000
1"
1C
1c
0d
0F
1D
0E
0D
#1726000
0"
0C
#1727000
1"
1C
0c
1F
1D
0Z
1Y
17
06
0.
1-
1L
#1728000
0"
0C
#1729000
1"
1C
1d
1E
0D
#1730000
0"
0C
#1731000
1"
1C
1c
0d
0F
1D
0E
0D
#1732000
0"
0C
#1733000
1"
1C
0c
1F
1D
1Z
16
1.
0L
1J
0I
0G
#1734000
0"
0C
#1735000
1"
1C
1d
1E
0D
#1736000
0"
0C
#1737000
1"
1C
1c
0d
0F
1D
0E
0D
#1738000
0"
0C
#1739000
1"
1C
0c
1F
1D
0Z
1W
0X
0Y
07
08
19
06
0.
1+
0,
0-
1L
#1740000
0"
0C
#1741000
1"
1C
1d
1E
0D
#1742000
0"
0C
#1743000
1"
1C
1c
0d
0F
1D
0E
0D
#1744000
0"
0C
#1745000
1"
1C
0c
1F
1D
1Z
16
1.
0L
0K
1G
0J
0G
#1746000
0"
0C
#1747000
1"
1C
1d
1E
0D
#1748000
0"
0C
#1749000
1"
1C
1c
0d
0F
1D
0E
0D
#1750000
0"
0C
#1751000
1"
1C
0c
1F
1D
0Z
0W
09
06
0.
0+
1K
1L
1^
1:
1*
0Q
0P
1M
0O
0M
#1752000
0"
0C
#1753000
1"
1C
1d
1E
0D
#1754000
0"
0C
#1755000
1"
1C
1c
0d
0F
1D
0E
0D
#1756000
0"
0C
#1757000
1"
1C
0c
1F
1D
1Z
16
1.
0L
1G
#1758000
0"
0C
#1759000
1"
1C
1d
1E
0D
#1760000
0"
0C
#1761000
1"
1C
1c
0d
0F
1D
0E
0D
#1762000
0"
0C
#1763000
1"
1C
0c
1F
1D
0Z
1Y
17
06
0.
1-
1L
#1764000
0"
0C
#1765000
1"
1C
1d
1E
0D
#1766000
0"
0C
#1767000
1"
1C
1c
0d
0F
1D
0E
0D
#1768000
0"
0C
#1769000
1"
1C
0c
1F
1D
1Z
16
1.
0L
1I
0G
#1770000
0"
0C
#1771000
1"
1C
1d
1E
0D
#1772000
0"
0C
#1773000
1"
1C
1c
0d
0F
1D
0E
0D
#1774000
0"
0C
#1775000
1"
1C
0c
1F
1D
0Z
1X
0Y
07
18
06
0.
1,
0-
1L
#1776000
0"
0C
#1777000
1"
1C
1d
1E
0D
#1778000
0"
0C
#1779000
1"
1C
1c
0d
0F
1D
0E
0D
#1780000
0"
0C
#1781000
1"
1C
0c
1F
1D
1Z
16
1.
0L
1G
#1782000
0"
0C
#1783000
1"
1C
1d
1E
0D
#1784000
0"
0C
#1785000
1"
1C
1c
0d
0F
1D
0E
0D
#1786000
0"
0C
#1787000
1"
1C
0c
1F
1D
0Z
1Y
17
06
0.
1-
1L
#1788000
0"
0C
#1789000
1"
1C
1d
1E
0D
#1790000
0"
0C
#1791000
1"
1C
1c
0d
0F
1D
0E
0D
#1792000
0"
0C
#1793000
1"
1C
0c
1F
1D
1Z
16
1.
0L
1J
0I
0G
#1794000
0"
0C
#1795000
1"
1C
1d
1E
0D
#1796000
0"
0C
#1797000
1"
1C
1c
0d
0F
1D
0E
0D
#1798000
0"
0C
#1799000
1"
1C
0c
1F
1D
0Z
1W
0X
0Y
07
08
19
06
0.
1+
0,
0-
1L
#1800000
0"
0C
#1801000
1"
1C
1d
1E
0D
#1802000
0"
0C
#1803000
1"
1C
1c
0d
0F
1D
0E
0D
#1804000
0"
0C
#1805000
1"
1C
0c
1F
1D
1Z
16
1.
0L
0K
1G
0J
0G
#1806000
0"
0C
#1807000
1"
1C
1d
1E
0D
#1808000
0"
0C
#1809000
1"
1C
1c
0d
0F
1D
0E
0D
#1810000
0"
0C
#1811000
1"
1C
0c
1F
1D
0Z
0W
09
06
0.
0+
1K
1L
0^
0[
0=
0:
0*
0'
1P
1Q
1b
1>
1&
0U
1S
0R
#1812000
0"
0C
#1813000
1"
1C
1d
1E
0D
#1814000
0"
0C
#1815000
1"
1C
1c
0d
0F
1D
0E
0D
#1816000
0"
0C
#1817000
1"
1C
0c
1F
1D
1Z
16
1.
0L
1G
#1818000
0"
0C
#1819000
1"
1C
1d
1E
0D
#1820000
0"
0C
#1821000
1"
1C
1c
0d
0F
1D
0E
0D
#1822000
0"
0C
#1823000
1"
1C
0c
1F
1D
0Z
1Y
17
06
0.
1-
1L
#1824000
0"
0C
#1825000
1"
1C
1d
1E
0D
#1826000
0"
0C
#1827000
1"
1C
1c
0d
0F
1D
0E
0D
#1828000
0"
0C
#1829000
1"
1C
0c
1F
1D
1Z
16
1.
0L
1I
0G
#1830000
0"
0C
#1831000
1"
1C
1d
1E
0D
#1832000
0"
0C
#1833000
1"
1C
1c
0d
0F
1D
0E
0D
#1834000
0"
0C
#1835000
1"
1C
0c
1F
1D
0Z
1X
0Y
07
18
06
0.
1,
0-
1L
#1836000
0"
0C
#1837000
1"
1C
1d
1E
0D
#1838000
0"
0C
#1839000
1"
1C
1c
0d
0F
1D
0E
0D
#1840000
0"
0C
#1841000
1"
1C
0c
1F
1D
1Z
16
1.
0L
1G
#1842000
0"
0C
#1843000
1"
1C
1d
1E
0D
#1844000
0"
0C
#1845000
1"
1C
1c
0d
0F
1D
0E
0D
#1846000
0"
0C
#1847000
1"
1C
0c
1F
1D
0Z
1Y
17
06
0.
1-
1L
#1848000
0"
0C
#1849000
1"
1C
1d
1E
0D
#1850000
0"
0C
#1851000
1"
1C
1c
0d
0F
1D
0E
0D
#1852000
0"
0C
#1853000
1"
1C
0c
1F
1D
1Z
16
1.
0L
1J
0I
0G
#1854000
0"
0C
#1855000
1"
1C
1d
1E
0D
#1856000
0"
0C
#1857000
1"
1C
1c
0d
0F
1D
0E
0D
#1858000
0"
0C
#1859000
1"
1C
0c
1F
1D
0Z
1W
0X
0Y
07
08
19
06
0.
1+
0,
0-
1L
#1860000
0"
0C
#1861000
1"
1C
1d
1E
0D
#1862000
0"
0C
#1863000
1"
1C
1c
0d
0F
1D
0E
0D
#1864000
0"
0C
#1865000
1"
1C
0c
1F
1D
1Z
16
1.
0L
0K
1G
0J
0G
#1866000
0"
0C
#1867000
1"
1C
1d
1E
0D
#1868000
0"
0C
#1869000
1"
1C
1c
0d
0F
1D
0E
0D
#1870000
0"
0C
#1871000
1"
1C
0c
1F
1D
0Z
0W
09
06
0.
0+
1K
1L
1^
1:
1*
0Q
1M
#1872000
0"
0C
#1873000
1"
1C
1d
1E
0D
#1874000
0"
0C
#1875000
1"
1C
1c
0d
0F
1D
0E
0D
#1876000
0"
0C
#1877000
1"
1C
0c
1F
1D
1Z
16
1.
0L
1G
#1878000
0"
0C
#1879000
1"
1C
1d
1E
0D
#1880000
0"
0C
#1881000
1"
1C
1c
0d
0F
1D
0E
0D
#1882000
0"
0C
#1883000
1"
1C
0c
1F
1D
0Z
1Y
17
06
0.
1-
1L
#1884000
0"
0C
#1885000
1"
1C
1d
1E
0D
#1886000
0"
0C
#1887000
1"
1C
1c
0d
0F
1D
0E
0D
#1888000
0"
0C
#1889000
1"
1C
0c
1F
1D
1Z
16
1.
0L
1I
0G
#1890000
0"
0C
#1891000
1"
1C
1d
1E
0D
#1892000
0"
0C
#1893000
1"
1C
1c
0d
0F
1D
0E
0D
#1894000
0"
0C
#1895000
1"
1C
0c
1F
1D
0Z
1X
0Y
07
18
06
0.
1,
0-
1L
#1896000
0"
0C
#1897000
1"
1C
1d
1E
0D
#1898000
0"
0C
#1899000
1"
1C
1c
0d
0F
1D
0E
0D
#1900000
0"
0C
#1901000
1"
1C
0c
1F
1D
1Z
16
1.
0L
1G
#1902000
0"
0C
#1903000
1"
1C
1d
1E
0D
#1904000
0"
0C
#1905000
1"
1C
1c
0d
0F
1D
0E
0D
#1906000
0"
0C
#1907000
1"
1C
0c
1F
1D
0Z
1Y
17
06
0.
1-
1L
#1908000
0"
0C
#1909000
1"
1C
1d
1E
0D
#1910000
0"
0C
#1911000
1"
1C
1c
0d
0F
1D
0E
0D
#1912000
0"
0C
#1913000
1"
1C
0c
1F
1D
1Z
16
1.
0L
1J
0I
0G
#1914000
0"
0C
#1915000
1"
1C
1d
1E
0D
#1916000
0"
0C
#1917000
1"
1C
1c
0d
0F
1D
0E
0D
#1918000
0"
0C
#1919000
1"
1C
0c
1F
1D
0Z
1W
0X
0Y
07
08
19
06
0.
1+
0,
0-
1L
#1920000
0"
0C
#1921000
1"
1C
1d
1E
0D
#1922000
0"
0C
#1923000
1"
1C
1c
0d
0F
1D
0E
0D
#1924000
0"
0C
#1925000
1"
1C
0c
1F
1D
1Z
16
1.
0L
0K
1G
0J
0G
#1926000
0"
0C
#1927000
1"
1C
1d
1E
0D
#1928000
0"
0C
#1929000
1"
1C
1c
0d
0F
1D
0E
0D
#1930000
0"
0C
#1931000
1"
1C
0c
1F
1D
0Z
0W
09
06
0.
0+
1K
1L
0^
1]
1;
0:
0*
1)
1Q
#1932000
0"
0C
#1933000
1"
1C
1d
1E
0D
#1934000
0"
0C
#1935000
1"
1C
1c
0d
0F
1D
0E
0D
#1936000
0"
0C
#1937000
1"
1C
0c
1F
1D
1Z
16
1.
0L
1G
#1938000
0"
0C
#1939000
1"
1C
1d
1E
0D
#1940000
0"
0C
#1941000
1"
1C
1c
0d
0F
1D
0E
0D
#1942000
0"
0C
#1943000
1"
1C
0c
1F
1D
0Z
1Y
17
06
0.
1-
1L
#1944000
0"
0C
#1945000
1"
1C
1d
1E
0D
#1946000
0"
0C
#1947000
1"
1C
1c
0d
0F
1D
0E
0D
#1948000
0"
0C
#1949000
1"
1C
0c
1F
1D
1Z
16
1.
0L
1I
0G
#1950000
0"
0C
#1951000
1"
1C
1d
1E
0D
#1952000
0"
0C
#1953000
1"
1C
1c
0d
0F
1D
0E
0D
#1954000
0"
0C
#1955000
1"
1C
0c
1F
1D
0Z
1X
0Y
07
18
06
0.
1,
0-
1L
#1956000
0"
0C
#1957000
1"
1C
1d
1E
0D
#1958000
0"
0C
#1959000
1"
1C
1c
0d
0F
1D
0E
0D
#1960000
0"
0C
#1961000
1"
1C
0c
1F
1D
1Z
16
1.
0L
1G
#1962000
0"
0C
#1963000
1"
1C
1d
1E
0D
#1964000
0"
0C
#1965000
1"
1C
1c
0d
0F
1D
0E
0D
#1966000
0"
0C
#1967000
1"
1C
0c
1F
1D
0Z
1Y
17
06
0.
1-
1L
#1968000
0"
0C
#1969000
1"
1C
1d
1E
0D
#1970000
0"
0C
#1971000
1"
1C
1c
0d
0F
1D
0E
0D
#1972000
0"
0C
#1973000
1"
1C
0c
1F
1D
1Z
16
1.
0L
1J
0I
0G
#1974000
0"
0C
#1975000
1"
1C
1d
1E
0D
#1976000
0"
0C
#1977000
1"
1C
1c
0d
0F
1D
0E
0D
#1978000
0"
0C
#1979000
1"
1C
0c
1F
1D
0Z
1W
0X
0Y
07
08
19
06
0.
1+
0,
0-
1L
#1980000
0"
0C
#1981000
1"
1C
1d
1E
0D
#1982000
0"
0C
#1983000
1"
1C
1c
0d
0F
1D
0E
0D
#1984000
0"
0C
#1985000
1"
1C
0c
1F
1D
1Z
16
1.
0L
0K
1G
0J
0G
#1986000
0"
0C
#1987000
1"
1C
1d
1E
0D
#1988000
0"
0C
#1989000
1"
1C
1c
0d
0F
1D
0E
0D
#1990000
0"
0C
#1991000
1"
1C
0c
1F
1D
0Z
0W
09
06
0.
0+
1K
1L
1^
1:
1*
0Q
1N
0M
#1992000
0"
0C
#1993000
1"
1C
1d
1E
0D
#1994000
0"
0C
#1995000
1"
1C
1c
0d
0F
1D
0E
0D
#1996000
0"
0C
#1997000
1"
1C
0c
1F
1D
1Z
16
1.
0L
1G
#1998000
0"
0C
#1999000
1"
1C
1d
1E
0D
#2000000
0"
0C
#2001000
1"
1C
1c
0d
0F
1D
0E
0D
#2002000
0"
0C
#2003000
1"
1C
0c
1F
1D
0Z
1Y
17
06
0.
1-
1L
#2004000
0"
0C
#2005000
1"
1C
1d
1E
0D
#2006000
0"
0C
#2007000
1"
1C
1c
0d
0F
1D
0E
0D
#2008000
0"
0C
#2009000
1"
1C
0c
1F
1D
1Z
16
1.
0L
1I
0G
#2010000
0"
0C
#2011000
1"
1C
1d
1E
0D
#2012000
0"
0C
#2013000
1"
1C
1c
0d
0F
1D
0E
0D
#2014000
0"
0C
#2015000
1"
1C
0c
1F
1D
0Z
1X
0Y
07
18
06
0.
1,
0-
1L
#2016000
0"
0C
#2017000
1"
1C
1d
1E
0D
#2018000
0"
0C
#2019000
1"
1C
1c
0d
0F
1D
0E
0D
#2020000
0"
0C
#2021000
1"
1C
0c
1F
1D
1Z
16
1.
0L
1G
#2022000
0"
0C
#2023000
1"
1C
1d
1E
0D
#2024000
0"
0C
#2025000
1"
1C
1c
0d
0F
1D
0E
0D
#2026000
0"
0C
#2027000
1"
1C
0c
1F
1D
0Z
1Y
17
06
0.
1-
1L
#2028000
0"
0C
#2029000
1"
1C
1d
1E
0D
#2030000
0"
0C
#2031000
1"
1C
1c
0d
0F
1D
0E
0D
#2032000
0"
0C
#2033000
1"
1C
0c
1F
1D
1Z
16
1.
0L
1J
0I
0G
#2034000
0"
0C
#2035000
1"
1C
1d
1E
0D
#2036000
0"
0C
#2037000
1"
1C
1c
0d
0F
1D
0E
0D
#2038000
0"
0C
#2039000
1"
1C
0c
1F
1D
0Z
1W
0X
0Y
07
08
19
06
0.
1+
0,
0-
1L
#2040000
0"
0C
#2041000
1"
1C
1d
1E
0D
#2042000
0"
0C
#2043000
1"
1C
1c
0d
0F
1D
0E
0D
#2044000
0"
0C
#2045000
1"
1C
0c
1F
1D
1Z
16
1.
0L
0K
1G
0J
0G
#2046000
0"
0C
#2047000
1"
1C
1d
1E
0D
#2048000
0"
0C
#2049000
1"
1C
1c
0d
0F
1D
0E
0D
#2050000
0"
0C
#2051000
1"
1C
0c
1F
1D
0Z
0W
09
06
0.
0+
1K
1L
0^
1\
0]
0;
1<
0:
0*
1(
0)
1Q
#2052000
0"
0C
#2053000
1"
1C
1d
1E
0D
#2054000
0"
0C
#2055000
1"
1C
1c
0d
0F
1D
0E
0D
#2056000
0"
0C
#2057000
1"
1C
0c
1F
1D
1Z
16
1.
0L
1G
#2058000
0"
0C
#2059000
1"
1C
1d
1E
0D
#2060000
0"
0C
#2061000
1"
1C
1c
0d
0F
1D
0E
0D
#2062000
0"
0C
#2063000
1"
1C
0c
1F
1D
0Z
1Y
17
06
0.
1-
1L
#2064000
0"
0C
#2065000
1"
1C
1d
1E
0D
#2066000
0"
0C
#2067000
1"
1C
1c
0d
0F
1D
0E
0D
#2068000
0"
0C
#2069000
1"
1C
0c
1F
1D
1Z
16
1.
0L
1I
0G
#2070000
0"
0C
#2071000
1"
1C
1d
1E
0D
#2072000
0"
0C
#2073000
1"
1C
1c
0d
0F
1D
0E
0D
#2074000
0"
0C
#2075000
1"
1C
0c
1F
1D
0Z
1X
0Y
07
18
06
0.
1,
0-
1L
#2076000
0"
0C
#2077000
1"
1C
1d
1E
0D
#2078000
0"
0C
#2079000
1"
1C
1c
0d
0F
1D
0E
0D
#2080000
0"
0C
#2081000
1"
1C
0c
1F
1D
1Z
16
1.
0L
1G
#2082000
0"
0C
#2083000
1"
1C
1d
1E
0D
#2084000
0"
0C
#2085000
1"
1C
1c
0d
0F
1D
0E
0D
#2086000
0"
0C
#2087000
1"
1C
0c
1F
1D
0Z
1Y
17
06
0.
1-
1L
#2088000
0"
0C
#2089000
1"
1C
1d
1E
0D
#2090000
0"
0C
#2091000
1"
1C
1c
0d
0F
1D
0E
0D
#2092000
0"
0C
#2093000
1"
1C
0c
1F
1D
1Z
16
1.
0L
1J
0I
0G
#2094000
0"
0C
#2095000
1"
1C
1d
1E
0D
#2096000
0"
0C
#2097000
1"
1C
1c
0d
0F
1D
0E
0D
#2098000
0"
0C
#2099000
1"
1C
0c
1F
1D
0Z
1W
0X
0Y
07
08
19
06
0.
1+
0,
0-
1L
#2100000
0"
0C
#2101000
1"
1C
1d
1E
0D
#2102000
0"
0C
#2103000
1"
1C
1c
0d
0F
1D
0E
0D
#2104000
0"
0C
#2105000
1"
1C
0c
1F
1D
1Z
16
1.
0L
0K
1G
0J
0G
#2106000
0"
0C
#2107000
1"
1C
1d
1E
0D
#2108000
0"
0C
#2109000
1"
1C
1c
0d
0F
1D
0E
0D
#2110000
0"
0C
#2111000
1"
1C
0c
1F
1D
0Z
0W
09
06
0.
0+
1K
1L
1^
1:
1*
0Q
1M
#2112000
0"
0C
#2113000
1"
1C
1d
1E
0D
#2114000
0"
0C
#2115000
1"
1C
1c
0d
0F
1D
0E
0D
#2116000
0"
0C
#2117000
1"
1C
0c
1F
1D
1Z
16
1.
0L
1G
#2118000
0"
0C
#2119000
1"
1C
1d
1E
0D
#2120000
0"
0C
#2121000
1"
1C
1c
0d
0F
1D
0E
0D
#2122000
0"
0C
#2123000
1"
1C
0c
1F
1D
0Z
1Y
17
06
0.
1-
1L
#2124000
0"
0C
#2125000
1"
1C
1d
1E
0D
#2126000
0"
0C
#2127000
1"
1C
1c
0d
0F
1D
0E
0D
#2128000
0"
0C
#2129000
1"
1C
0c
1F
1D
1Z
16
1.
0L
1I
0G
#2130000
0"
0C
#2131000
1"
1C
1d
1E
0D
#2132000
0"
0C
#2133000
1"
1C
1c
0d
0F
1D
0E
0D
#2134000
0"
0C
#2135000
1"
1C
0c
1F
1D
0Z
1X
0Y
07
18
06
0.
1,
0-
1L
#2136000
0"
0C
#2137000
1"
1C
1d
1E
0D
#2138000
0"
0C
#2139000
1"
1C
1c
0d
0F
1D
0E
0D
#2140000
0"
0C
#2141000
1"
1C
0c
1F
1D
1Z
16
1.
0L
1G
#2142000
0"
0C
#2143000
1"
1C
1d
1E
0D
#2144000
0"
0C
#2145000
1"
1C
1c
0d
0F
1D
0E
0D
#2146000
0"
0C
#2147000
1"
1C
0c
1F
1D
0Z
1Y
17
06
0.
1-
1L
#2148000
0"
0C
#2149000
1"
1C
1d
1E
0D
#2150000
0"
0C
#2151000
1"
1C
1c
0d
0F
1D
0E
0D
#2152000
0"
0C
#2153000
1"
1C
0c
1F
1D
1Z
16
1.
0L
1J
0I
0G
#2154000
0"
0C
#2155000
1"
1C
1d
1E
0D
#2156000
0"
0C
#2157000
1"
1C
1c
0d
0F
1D
0E
0D
#2158000
0"
0C
#2159000
1"
1C
0c
1F
1D
0Z
1W
0X
0Y
07
08
19
06
0.
1+
0,
0-
1L
#2160000
0"
0C
#2161000
1"
1C
1d
1E
0D
#2162000
0"
0C
#2163000
1"
1C
1c
0d
0F
1D
0E
0D
#2164000
0"
0C
#2165000
1"
1C
0c
1F
1D
1Z
16
1.
0L
0K
1G
0J
0G
#2166000
0"
0C
#2167000
1"
1C
1d
1E
0D
#2168000
0"
0C
#2169000
1"
1C
1c
0d
0F
1D
0E
0D
#2170000
0"
0C
#2171000
1"
1C
0c
1F
1D
0Z
0W
09
06
0.
0+
1K
1L
0^
1]
1;
0:
0*
1)
1Q
#2172000
0"
0C
#2173000
1"
1C
1d
1E
0D
#2174000
0"
0C
#2175000
1"
1C
1c
0d
0F
1D
0E
0D
#2176000
0"
0C
#2177000
1"
1C
0c
1F
1D
1Z
16
1.
0L
1G
#2178000
0"
0C
#2179000
1"
1C
1d
1E
0D
#2180000
0"
0C
#2181000
1"
1C
1c
0d
0F
1D
0E
0D
#2182000
0"
0C
#2183000
1"
1C
0c
1F
1D
0Z
1Y
17
06
0.
1-
1L
#2184000
0"
0C
#2185000
1"
1C
1d
1E
0D
#2186000
0"
0C
#2187000
1"
1C
1c
0d
0F
1D
0E
0D
#2188000
0"
0C
#2189000
1"
1C
0c
1F
1D
1Z
16
1.
0L
1I
0G
#2190000
0"
0C
#2191000
1"
1C
1d
1E
0D
#2192000
0"
0C
#2193000
1"
1C
1c
0d
0F
1D
0E
0D
#2194000
0"
0C
#2195000
1"
1C
0c
1F
1D
0Z
1X
0Y
07
18
06
0.
1,
0-
1L
#2196000
0"
0C
#2197000
1"
1C
1d
1E
0D
#2198000
0"
0C
#2199000
1"
1C
1c
0d
0F
1D
0E
0D
#2200000
0"
0C
#2201000
1"
1C
0c
1F
1D
1Z
16
1.
0L
1G
#2202000
0"
0C
#2203000
1"
1C
1d
1E
0D
#2204000
0"
0C
#2205000
1"
1C
1c
0d
0F
1D
0E
0D
#2206000
0"
0C
#2207000
1"
1C
0c
1F
1D
0Z
1Y
17
06
0.
1-
1L
#2208000
0"
0C
#2209000
1"
1C
1d
1E
0D
#2210000
0"
0C
#2211000
1"
1C
1c
0d
0F
1D
0E
0D
#2212000
0"
0C
#2213000
1"
1C
0c
1F
1D
1Z
16
1.
0L
1J
0I
0G
#2214000
0"
0C
#2215000
1"
1C
1d
1E
0D
#2216000
0"
0C
#2217000
1"
1C
1c
0d
0F
1D
0E
0D
#2218000
0"
0C
#2219000
1"
1C
0c
1F
1D
0Z
1W
0X
0Y
07
08
19
06
0.
1+
0,
0-
1L
#2220000
0"
0C
#2221000
1"
1C
1d
1E
0D
#2222000
0"
0C
#2223000
1"
1C
1c
0d
0F
1D
0E
0D
#2224000
0"
0C
#2225000
1"
1C
0c
1F
1D
1Z
16
1.
0L
0K
1G
0J
0G
#2226000
0"
0C
#2227000
1"
1C
1d
1E
0D
#2228000
0"
0C
#2229000
1"
1C
1c
0d
0F
1D
0E
0D
#2230000
0"
0C
#2231000
1"
1C
0c
1F
1D
0Z
0W
09
06
0.
0+
1K
1L
1^
1:
1*
0Q
1O
0N
0M
#2232000
0"
0C
#2233000
1"
1C
1d
1E
0D
#2234000
0"
0C
#2235000
1"
1C
1c
0d
0F
1D
0E
0D
#2236000
0"
0C
#2237000
1"
1C
0c
1F
1D
1Z
16
1.
0L
1G
#2238000
0"
0C
#2239000
1"
1C
1d
1E
0D
#2240000
0"
0C
#2241000
1"
1C
1c
0d
0F
1D
0E
0D
#2242000
0"
0C
#2243000
1"
1C
0c
1F
1D
0Z
1Y
17
06
0.
1-
1L
#2244000
0"
0C
#2245000
1"
1C
1d
1E
0D
#2246000
0"
0C
#2247000
1"
1C
1c
0d
0F
1D
0E
0D
#2248000
0"
0C
#2249000
1"
1C
0c
1F
1D
1Z
16
1.
0L
1I
0G
#2250000
0"
0C
#2251000
1"
1C
1d
1E
0D
#2252000
0"
0C
#2253000
1"
1C
1c
0d
0F
1D
0E
0D
#2254000
0"
0C
#2255000
1"
1C
0c
1F
1D
0Z
1X
0Y
07
18
06
0.
1,
0-
1L
#2256000
0"
0C
#2257000
1"
1C
1d
1E
0D
#2258000
0"
0C
#2259000
1"
1C
1c
0d
0F
1D
0E
0D
#2260000
0"
0C
#2261000
1"
1C
0c
1F
1D
1Z
16
1.
0L
1G
#2262000
0"
0C
#2263000
1"
1C
1d
1E
0D
#2264000
0"
0C
#2265000
1"
1C
1c
0d
0F
1D
0E
0D
#2266000
0"
0C
#2267000
1"
1C
0c
1F
1D
0Z
1Y
17
06
0.
1-
1L
#2268000
0"
0C
#2269000
1"
1C
1d
1E
0D
#2270000
0"
0C
#2271000
1"
1C
1c
0d
0F
1D
0E
0D
#2272000
0"
0C
#2273000
1"
1C
0c
1F
1D
1Z
16
1.
0L
1J
0I
0G
#2274000
0"
0C
#2275000
1"
1C
1d
1E
0D
#2276000
0"
0C
#2277000
1"
1C
1c
0d
0F
1D
0E
0D
#2278000
0"
0C
#2279000
1"
1C
0c
1F
1D
0Z
1W
0X
0Y
07
08
19
06
0.
1+
0,
0-
1L
#2280000
0"
0C
#2281000
1"
1C
1d
1E
0D
#2282000
0"
0C
#2283000
1"
1C
1c
0d
0F
1D
0E
0D
#2284000
0"
0C
#2285000
1"
1C
0c
1F
1D
1Z
16
1.
0L
0K
1G
0J
0G
#2286000
0"
0C
#2287000
1"
1C
1d
1E
0D
#2288000
0"
0C
#2289000
1"
1C
1c
0d
0F
1D
0E
0D
#2290000
0"
0C
#2291000
1"
1C
0c
1F
1D
0Z
0W
09
06
0.
0+
1K
1L
0^
1[
0\
0]
0;
0<
1=
0:
0*
1'
0(
0)
1Q
#2292000
0"
0C
#2293000
1"
1C
1d
1E
0D
#2294000
0"
0C
#2295000
1"
1C
1c
0d
0F
1D
0E
0D
#2296000
0"
0C
#2297000
1"
1C
0c
1F
1D
1Z
16
1.
0L
1G
#2298000
0"
0C
#2299000
1"
1C
1d
1E
0D
#2300000
0"
0C
#2301000
1"
1C
1c
0d
0F
1D
0E
0D
#2302000
0"
0C
#2303000
1"
1C
0c
1F
1D
0Z
1Y
17
06
0.
1-
1L
#2304000
0"
0C
#2305000
1"
1C
1d
1E
0D
#2306000
0"
0C
#2307000
1"
1C
1c
0d
0F
1D
0E
0D
#2308000
0"
0C
#2309000
1"
1C
0c
1F
1D
1Z
16
1.
0L
1I
0G
#2310000
0"
0C
#2311000
1"
1C
1d
1E
0D
#2312000
0"
0C
#2313000
1"
1C
1c
0d
0F
1D
0E
0D
#2314000
0"
0C
#2315000
1"
1C
0c
1F
1D
0Z
1X
0Y
07
18
06
0.
1,
0-
1L
#2316000
0"
0C
#2317000
1"
1C
1d
1E
0D
#2318000
0"
0C
#2319000
1"
1C
1c
0d
0F
1D
0E
0D
#2320000
0"
0C
#2321000
1"
1C
0c
1F
1D
1Z
16
1.
0L
1G
#2322000
0"
0C
#2323000
1"
1C
1d
1E
0D
#2324000
0"
0C
#2325000
1"
1C
1c
0d
0F
1D
0E
0D
#2326000
0"
0C
#2327000
1"
1C
0c
1F
1D
0Z
1Y
17
06
0.
1-
1L
#2328000
0"
0C
#2329000
1"
1C
1d
1E
0D
#2330000
0"
0C
#2331000
1"
1C
1c
0d
0F
1D
0E
0D
#2332000
0"
0C
#2333000
1"
1C
0c
1F
1D
1Z
16
1.
0L
1J
0I
0G
#2334000
0"
0C
#2335000
1"
1C
1d
1E
0D
#2336000
0"
0C
#2337000
1"
1C
1c
0d
0F
1D
0E
0D
#2338000
0"
0C
#2339000
1"
1C
0c
1F
1D
0Z
1W
0X
0Y
07
08
19
06
0.
1+
0,
0-
1L
#2340000
0"
0C
#2341000
1"
1C
1d
1E
0D
#2342000
0"
0C
#2343000
1"
1C
1c
0d
0F
1D
0E
0D
#2344000
0"
0C
#2345000
1"
1C
0c
1F
1D
1Z
16
1.
0L
0K
1G
0J
0G
#2346000
0"
0C
#2347000
1"
1C
1d
1E
0D
#2348000
0"
0C
#2349000
1"
1C
1c
0d
0F
1D
0E
0D
#2350000
0"
0C
#2351000
1"
1C
0c
1F
1D
0Z
0W
09
06
0.
0+
1K
1L
1^
1:
1*
0Q
0P
1M
0O
0M
#2352000
0"
0C
#2353000
1"
1C
1d
1E
0D
#2354000
0"
0C
#2355000
1"
1C
1c
0d
0F
1D
0E
0D
#2356000
0"
0C
#2357000
1"
1C
0c
1F
1D
1Z
16
1.
0L
1G
#2358000
0"
0C
#2359000
1"
1C
1d
1E
0D
#2360000
0"
0C
#2361000
1"
1C
1c
0d
0F
1D
0E
0D
#2362000
0"
0C
#2363000
1"
1C
0c
1F
1D
0Z
1Y
17
06
0.
1-
1L
#2364000
0"
0C
#2365000
1"
1C
1d
1E
0D
#2366000
0"
0C
#2367000
1"
1C
1c
0d
0F
1D
0E
0D
#2368000
0"
0C
#2369000
1"
1C
0c
1F
1D
1Z
16
1.
0L
1I
0G
#2370000
0"
0C
#2371000
1"
1C
1d
1E
0D
#2372000
0"
0C
#2373000
1"
1C
1c
0d
0F
1D
0E
0D
#2374000
0"
0C
#2375000
1"
1C
0c
1F
1D
0Z
1X
0Y
07
18
06
0.
1,
0-
1L
#2376000
0"
0C
#2377000
1"
1C
1d
1E
0D
#2378000
0"
0C
#2379000
1"
1C
1c
0d
0F
1D
0E
0D
#2380000
0"
0C
#2381000
1"
1C
0c
1F
1D
1Z
16
1.
0L
1G
#2382000
0"
0C
#2383000
1"
1C
1d
1E
0D
#2384000
0"
0C
#2385000
1"
1C
1c
0d
0F
1D
0E
0D
#2386000
0"
0C
#2387000
1"
1C
0c
1F
1D
0Z
1Y
17
06
0.
1-
1L
#2388000
0"
0C
#2389000
1"
1C
1d
1E
0D
#2390000
0"
0C
#2391000
1"
1C
1c
0d
0F
1D
0E
0D
#2392000
0"
0C
#2393000
1"
1C
0c
1F
1D
1Z
16
1.
0L
1J
0I
0G
#2394000
0"
0C
#2395000
1"
1C
1d
1E
0D
#2396000
0"
0C
#2397000
1"
1C
1c
0d
0F
1D
0E
0D
#2398000
0"
0C
#2399000
1"
1C
0c
1F
1D
0Z
1W
0X
0Y
07
08
19
06
0.
1+
0,
0-
1L
#2400000
0"
0C
#2401000
1"
1C
1d
1E
0D
#2402000
0"
0C
#2403000
1"
1C
1c
0d
0F
1D
0E
0D
#2404000
0"
0C
#2405000
1"
1C
0c
1F
1D
1Z
16
1.
0L
0K
1G
0J
0G
#2406000
0"
0C
#2407000
1"
1C
1d
1E
0D
#2408000
0"
0C
#2409000
1"
1C
1c
0d
0F
1D
0E
0D
#2410000
0"
0C
#2411000
1"
1C
0c
1F
1D
0Z
0W
09
06
0.
0+
1K
1L
0^
0[
0=
0:
0*
0'
1P
1Q
0a
1`
0b
0>
1@
0?
0%
1$
0&
1R
#2412000
0"
0C
#2413000
1"
1C
1d
1E
0D
#2414000
0"
0C
#2415000
1"
1C
1c
0d
0F
1D
0E
0D
#2416000
0"
0C
#2417000
1"
1C
0c
1F
1D
1Z
16
1.
0L
1G
#2418000
0"
0C
#2419000
1"
1C
1d
1E
0D
#2420000
0"
0C
#2421000
1"
1C
1c
0d
0F
1D
0E
0D
#2422000
0"
0C
#2423000
1"
1C
0c
1F
1D
0Z
1Y
17
06
0.
1-
1L
#2424000
0"
0C
#2425000
1"
1C
1d
1E
0D
#2426000
0"
0C
#2427000
1"
1C
1c
0d
0F
1D
0E
0D
#2428000
0"
0C
#2429000
1"
1C
0c
1F
1D
1Z
16
1.
0L
1I
0G
#2430000
0"
0C
#2431000
1"
1C
1d
1E
0D
#2432000
0"
0C
#2433000
1"
1C
1c
0d
0F
1D
0E
0D
#2434000
0"
0C
#2435000
1"
1C
0c
1F
1D
0Z
1X
0Y
07
18
06
0.
1,
0-
1L
#2436000
0"
0C
#2437000
1"
1C
1d
1E
0D
#2438000
0"
0C
#2439000
1"
1C
1c
0d
0F
1D
0E
0D
#2440000
0"
0C
#2441000
1"
1C
0c
1F
1D
1Z
16
1.
0L
1G
#2442000
0"
0C
#2443000
1"
1C
1d
1E
0D
#2444000
0"
0C
#2445000
1"
1C
1c
0d
0F
1D
0E
0D
#2446000
0"
0C
#2447000
1"
1C
0c
1F
1D
0Z
1Y
17
06
0.
1-
1L
#2448000
0"
0C
#2449000
1"
1C
1d
1E
0D
#2450000
0"
0C
#2451000
1"
1C
1c
0d
0F
1D
0E
0D
#2452000
0"
0C
#2453000
1"
1C
0c
1F
1D
1Z
16
1.
0L
1J
0I
0G
#2454000
0"
0C
#2455000
1"
1C
1d
1E
0D
#2456000
0"
0C
#2457000
1"
1C
1c
0d
0F
1D
0E
0D
#2458000
0"
0C
#2459000
1"
1C
0c
1F
1D
0Z
1W
0X
0Y
07
08
19
06
0.
1+
0,
0-
1L
#2460000
0"
0C
#2461000
1"
1C
1d
1E
0D
#2462000
0"
0C
#2463000
1"
1C
1c
0d
0F
1D
0E
0D
#2464000
0"
0C
#2465000
1"
1C
0c
1F
1D
1Z
16
1.
0L
0K
1G
0J
0G
#2466000
0"
0C
#2467000
1"
1C
1d
1E
0D
#2468000
0"
0C
#2469000
1"
1C
1c
0d
0F
1D
0E
0D
#2470000
0"
0C
#2471000
1"
1C
0c
1F
1D
0Z
0W
09
06
0.
0+
1K
1L
1^
1:
1*
0Q
1M
#2472000
0"
0C
#2473000
1"
1C
1d
1E
0D
#2474000
0"
0C
#2475000
1"
1C
1c
0d
0F
1D
0E
0D
#2476000
0"
0C
#2477000
1"
1C
0c
1F
1D
1Z
16
1.
0L
1G
#2478000
0"
0C
#2479000
1"
1C
1d
1E
0D
#2480000
0"
0C
#2481000
1"
1C
1c
0d
0F
1D
0E
0D
#2482000
0"
0C
#2483000
1"
1C
0c
1F
1D
0Z
1Y
17
06
0.
1-
1L
#2484000
0"
0C
#2485000
1"
1C
1d
1E
0D
#2486000
0"
0C
#2487000
1"
1C
1c
0d
0F
1D
0E
0D
#2488000
0"
0C
#2489000
1"
1C
0c
1F
1D
1Z
16
1.
0L
1I
0G
#2490000
0"
0C
#2491000
1"
1C
1d
1E
0D
#2492000
0"
0C
#2493000
1"
1C
1c
0d
0F
1D
0E
0D
#2494000
0"
0C
#2495000
1"
1C
0c
1F
1D
0Z
1X
0Y
07
18
06
0.
1,
0-
1L
#2496000
0"
0C
#2497000
1"
1C
1d
1E
0D
#2498000
0"
0C
#2499000
1"
1C
1c
0d
0F
1D
0E
0D
#2500000
0"
0C
#2501000
1"
1C
0c
1F
1D
1Z
16
1.
0L
1G
#2502000
0"
0C
#2503000
1"
1C
1d
1E
0D
#2504000
0"
0C
#2505000
1"
1C
1c
0d
0F
1D
0E
0D
#2506000
0"
0C
#2507000
1"
1C
0c
1F
1D
0Z
1Y
17
06
0.
1-
1L
#2508000
0"
0C
#2509000
1"
1C
1d
1E
0D
#2510000
0"
0C
#2511000
1"
1C
1c
0d
0F
1D
0E
0D
#2512000
0"
0C
#2513000
1"
1C
0c
1F
1D
1Z
16
1.
0L
1J
0I
0G
#2514000
0"
0C
#2515000
1"
1C
1d
1E
0D
#2516000
0"
0C
#2517000
1"
1C
1c
0d
0F
1D
0E
0D
#2518000
0"
0C
#2519000
1"
1C
0c
1F
1D
0Z
1W
0X
0Y
07
08
19
06
0.
1+
0,
0-
1L
#2520000
0"
0C
#2521000
1"
1C
1d
1E
0D
#2522000
0"
0C
#2523000
1"
1C
1c
0d
0F
1D
0E
0D
#2524000
0"
0C
#2525000
1"
1C
0c
1F
1D
1Z
16
1.
0L
0K
1G
0J
0G
#2526000
0"
0C
#2527000
1"
1C
1d
1E
0D
#2528000
0"
0C
#2529000
1"
1C
1c
0d
0F
1D
0E
0D
#2530000
0"
0C
#2531000
1"
1C
0c
1F
1D
0Z
0W
09
06
0.
0+
1K
1L
0^
1]
1;
0:
0*
1)
1Q
#2532000
0"
0C
#2533000
1"
1C
1d
1E
0D
#2534000
0"
0C
#2535000
1"
1C
1c
0d
0F
1D
0E
0D
#2536000
0"
0C
#2537000
1"
1C
0c
1F
1D
1Z
16
1.
0L
1G
#2538000
0"
0C
#2539000
1"
1C
1d
1E
0D
#2540000
0"
0C
#2541000
1"
1C
1c
0d
0F
1D
0E
0D
#2542000
0"
0C
#2543000
1"
1C
0c
1F
1D
0Z
1Y
17
06
0.
1-
1L
#2544000
0"
0C
#2545000
1"
1C
1d
1E
0D
#2546000
0"
0C
#2547000
1"
1C
1c
0d
0F
1D
0E
0D
#2548000
0"
0C
#2549000
1"
1C
0c
1F
1D
1Z
16
1.
0L
1I
0G
#2550000
0"
0C
#2551000
1"
1C
1d
1E
0D
#2552000
0"
0C
#2553000
1"
1C
1c
0d
0F
1D
0E
0D
#2554000
0"
0C
#2555000
1"
1C
0c
1F
1D
0Z
1X
0Y
07
18
06
0.
1,
0-
1L
#2556000
0"
0C
#2557000
1"
1C
1d
1E
0D
#2558000
0"
0C
#2559000
1"
1C
1c
0d
0F
1D
0E
0D
#2560000
0"
0C
#2561000
1"
1C
0c
1F
1D
1Z
16
1.
0L
1G
#2562000
0"
0C
#2563000
1"
1C
1d
1E
0D
#2564000
0"
0C
#2565000
1"
1C
1c
0d
0F
1D
0E
0D
#2566000
0"
0C
#2567000
1"
1C
0c
1F
1D
0Z
1Y
17
06
0.
1-
1L
#2568000
0"
0C
#2569000
1"
1C
1d
1E
0D
#2570000
0"
0C
#2571000
1"
1C
1c
0d
0F
1D
0E
0D
#2572000
0"
0C
#2573000
1"
1C
0c
1F
1D
1Z
16
1.
0L
1J
0I
0G
#2574000
0"
0C
#2575000
1"
1C
1d
1E
0D
#2576000
0"
0C
#2577000
1"
1C
1c
0d
0F
1D
0E
0D
#2578000
0"
0C
#2579000
1"
1C
0c
1F
1D
0Z
1W
0X
0Y
07
08
19
06
0.
1+
0,
0-
1L
#2580000
0"
0C
#2581000
1"
1C
1d
1E
0D
#2582000
0"
0C
#2583000
1"
1C
1c
0d
0F
1D
0E
0D
#2584000
0"
0C
#2585000
1"
1C
0c
1F
1D
1Z
16
1.
0L
0K
1G
0J
0G
#2586000
0"
0C
#2587000
1"
1C
1d
1E
0D
#2588000
0"
0C
#2589000
1"
1C
1c
0d
0F
1D
0E
0D
#2590000
0"
0C
#2591000
1"
1C
0c
1F
1D
0Z
0W
09
06
0.
0+
1K
1L
1^
1:
1*
0Q
1N
0M
#2592000
0"
0C
#2593000
1"
1C
1d
1E
0D
#2594000
0"
0C
#2595000
1"
1C
1c
0d
0F
1D
0E
0D
#2596000
0"
0C
#2597000
1"
1C
0c
1F
1D
1Z
16
1.
0L
1G
#2598000
0"
0C
#2599000
1"
1C
1d
1E
0D
#2600000
0"
0C
#2601000
1"
1C
1c
0d
0F
1D
0E
0D
#2602000
0"
0C
#2603000
1"
1C
0c
1F
1D
0Z
1Y
17
06
0.
1-
1L
#2604000
0"
0C
#2605000
1"
1C
1d
1E
0D
#2606000
0"
0C
#2607000
1"
1C
1c
0d
0F
1D
0E
0D
#2608000
0"
0C
#2609000
1"
1C
0c
1F
1D
1Z
16
1.
0L
1I
0G
#2610000
0"
0C
#2611000
1"
1C
1d
1E
0D
#2612000
0"
0C
#2613000
1"
1C
1c
0d
0F
1D
0E
0D
#2614000
0"
0C
#2615000
1"
1C
0c
1F
1D
0Z
1X
0Y
07
18
06
0.
1,
0-
1L
#2616000
0"
0C
#2617000
1"
1C
1d
1E
0D
#2618000
0"
0C
#2619000
1"
1C
1c
0d
0F
1D
0E
0D
#2620000
0"
0C
#2621000
1"
1C
0c
1F
1D
1Z
16
1.
0L
1G
#2622000
0"
0C
#2623000
1"
1C
1d
1E
0D
#2624000
0"
0C
#2625000
1"
1C
1c
0d
0F
1D
0E
0D
#2626000
0"
0C
#2627000
1"
1C
0c
1F
1D
0Z
1Y
17
06
0.
1-
1L
#2628000
0"
0C
#2629000
1"
1C
1d
1E
0D
#2630000
0"
0C
#2631000
1"
1C
1c
0d
0F
1D
0E
0D
#2632000
0"
0C
#2633000
1"
1C
0c
1F
1D
1Z
16
1.
0L
1J
0I
0G
#2634000
0"
0C
#2635000
1"
1C
1d
1E
0D
#2636000
0"
0C
#2637000
1"
1C
1c
0d
0F
1D
0E
0D
#2638000
0"
0C
#2639000
1"
1C
0c
1F
1D
0Z
1W
0X
0Y
07
08
19
06
0.
1+
0,
0-
1L
#2640000
0"
0C
#2641000
1"
1C
1d
1E
0D
#2642000
0"
0C
#2643000
1"
1C
1c
0d
0F
1D
0E
0D
#2644000
0"
0C
#2645000
1"
1C
0c
1F
1D
1Z
16
1.
0L
0K
1G
0J
0G
#2646000
0"
0C
#2647000
1"
1C
1d
1E
0D
#2648000
0"
0C
#2649000
1"
1C
1c
0d
0F
1D
0E
0D
#2650000
0"
0C
#2651000
1"
1C
0c
1F
1D
0Z
0W
09
06
0.
0+
1K
1L
0^
1\
0]
0;
1<
0:
0*
1(
0)
1Q
#2652000
0"
0C
#2653000
1"
1C
1d
1E
0D
#2654000
0"
0C
#2655000
1"
1C
1c
0d
0F
1D
0E
0D
#2656000
0"
0C
#2657000
1"
1C
0c
1F
1D
1Z
16
1.
0L
1G
#2658000
0"
0C
#2659000
1"
1C
1d
1E
0D
#2660000
0"
0C
#2661000
1"
1C
1c
0d
0F
1D
0E
0D
#2662000
0"
0C
#2663000
1"
1C
0c
1F
1D
0Z
1Y
17
06
0.
1-
1L
#2664000
0"
0C
#2665000
1"
1C
1d
1E
0D
#2666000
0"
0C
#2667000
1"
1C
1c
0d
0F
1D
0E
0D
#2668000
0"
0C
#2669000
1"
1C
0c
1F
1D
1Z
16
1.
0L
1I
0G
#2670000
0"
0C
#2671000
1"
1C
1d
1E
0D
#2672000
0"
0C
#2673000
1"
1C
1c
0d
0F
1D
0E
0D
#2674000
0"
0C
#2675000
1"
1C
0c
1F
1D
0Z
1X
0Y
07
18
06
0.
1,
0-
1L
#2676000
0"
0C
#2677000
1"
1C
1d
1E
0D
#2678000
0"
0C
#2679000
1"
1C
1c
0d
0F
1D
0E
0D
#2680000
0"
0C
#2681000
1"
1C
0c
1F
1D
1Z
16
1.
0L
1G
#2682000
0"
0C
#2683000
1"
1C
1d
1E
0D
#2684000
0"
0C
#2685000
1"
1C
1c
0d
0F
1D
0E
0D
#2686000
0"
0C
#2687000
1"
1C
0c
1F
1D
0Z
1Y
17
06
0.
1-
1L
#2688000
0"
0C
#2689000
1"
1C
1d
1E
0D
#2690000
0"
0C
#2691000
1"
1C
1c
0d
0F
1D
0E
0D
#2692000
0"
0C
#2693000
1"
1C
0c
1F
1D
1Z
16
1.
0L
1J
0I
0G
#2694000
0"
0C
#2695000
1"
1C
1d
1E
0D
#2696000
0"
0C
#2697000
1"
1C
1c
0d
0F
1D
0E
0D
#2698000
0"
0C
#2699000
1"
1C
0c
1F
1D
0Z
1W
0X
0Y
07
08
19
06
0.
1+
0,
0-
1L
#2700000
0"
0C
#2701000
1"
1C
1d
1E
0D
#2702000
0"
0C
#2703000
1"
1C
1c
0d
0F
1D
0E
0D
#2704000
0"
0C
#2705000
1"
1C
0c
1F
1D
1Z
16
1.
0L
0K
1G
0J
0G
#2706000
0"
0C
#2707000
1"
1C
1d
1E
0D
#2708000
0"
0C
#2709000
1"
1C
1c
0d
0F
1D
0E
0D
#2710000
0"
0C
#2711000
1"
1C
0c
1F
1D
0Z
0W
09
06
0.
0+
1K
1L
1^
1:
1*
0Q
1M
#2712000
0"
0C
#2713000
1"
1C
1d
1E
0D
#2714000
0"
0C
#2715000
1"
1C
1c
0d
0F
1D
0E
0D
#2716000
0"
0C
#2717000
1"
1C
0c
1F
1D
1Z
16
1.
0L
1G
#2718000
0"
0C
#2719000
1"
1C
1d
1E
0D
#2720000
0"
0C
#2721000
1"
1C
1c
0d
0F
1D
0E
0D
#2722000
0"
0C
#2723000
1"
1C
0c
1F
1D
0Z
1Y
17
06
0.
1-
1L
#2724000
0"
0C
#2725000
1"
1C
1d
1E
0D
#2726000
0"
0C
#2727000
1"
1C
1c
0d
0F
1D
0E
0D
#2728000
0"
0C
#2729000
1"
1C
0c
1F
1D
1Z
16
1.
0L
1I
0G
#2730000
0"
0C
#2731000
1"
1C
1d
1E
0D
#2732000
0"
0C
#2733000
1"
1C
1c
0d
0F
1D
0E
0D
#2734000
0"
0C
#2735000
1"
1C
0c
1F
1D
0Z
1X
0Y
07
18
06
0.
1,
0-
1L
#2736000
0"
0C
#2737000
1"
1C
1d
1E
0D
#2738000
0"
0C
#2739000
1"
1C
1c
0d
0F
1D
0E
0D
#2740000
0"
0C
#2741000
1"
1C
0c
1F
1D
1Z
16
1.
0L
1G
#2742000
0"
0C
#2743000
1"
1C
1d
1E
0D
#2744000
0"
0C
#2745000
1"
1C
1c
0d
0F
1D
0E
0D
#2746000
0"
0C
#2747000
1"
1C
0c
1F
1D
0Z
1Y
17
06
0.
1-
1L
#2748000
0"
0C
#2749000
1"
1C
1d
1E
0D
#2750000
0"
0C
#2751000
1"
1C
1c
0d
0F
1D
0E
0D
#2752000
0"
0C
#2753000
1"
1C
0c
1F
1D
1Z
16
1.
0L
1J
0I
0G
#2754000
0"
0C
#2755000
1"
1C
1d
1E
0D
#2756000
0"
0C
#2757000
1"
1C
1c
0d
0F
1D
0E
0D
#2758000
0"
0C
#2759000
1"
1C
0c
1F
1D
0Z
1W
0X
0Y
07
08
19
06
0.
1+
0,
0-
1L
#2760000
0"
0C
#2761000
1"
1C
1d
1E
0D
#2762000
0"
0C
#2763000
1"
1C
1c
0d
0F
1D
0E
0D
#2764000
0"
0C
#2765000
1"
1C
0c
1F
1D
1Z
16
1.
0L
0K
1G
0J
0G
#2766000
0"
0C
#2767000
1"
1C
1d
1E
0D
#2768000
0"
0C
#2769000
1"
1C
1c
0d
0F
1D
0E
0D
#2770000
0"
0C
#2771000
1"
1C
0c
1F
1D
0Z
0W
09
06
0.
0+
1K
1L
0^
1]
1;
0:
0*
1)
1Q
#2772000
0"
0C
#2773000
1"
1C
1d
1E
0D
#2774000
0"
0C
#2775000
1"
1C
1c
0d
0F
1D
0E
0D
#2776000
0"
0C
#2777000
1"
1C
0c
1F
1D
1Z
16
1.
0L
1G
#2778000
0"
0C
#2779000
1"
1C
1d
1E
0D
#2780000
0"
0C
#2781000
1"
1C
1c
0d
0F
1D
0E
0D
#2782000
0"
0C
#2783000
1"
1C
0c
1F
1D
0Z
1Y
17
06
0.
1-
1L
#2784000
0"
0C
#2785000
1"
1C
1d
1E
0D
#2786000
0"
0C
#2787000
1"
1C
1c
0d
0F
1D
0E
0D
#2788000
0"
0C
#2789000
1"
1C
0c
1F
1D
1Z
16
1.
0L
1I
0G
#2790000
0"
0C
#2791000
1"
1C
1d
1E
0D
#2792000
0"
0C
#2793000
1"
1C
1c
0d
0F
1D
0E
0D
#2794000
0"
0C
#2795000
1"
1C
0c
1F
1D
0Z
1X
0Y
07
18
06
0.
1,
0-
1L
#2796000
0"
0C
#2797000
1"
1C
1d
1E
0D
#2798000
0"
0C
#2799000
1"
1C
1c
0d
0F
1D
0E
0D
#2800000
0"
0C
#2801000
1"
1C
0c
1F
1D
1Z
16
1.
0L
1G
#2802000
0"
0C
#2803000
1"
1C
1d
1E
0D
#2804000
0"
0C
#2805000
1"
1C
1c
0d
0F
1D
0E
0D
#2806000
0"
0C
#2807000
1"
1C
0c
1F
1D
0Z
1Y
17
06
0.
1-
1L
#2808000
0"
0C
#2809000
1"
1C
1d
1E
0D
#2810000
0"
0C
#2811000
1"
1C
1c
0d
0F
1D
0E
0D
#2812000
0"
0C
#2813000
1"
1C
0c
1F
1D
1Z
16
1.
0L
1J
0I
0G
#2814000
0"
0C
#2815000
1"
1C
1d
1E
0D
#2816000
0"
0C
#2817000
1"
1C
1c
0d
0F
1D
0E
0D
#2818000
0"
0C
#2819000
1"
1C
0c
1F
1D
0Z
1W
0X
0Y
07
08
19
06
0.
1+
0,
0-
1L
#2820000
0"
0C
#2821000
1"
1C
1d
1E
0D
#2822000
0"
0C
#2823000
1"
1C
1c
0d
0F
1D
0E
0D
#2824000
0"
0C
#2825000
1"
1C
0c
1F
1D
1Z
16
1.
0L
0K
1G
0J
0G
#2826000
0"
0C
#2827000
1"
1C
1d
1E
0D
#2828000
0"
0C
#2829000
1"
1C
1c
0d
0F
1D
0E
0D
#2830000
0"
0C
#2831000
1"
1C
0c
1F
1D
0Z
0W
09
06
0.
0+
1K
1L
1^
1:
1*
0Q
1O
0N
0M
#2832000
0"
0C
#2833000
1"
1C
1d
1E
0D
#2834000
0"
0C
#2835000
1"
1C
1c
0d
0F
1D
0E
0D
#2836000
0"
0C
#2837000
1"
1C
0c
1F
1D
1Z
16
1.
0L
1G
#2838000
0"
0C
#2839000
1"
1C
1d
1E
0D
#2840000
0"
0C
#2841000
1"
1C
1c
0d
0F
1D
0E
0D
#2842000
0"
0C
#2843000
1"
1C
0c
1F
1D
0Z
1Y
17
06
0.
1-
1L
#2844000
0"
0C
#2845000
1"
1C
1d
1E
0D
#2846000
0"
0C
#2847000
1"
1C
1c
0d
0F
1D
0E
0D
#2848000
0"
0C
#2849000
1"
1C
0c
1F
1D
1Z
16
1.
0L
1I
0G
#2850000
0"
0C
#2851000
1"
1C
1d
1E
0D
#2852000
0"
0C
#2853000
1"
1C
1c
0d
0F
1D
0E
0D
#2854000
0"
0C
#2855000
1"
1C
0c
1F
1D
0Z
1X
0Y
07
18
06
0.
1,
0-
1L
#2856000
0"
0C
#2857000
1"
1C
1d
1E
0D
#2858000
0"
0C
#2859000
1"
1C
1c
0d
0F
1D
0E
0D
#2860000
0"
0C
#2861000
1"
1C
0c
1F
1D
1Z
16
1.
0L
1G
#2862000
0"
0C
#2863000
1"
1C
1d
1E
0D
#2864000
0"
0C
#2865000
1"
1C
1c
0d
0F
1D
0E
0D
#2866000
0"
0C
#2867000
1"
1C
0c
1F
1D
0Z
1Y
17
06
0.
1-
1L
#2868000
0"
0C
#2869000
1"
1C
1d
1E
0D
#2870000
0"
0C
#2871000
1"
1C
1c
0d
0F
1D
0E
0D
#2872000
0"
0C
#2873000
1"
1C
0c
1F
1D
1Z
16
1.
0L
1J
0I
0G
#2874000
0"
0C
#2875000
1"
1C
1d
1E
0D
#2876000
0"
0C
#2877000
1"
1C
1c
0d
0F
1D
0E
0D
#2878000
0"
0C
#2879000
1"
1C
0c
1F
1D
0Z
1W
0X
0Y
07
08
19
06
0.
1+
0,
0-
1L
#2880000
0"
0C
#2881000
1"
1C
1d
1E
0D
#2882000
0"
0C
#2883000
1"
1C
1c
0d
0F
1D
0E
0D
#2884000
0"
0C
#2885000
1"
1C
0c
1F
1D
1Z
16
1.
0L
0K
1G
0J
0G
#2886000
0"
0C
#2887000
1"
1C
1d
1E
0D
#2888000
0"
0C
#2889000
1"
1C
1c
0d
0F
1D
0E
0D
#2890000
0"
0C
#2891000
1"
1C
0c
1F
1D
0Z
0W
09
06
0.
0+
1K
1L
0^
1[
0\
0]
0;
0<
1=
0:
0*
1'
0(
0)
1Q
#2892000
0"
0C
#2893000
1"
1C
1d
1E
0D
#2894000
0"
0C
#2895000
1"
1C
1c
0d
0F
1D
0E
0D
#2896000
0"
0C
#2897000
1"
1C
0c
1F
1D
1Z
16
1.
0L
1G
#2898000
0"
0C
#2899000
1"
1C
1d
1E
0D
#2900000
0"
0C
#2901000
1"
1C
1c
0d
0F
1D
0E
0D
#2902000
0"
0C
#2903000
1"
1C
0c
1F
1D
0Z
1Y
17
06
0.
1-
1L
#2904000
0"
0C
#2905000
1"
1C
1d
1E
0D
#2906000
0"
0C
#2907000
1"
1C
1c
0d
0F
1D
0E
0D
#2908000
0"
0C
#2909000
1"
1C
0c
1F
1D
1Z
16
1.
0L
1I
0G
#2910000
0"
0C
#2911000
1"
1C
1d
1E
0D
#2912000
0"
0C
#2913000
1"
1C
1c
0d
0F
1D
0E
0D
#2914000
0"
0C
#2915000
1"
1C
0c
1F
1D
0Z
1X
0Y
07
18
06
0.
1,
0-
1L
#2916000
0"
0C
#2917000
1"
1C
1d
1E
0D
#2918000
0"
0C
#2919000
1"
1C
1c
0d
0F
1D
0E
0D
#2920000
0"
0C
#2921000
1"
1C
0c
1F
1D
1Z
16
1.
0L
1G
#2922000
0"
0C
#2923000
1"
1C
1d
1E
0D
#2924000
0"
0C
#2925000
1"
1C
1c
0d
0F
1D
0E
0D
#2926000
0"
0C
#2927000
1"
1C
0c
1F
1D
0Z
1Y
17
06
0.
1-
1L
#2928000
0"
0C
#2929000
1"
1C
1d
1E
0D
#2930000
0"
0C
#2931000
1"
1C
1c
0d
0F
1D
0E
0D
#2932000
0"
0C
#2933000
1"
1C
0c
1F
1D
1Z
16
1.
0L
1J
0I
0G
#2934000
0"
0C
#2935000
1"
1C
1d
1E
0D
#2936000
0"
0C
#2937000
1"
1C
1c
0d
0F
1D
0E
0D
#2938000
0"
0C
#2939000
1"
1C
0c
1F
1D
0Z
1W
0X
0Y
07
08
19
06
0.
1+
0,
0-
1L
#2940000
0"
0C
#2941000
1"
1C
1d
1E
0D
#2942000
0"
0C
#2943000
1"
1C
1c
0d
0F
1D
0E
0D
#2944000
0"
0C
#2945000
1"
1C
0c
1F
1D
1Z
16
1.
0L
0K
1G
0J
0G
#2946000
0"
0C
#2947000
1"
1C
1d
1E
0D
#2948000
0"
0C
#2949000
1"
1C
1c
0d
0F
1D
0E
0D
#2950000
0"
0C
#2951000
1"
1C
0c
1F
1D
0Z
0W
09
06
0.
0+
1K
1L
1^
1:
1*
0Q
0P
1M
0O
0M
#2952000
0"
0C
#2953000
1"
1C
1d
1E
0D
#2954000
0"
0C
#2955000
1"
1C
1c
0d
0F
1D
0E
0D
#2956000
0"
0C
#2957000
1"
1C
0c
1F
1D
1Z
16
1.
0L
1G
#2958000
0"
0C
#2959000
1"
1C
1d
1E
0D
#2960000
0"
0C
#2961000
1"
1C
1c
0d
0F
1D
0E
0D
#2962000
0"
0C
#2963000
1"
1C
0c
1F
1D
0Z
1Y
17
06
0.
1-
1L
#2964000
0"
0C
#2965000
1"
1C
1d
1E
0D
#2966000
0"
0C
#2967000
1"
1C
1c
0d
0F
1D
0E
0D
#2968000
0"
0C
#2969000
1"
1C
0c
1F
1D
1Z
16
1.
0L
1I
0G
#2970000
0"
0C
#2971000
1"
1C
1d
1E
0D
#2972000
0"
0C
#2973000
1"
1C
1c
0d
0F
1D
0E
0D
#2974000
0"
0C
#2975000
1"
1C
0c
1F
1D
0Z
1X
0Y
07
18
06
0.
1,
0-
1L
#2976000
0"
0C
#2977000
1"
1C
1d
1E
0D
#2978000
0"
0C
#2979000
1"
1C
1c
0d
0F
1D
0E
0D
#2980000
0"
0C
#2981000
1"
1C
0c
1F
1D
1Z
16
1.
0L
1G
#2982000
0"
0C
#2983000
1"
1C
1d
1E
0D
#2984000
0"
0C
#2985000
1"
1C
1c
0d
0F
1D
0E
0D
#2986000
0"
0C
#2987000
1"
1C
0c
1F
1D
0Z
1Y
17
06
0.
1-
1L
#2988000
0"
0C
#2989000
1"
1C
1d
1E
0D
#2990000
0"
0C
#2991000
1"
1C
1c
0d
0F
1D
0E
0D
#2992000
0"
0C
#2993000
1"
1C
0c
1F
1D
1Z
16
1.
0L
1J
0I
0G
#2994000
0"
0C
#2995000
1"
1C
1d
1E
0D
#2996000
0"
0C
#2997000
1"
1C
1c
0d
0F
1D
0E
0D
#2998000
0"
0C
#2999000
1"
1C
0c
1F
1D
0Z
1W
0X
0Y
07
08
19
06
0.
1+
0,
0-
1L
#3000000
0"
0C
#3001000
1"
1C
1d
1E
0D
#3002000
0"
0C
#3003000
1"
1C
1c
0d
0F
1D
0E
0D
#3004000
0"
0C
#3005000
1"
1C
0c
1F
1D
1Z
16
1.
0L
0K
1G
0J
0G
#3006000
0"
0C
#3007000
1"
1C
1d
1E
0D
#3008000
0"
0C
#3009000
1"
1C
1c
0d
0F
1D
0E
0D
#3010000
0"
0C
#3011000
1"
1C
0c
1F
1D
0Z
0W
09
06
0.
0+
1K
1L
0^
0[
0=
0:
0*
0'
1P
1Q
1b
1>
1&
1U
0R
#3012000
0"
0C
#3013000
1"
1C
1d
1E
0D
#3014000
0"
0C
#3015000
1"
1C
1c
0d
0F
1D
0E
0D
#3016000
0"
0C
#3017000
1"
1C
0c
1F
1D
1Z
16
1.
0L
1G
#3018000
0"
0C
#3019000
1"
1C
1d
1E
0D
#3020000
0"
0C
#3021000
1"
1C
1c
0d
0F
1D
0E
0D
#3022000
0"
0C
#3023000
1"
1C
0c
1F
1D
0Z
1Y
17
06
0.
1-
1L
#3024000
0"
0C
#3025000
1"
1C
1d
1E
0D
#3026000
0"
0C
#3027000
1"
1C
1c
0d
0F
1D
0E
0D
#3028000
0"
0C
#3029000
1"
1C
0c
1F
1D
1Z
16
1.
0L
1I
0G
#3030000
0"
0C
#3031000
1"
1C
1d
1E
0D
#3032000
0"
0C
#3033000
1"
1C
1c
0d
0F
1D
0E
0D
#3034000
0"
0C
#3035000
1"
1C
0c
1F
1D
0Z
1X
0Y
07
18
06
0.
1,
0-
1L
#3036000
0"
0C
#3037000
1"
1C
1d
1E
0D
#3038000
0"
0C
#3039000
1"
1C
1c
0d
0F
1D
0E
0D
#3040000
0"
0C
#3041000
1"
1C
0c
1F
1D
1Z
16
1.
0L
1G
#3042000
0"
0C
#3043000
1"
1C
1d
1E
0D
#3044000
0"
0C
#3045000
1"
1C
1c
0d
0F
1D
0E
0D
#3046000
0"
0C
#3047000
1"
1C
0c
1F
1D
0Z
1Y
17
06
0.
1-
1L
#3048000
0"
0C
#3049000
1"
1C
1d
1E
0D
#3050000
0"
0C
#3051000
1"
1C
1c
0d
0F
1D
0E
0D
#3052000
0"
0C
#3053000
1"
1C
0c
1F
1D
1Z
16
1.
0L
1J
0I
0G
#3054000
0"
0C
#3055000
1"
1C
1d
1E
0D
#3056000
0"
0C
#3057000
1"
1C
1c
0d
0F
1D
0E
0D
#3058000
0"
0C
#3059000
1"
1C
0c
1F
1D
0Z
1W
0X
0Y
07
08
19
06
0.
1+
0,
0-
1L
#3060000
0"
0C
#3061000
1"
1C
1d
1E
0D
#3062000
0"
0C
#3063000
1"
1C
1c
0d
0F
1D
0E
0D
#3064000
0"
0C
#3065000
1"
1C
0c
1F
1D
1Z
16
1.
0L
0K
1G
0J
0G
#3066000
0"
0C
#3067000
1"
1C
1d
1E
0D
#3068000
0"
0C
#3069000
1"
1C
1c
0d
0F
1D
0E
0D
#3070000
0"
0C
#3071000
1"
1C
0c
1F
1D
0Z
0W
09
06
0.
0+
1K
1L
1^
1:
1*
0Q
1M
#3072000
0"
0C
#3073000
1"
1C
1d
1E
0D
#3074000
0"
0C
#3075000
1"
1C
1c
0d
0F
1D
0E
0D
#3076000
0"
0C
#3077000
1"
1C
0c
1F
1D
1Z
16
1.
0L
1G
#3078000
0"
0C
#3079000
1"
1C
1d
1E
0D
#3080000
0"
0C
#3081000
1"
1C
1c
0d
0F
1D
0E
0D
#3082000
0"
0C
#3083000
1"
1C
0c
1F
1D
0Z
1Y
17
06
0.
1-
1L
#3084000
0"
0C
#3085000
1"
1C
1d
1E
0D
#3086000
0"
0C
#3087000
1"
1C
1c
0d
0F
1D
0E
0D
#3088000
0"
0C
#3089000
1"
1C
0c
1F
1D
1Z
16
1.
0L
1I
0G
#3090000
0"
0C
#3091000
1"
1C
1d
1E
0D
#3092000
0"
0C
#3093000
1"
1C
1c
0d
0F
1D
0E
0D
#3094000
0"
0C
#3095000
1"
1C
0c
1F
1D
0Z
1X
0Y
07
18
06
0.
1,
0-
1L
#3096000
0"
0C
#3097000
1"
1C
1d
1E
0D
#3098000
0"
0C
#3099000
1"
1C
1c
0d
0F
1D
0E
0D
#3100000
0"
0C
#3101000
1"
1C
0c
1F
1D
1Z
16
1.
0L
1G
#3102000
0"
0C
#3103000
1"
1C
1d
1E
0D
#3104000
0"
0C
#3105000
1"
1C
1c
0d
0F
1D
0E
0D
#3106000
0"
0C
#3107000
1"
1C
0c
1F
1D
0Z
1Y
17
06
0.
1-
1L
#3108000
0"
0C
#3109000
1"
1C
1d
1E
0D
#3110000
0"
0C
#3111000
1"
1C
1c
0d
0F
1D
0E
0D
#3112000
0"
0C
#3113000
1"
1C
0c
1F
1D
1Z
16
1.
0L
1J
0I
0G
#3114000
0"
0C
#3115000
1"
1C
1d
1E
0D
#3116000
0"
0C
#3117000
1"
1C
1c
0d
0F
1D
0E
0D
#3118000
0"
0C
#3119000
1"
1C
0c
1F
1D
0Z
1W
0X
0Y
07
08
19
06
0.
1+
0,
0-
1L
#3120000
0"
0C
#3121000
1"
1C
1d
1E
0D
#3122000
0"
0C
#3123000
1"
1C
1c
0d
0F
1D
0E
0D
#3124000
0"
0C
#3125000
1"
1C
0c
1F
1D
1Z
16
1.
0L
0K
1G
0J
0G
#3126000
0"
0C
#3127000
1"
1C
1d
1E
0D
#3128000
0"
0C
#3129000
1"
1C
1c
0d
0F
1D
0E
0D
#3130000
0"
0C
#3131000
1"
1C
0c
1F
1D
0Z
0W
09
06
0.
0+
1K
1L
0^
1]
1;
0:
0*
1)
1Q
#3132000
0"
0C
#3133000
1"
1C
1d
1E
0D
#3134000
0"
0C
#3135000
1"
1C
1c
0d
0F
1D
0E
0D
#3136000
0"
0C
#3137000
1"
1C
0c
1F
1D
1Z
16
1.
0L
1G
#3138000
0"
0C
#3139000
1"
1C
1d
1E
0D
#3140000
0"
0C
#3141000
1"
1C
1c
0d
0F
1D
0E
0D
#3142000
0"
0C
#3143000
1"
1C
0c
1F
1D
0Z
1Y
17
06
0.
1-
1L
#3144000
0"
0C
#3145000
1"
1C
1d
1E
0D
#3146000
0"
0C
#3147000
1"
1C
1c
0d
0F
1D
0E
0D
#3148000
0"
0C
#3149000
1"
1C
0c
1F
1D
1Z
16
1.
0L
1I
0G
#3150000
0"
0C
#3151000
1"
1C
1d
1E
0D
#3152000
0"
0C
#3153000
1"
1C
1c
0d
0F
1D
0E
0D
#3154000
0"
0C
#3155000
1"
1C
0c
1F
1D
0Z
1X
0Y
07
18
06
0.
1,
0-
1L
#3156000
0"
0C
#3157000
1"
1C
1d
1E
0D
#3158000
0"
0C
#3159000
1"
1C
1c
0d
0F
1D
0E
0D
#3160000
0"
0C
#3161000
1"
1C
0c
1F
1D
1Z
16
1.
0L
1G
#3162000
0"
0C
#3163000
1"
1C
1d
1E
0D
#3164000
0"
0C
#3165000
1"
1C
1c
0d
0F
1D
0E
0D
#3166000
0"
0C
#3167000
1"
1C
0c
1F
1D
0Z
1Y
17
06
0.
1-
1L
#3168000
0"
0C
#3169000
1"
1C
1d
1E
0D
#3170000
0"
0C
#3171000
1"
1C
1c
0d
0F
1D
0E
0D
#3172000
0"
0C
#3173000
1"
1C
0c
1F
1D
1Z
16
1.
0L
1J
0I
0G
#3174000
0"
0C
#3175000
1"
1C
1d
1E
0D
#3176000
0"
0C
#3177000
1"
1C
1c
0d
0F
1D
0E
0D
#3178000
0"
0C
#3179000
1"
1C
0c
1F
1D
0Z
1W
0X
0Y
07
08
19
06
0.
1+
0,
0-
1L
#3180000
0"
0C
#3181000
1"
1C
1d
1E
0D
#3182000
0"
0C
#3183000
1"
1C
1c
0d
0F
1D
0E
0D
#3184000
0"
0C
#3185000
1"
1C
0c
1F
1D
1Z
16
1.
0L
0K
1G
0J
0G
#3186000
0"
0C
#3187000
1"
1C
1d
1E
0D
#3188000
0"
0C
#3189000
1"
1C
1c
0d
0F
1D
0E
0D
#3190000
0"
0C
#3191000
1"
1C
0c
1F
1D
0Z
0W
09
06
0.
0+
1K
1L
1^
1:
1*
0Q
1N
0M
#3192000
0"
0C
#3193000
1"
1C
1d
1E
0D
#3194000
0"
0C
#3195000
1"
1C
1c
0d
0F
1D
0E
0D
#3196000
0"
0C
#3197000
1"
1C
0c
1F
1D
1Z
16
1.
0L
1G
#3198000
0"
0C
#3199000
1"
1C
1d
1E
0D
#3200000
0"
0C
#3201000
1"
1C
1c
0d
0F
1D
0E
0D
#3202000
0"
0C
#3203000
1"
1C
0c
1F
1D
0Z
1Y
17
06
0.
1-
1L
#3204000
0"
0C
#3205000
1"
1C
1d
1E
0D
#3206000
0"
0C
#3207000
1"
1C
1c
0d
0F
1D
0E
0D
#3208000
0"
0C
#3209000
1"
1C
0c
1F
1D
1Z
16
1.
0L
1I
0G
#3210000
0"
0C
#3211000
1"
1C
1d
1E
0D
#3212000
0"
0C
#3213000
1"
1C
1c
0d
0F
1D
0E
0D
#3214000
0"
0C
#3215000
1"
1C
0c
1F
1D
0Z
1X
0Y
07
18
06
0.
1,
0-
1L
#3216000
0"
0C
#3217000
1"
1C
1d
1E
0D
#3218000
0"
0C
#3219000
1"
1C
1c
0d
0F
1D
0E
0D
#3220000
0"
0C
#3221000
1"
1C
0c
1F
1D
1Z
16
1.
0L
1G
#3222000
0"
0C
#3223000
1"
1C
1d
1E
0D
#3224000
0"
0C
#3225000
1"
1C
1c
0d
0F
1D
0E
0D
#3226000
0"
0C
#3227000
1"
1C
0c
1F
1D
0Z
1Y
17
06
0.
1-
1L
#3228000
0"
0C
#3229000
1"
1C
1d
1E
0D
#3230000
0"
0C
#3231000
1"
1C
1c
0d
0F
1D
0E
0D
#3232000
0"
0C
#3233000
1"
1C
0c
1F
1D
1Z
16
1.
0L
1J
0I
0G
#3234000
0"
0C
#3235000
1"
1C
1d
1E
0D
#3236000
0"
0C
#3237000
1"
1C
1c
0d
0F
1D
0E
0D
#3238000
0"
0C
#3239000
1"
1C
0c
1F
1D
0Z
1W
0X
0Y
07
08
19
06
0.
1+
0,
0-
1L
#3240000
0"
0C
#3241000
1"
1C
1d
1E
0D
#3242000
0"
0C
#3243000
1"
1C
1c
0d
0F
1D
0E
0D
#3244000
0"
0C
#3245000
1"
1C
0c
1F
1D
1Z
16
1.
0L
0K
1G
0J
0G
#3246000
0"
0C
#3247000
1"
1C
1d
1E
0D
#3248000
0"
0C
#3249000
1"
1C
1c
0d
0F
1D
0E
0D
#3250000
0"
0C
#3251000
1"
1C
0c
1F
1D
0Z
0W
09
06
0.
0+
1K
1L
0^
1\
0]
0;
1<
0:
0*
1(
0)
1Q
#3252000
0"
0C
#3253000
1"
1C
1d
1E
0D
#3254000
0"
0C
#3255000
1"
1C
1c
0d
0F
1D
0E
0D
#3256000
0"
0C
#3257000
1"
1C
0c
1F
1D
1Z
16
1.
0L
1G
#3258000
0"
0C
#3259000
1"
1C
1d
1E
0D
#3260000
0"
0C
#3261000
1"
1C
1c
0d
0F
1D
0E
0D
#3262000
0"
0C
#3263000
1"
1C
0c
1F
1D
0Z
1Y
17
06
0.
1-
1L
#3264000
0"
0C
#3265000
1"
1C
1d
1E
0D
#3266000
0"
0C
#3267000
1"
1C
1c
0d
0F
1D
0E
0D
#3268000
0"
0C
#3269000
1"
1C
0c
1F
1D
1Z
16
1.
0L
1I
0G
#3270000
0"
0C
#3271000
1"
1C
1d
1E
0D
#3272000
0"
0C
#3273000
1"
1C
1c
0d
0F
1D
0E
0D
#3274000
0"
0C
#3275000
1"
1C
0c
1F
1D
0Z
1X
0Y
07
18
06
0.
1,
0-
1L
#3276000
0"
0C
#3277000
1"
1C
1d
1E
0D
#3278000
0"
0C
#3279000
1"
1C
1c
0d
0F
1D
0E
0D
#3280000
0"
0C
#3281000
1"
1C
0c
1F
1D
1Z
16
1.
0L
1G
#3282000
0"
0C
#3283000
1"
1C
1d
1E
0D
#3284000
0"
0C
#3285000
1"
1C
1c
0d
0F
1D
0E
0D
#3286000
0"
0C
#3287000
1"
1C
0c
1F
1D
0Z
1Y
17
06
0.
1-
1L
#3288000
0"
0C
#3289000
1"
1C
1d
1E
0D
#3290000
0"
0C
#3291000
1"
1C
1c
0d
0F
1D
0E
0D
#3292000
0"
0C
#3293000
1"
1C
0c
1F
1D
1Z
16
1.
0L
1J
0I
0G
#3294000
0"
0C
#3295000
1"
1C
1d
1E
0D
#3296000
0"
0C
#3297000
1"
1C
1c
0d
0F
1D
0E
0D
#3298000
0"
0C
#3299000
1"
1C
0c
1F
1D
0Z
1W
0X
0Y
07
08
19
06
0.
1+
0,
0-
1L
#3300000
0"
0C
#3301000
1"
1C
1d
1E
0D
#3302000
0"
0C
#3303000
1"
1C
1c
0d
0F
1D
0E
0D
#3304000
0"
0C
#3305000
1"
1C
0c
1F
1D
1Z
16
1.
0L
0K
1G
0J
0G
#3306000
0"
0C
#3307000
1"
1C
1d
1E
0D
#3308000
0"
0C
#3309000
1"
1C
1c
0d
0F
1D
0E
0D
#3310000
0"
0C
#3311000
1"
1C
0c
1F
1D
0Z
0W
09
06
0.
0+
1K
1L
1^
1:
1*
0Q
1M
#3312000
0"
0C
#3313000
1"
1C
1d
1E
0D
#3314000
0"
0C
#3315000
1"
1C
1c
0d
0F
1D
0E
0D
#3316000
0"
0C
#3317000
1"
1C
0c
1F
1D
1Z
16
1.
0L
1G
#3318000
0"
0C
#3319000
1"
1C
1d
1E
0D
#3320000
0"
0C
#3321000
1"
1C
1c
0d
0F
1D
0E
0D
#3322000
0"
0C
#3323000
1"
1C
0c
1F
1D
0Z
1Y
17
06
0.
1-
1L
#3324000
0"
0C
#3325000
1"
1C
1d
1E
0D
#3326000
0"
0C
#3327000
1"
1C
1c
0d
0F
1D
0E
0D
#3328000
0"
0C
#3329000
1"
1C
0c
1F
1D
1Z
16
1.
0L
1I
0G
#3330000
0"
0C
#3331000
1"
1C
1d
1E
0D
#3332000
0"
0C
#3333000
1"
1C
1c
0d
0F
1D
0E
0D
#3334000
0"
0C
#3335000
1"
1C
0c
1F
1D
0Z
1X
0Y
07
18
06
0.
1,
0-
1L
#3336000
0"
0C
#3337000
1"
1C
1d
1E
0D
#3338000
0"
0C
#3339000
1"
1C
1c
0d
0F
1D
0E
0D
#3340000
0"
0C
#3341000
1"
1C
0c
1F
1D
1Z
16
1.
0L
1G
#3342000
0"
0C
#3343000
1"
1C
1d
1E
0D
#3344000
0"
0C
#3345000
1"
1C
1c
0d
0F
1D
0E
0D
#3346000
0"
0C
#3347000
1"
1C
0c
1F
1D
0Z
1Y
17
06
0.
1-
1L
#3348000
0"
0C
#3349000
1"
1C
1d
1E
0D
#3350000
0"
0C
#3351000
1"
1C
1c
0d
0F
1D
0E
0D
#3352000
0"
0C
#3353000
1"
1C
0c
1F
1D
1Z
16
1.
0L
1J
0I
0G
#3354000
0"
0C
#3355000
1"
1C
1d
1E
0D
#3356000
0"
0C
#3357000
1"
1C
1c
0d
0F
1D
0E
0D
#3358000
0"
0C
#3359000
1"
1C
0c
1F
1D
0Z
1W
0X
0Y
07
08
19
06
0.
1+
0,
0-
1L
#3360000
0"
0C
#3361000
1"
1C
1d
1E
0D
#3362000
0"
0C
#3363000
1"
1C
1c
0d
0F
1D
0E
0D
#3364000
0"
0C
#3365000
1"
1C
0c
1F
1D
1Z
16
1.
0L
0K
1G
0J
0G
#3366000
0"
0C
#3367000
1"
1C
1d
1E
0D
#3368000
0"
0C
#3369000
1"
1C
1c
0d
0F
1D
0E
0D
#3370000
0"
0C
#3371000
1"
1C
0c
1F
1D
0Z
0W
09
06
0.
0+
1K
1L
0^
1]
1;
0:
0*
1)
1Q
#3372000
0"
0C
#3373000
1"
1C
1d
1E
0D
#3374000
0"
0C
#3375000
1"
1C
1c
0d
0F
1D
0E
0D
#3376000
0"
0C
#3377000
1"
1C
0c
1F
1D
1Z
16
1.
0L
1G
#3378000
0"
0C
#3379000
1"
1C
1d
1E
0D
#3380000
0"
0C
#3381000
1"
1C
1c
0d
0F
1D
0E
0D
#3382000
0"
0C
#3383000
1"
1C
0c
1F
1D
0Z
1Y
17
06
0.
1-
1L
#3384000
0"
0C
#3385000
1"
1C
1d
1E
0D
#3386000
0"
0C
#3387000
1"
1C
1c
0d
0F
1D
0E
0D
#3388000
0"
0C
#3389000
1"
1C
0c
1F
1D
1Z
16
1.
0L
1I
0G
#3390000
0"
0C
#3391000
1"
1C
1d
1E
0D
#3392000
0"
0C
#3393000
1"
1C
1c
0d
0F
1D
0E
0D
#3394000
0"
0C
#3395000
1"
1C
0c
1F
1D
0Z
1X
0Y
07
18
06
0.
1,
0-
1L
#3396000
0"
0C
#3397000
1"
1C
1d
1E
0D
#3398000
0"
0C
#3399000
1"
1C
1c
0d
0F
1D
0E
0D
#3400000
0"
0C
#3401000
1"
1C
0c
1F
1D
1Z
16
1.
0L
1G
#3402000
0"
0C
#3403000
1"
1C
1d
1E
0D
#3404000
0"
0C
#3405000
1"
1C
1c
0d
0F
1D
0E
0D
#3406000
0"
0C
#3407000
1"
1C
0c
1F
1D
0Z
1Y
17
06
0.
1-
1L
#3408000
0"
0C
#3409000
1"
1C
1d
1E
0D
#3410000
0"
0C
#3411000
1"
1C
1c
0d
0F
1D
0E
0D
#3412000
0"
0C
#3413000
1"
1C
0c
1F
1D
1Z
16
1.
0L
1J
0I
0G
#3414000
0"
0C
#3415000
1"
1C
1d
1E
0D
#3416000
0"
0C
#3417000
1"
1C
1c
0d
0F
1D
0E
0D
#3418000
0"
0C
#3419000
1"
1C
0c
1F
1D
0Z
1W
0X
0Y
07
08
19
06
0.
1+
0,
0-
1L
#3420000
0"
0C
#3421000
1"
1C
1d
1E
0D
#3422000
0"
0C
#3423000
1"
1C
1c
0d
0F
1D
0E
0D
#3424000
0"
0C
#3425000
1"
1C
0c
1F
1D
1Z
16
1.
0L
0K
1G
0J
0G
#3426000
0"
0C
#3427000
1"
1C
1d
1E
0D
#3428000
0"
0C
#3429000
1"
1C
1c
0d
0F
1D
0E
0D
#3430000
0"
0C
#3431000
1"
1C
0c
1F
1D
0Z
0W
09
06
0.
0+
1K
1L
1^
1:
1*
0Q
1O
0N
0M
#3432000
0"
0C
#3433000
1"
1C
1d
1E
0D
#3434000
0"
0C
#3435000
1"
1C
1c
0d
0F
1D
0E
0D
#3436000
0"
0C
#3437000
1"
1C
0c
1F
1D
1Z
16
1.
0L
1G
#3438000
0"
0C
#3439000
1"
1C
1d
1E
0D
#3440000
0"
0C
#3441000
1"
1C
1c
0d
0F
1D
0E
0D
#3442000
0"
0C
#3443000
1"
1C
0c
1F
1D
0Z
1Y
17
06
0.
1-
1L
#3444000
0"
0C
#3445000
1"
1C
1d
1E
0D
#3446000
0"
0C
#3447000
1"
1C
1c
0d
0F
1D
0E
0D
#3448000
0"
0C
#3449000
1"
1C
0c
1F
1D
1Z
16
1.
0L
1I
0G
#3450000
0"
0C
#3451000
1"
1C
1d
1E
0D
#3452000
0"
0C
#3453000
1"
1C
1c
0d
0F
1D
0E
0D
#3454000
0"
0C
#3455000
1"
1C
0c
1F
1D
0Z
1X
0Y
07
18
06
0.
1,
0-
1L
#3456000
0"
0C
#3457000
1"
1C
1d
1E
0D
#3458000
0"
0C
#3459000
1"
1C
1c
0d
0F
1D
0E
0D
#3460000
0"
0C
#3461000
1"
1C
0c
1F
1D
1Z
16
1.
0L
1G
#3462000
0"
0C
#3463000
1"
1C
1d
1E
0D
#3464000
0"
0C
#3465000
1"
1C
1c
0d
0F
1D
0E
0D
#3466000
0"
0C
#3467000
1"
1C
0c
1F
1D
0Z
1Y
17
06
0.
1-
1L
#3468000
0"
0C
#3469000
1"
1C
1d
1E
0D
#3470000
0"
0C
#3471000
1"
1C
1c
0d
0F
1D
0E
0D
#3472000
0"
0C
#3473000
1"
1C
0c
1F
1D
1Z
16
1.
0L
1J
0I
0G
#3474000
0"
0C
#3475000
1"
1C
1d
1E
0D
#3476000
0"
0C
#3477000
1"
1C
1c
0d
0F
1D
0E
0D
#3478000
0"
0C
#3479000
1"
1C
0c
1F
1D
0Z
1W
0X
0Y
07
08
19
06
0.
1+
0,
0-
1L
#3480000
0"
0C
#3481000
1"
1C
1d
1E
0D
#3482000
0"
0C
#3483000
1"
1C
1c
0d
0F
1D
0E
0D
#3484000
0"
0C
#3485000
1"
1C
0c
1F
1D
1Z
16
1.
0L
0K
1G
0J
0G
#3486000
0"
0C
#3487000
1"
1C
1d
1E
0D
#3488000
0"
0C
#3489000
1"
1C
1c
0d
0F
1D
0E
0D
#3490000
0"
0C
#3491000
1"
1C
0c
1F
1D
0Z
0W
09
06
0.
0+
1K
1L
0^
1[
0\
0]
0;
0<
1=
0:
0*
1'
0(
0)
1Q
#3492000
0"
0C
#3493000
1"
1C
1d
1E
0D
#3494000
0"
0C
#3495000
1"
1C
1c
0d
0F
1D
0E
0D
#3496000
0"
0C
#3497000
1"
1C
0c
1F
1D
1Z
16
1.
0L
1G
#3498000
0"
0C
#3499000
1"
1C
1d
1E
0D
#3500000
0"
0C
#3501000
1"
1C
1c
0d
0F
1D
0E
0D
#3502000
0"
0C
#3503000
1"
1C
0c
1F
1D
0Z
1Y
17
06
0.
1-
1L
#3504000
0"
0C
#3505000
1"
1C
1d
1E
0D
#3506000
0"
0C
#3507000
1"
1C
1c
0d
0F
1D
0E
0D
#3508000
0"
0C
#3509000
1"
1C
0c
1F
1D
1Z
16
1.
0L
1I
0G
#3510000
0"
0C
#3511000
1"
1C
1d
1E
0D
#3512000
0"
0C
#3513000
1"
1C
1c
0d
0F
1D
0E
0D
#3514000
0"
0C
#3515000
1"
1C
0c
1F
1D
0Z
1X
0Y
07
18
06
0.
1,
0-
1L
#3516000
0"
0C
#3517000
1"
1C
1d
1E
0D
#3518000
0"
0C
#3519000
1"
1C
1c
0d
0F
1D
0E
0D
#3520000
0"
0C
#3521000
1"
1C
0c
1F
1D
1Z
16
1.
0L
1G
#3522000
0"
0C
#3523000
1"
1C
1d
1E
0D
#3524000
0"
0C
#3525000
1"
1C
1c
0d
0F
1D
0E
0D
#3526000
0"
0C
#3527000
1"
1C
0c
1F
1D
0Z
1Y
17
06
0.
1-
1L
#3528000
0"
0C
#3529000
1"
1C
1d
1E
0D
#3530000
0"
0C
#3531000
1"
1C
1c
0d
0F
1D
0E
0D
#3532000
0"
0C
#3533000
1"
1C
0c
1F
1D
1Z
16
1.
0L
1J
0I
0G
#3534000
0"
0C
#3535000
1"
1C
1d
1E
0D
#3536000
0"
0C
#3537000
1"
1C
1c
0d
0F
1D
0E
0D
#3538000
0"
0C
#3539000
1"
1C
0c
1F
1D
0Z
1W
0X
0Y
07
08
19
06
0.
1+
0,
0-
1L
#3540000
0"
0C
#3541000
1"
1C
1d
1E
0D
#3542000
0"
0C
#3543000
1"
1C
1c
0d
0F
1D
0E
0D
#3544000
0"
0C
#3545000
1"
1C
0c
1F
1D
1Z
16
1.
0L
0K
1G
0J
0G
#3546000
0"
0C
#3547000
1"
1C
1d
1E
0D
#3548000
0"
0C
#3549000
1"
1C
1c
0d
0F
1D
0E
0D
#3550000
0"
0C
#3551000
1"
1C
0c
1F
1D
0Z
0W
09
06
0.
0+
1K
1L
1^
1:
1*
0Q
0P
1M
0O
0M
#3552000
0"
0C
#3553000
1"
1C
1d
1E
0D
#3554000
0"
0C
#3555000
1"
1C
1c
0d
0F
1D
0E
0D
#3556000
0"
0C
#3557000
1"
1C
0c
1F
1D
1Z
16
1.
0L
1G
#3558000
0"
0C
#3559000
1"
1C
1d
1E
0D
#3560000
0"
0C
#3561000
1"
1C
1c
0d
0F
1D
0E
0D
#3562000
0"
0C
#3563000
1"
1C
0c
1F
1D
0Z
1Y
17
06
0.
1-
1L
#3564000
0"
0C
#3565000
1"
1C
1d
1E
0D
#3566000
0"
0C
#3567000
1"
1C
1c
0d
0F
1D
0E
0D
#3568000
0"
0C
#3569000
1"
1C
0c
1F
1D
1Z
16
1.
0L
1I
0G
#3570000
0"
0C
#3571000
1"
1C
1d
1E
0D
#3572000
0"
0C
#3573000
1"
1C
1c
0d
0F
1D
0E
0D
#3574000
0"
0C
#3575000
1"
1C
0c
1F
1D
0Z
1X
0Y
07
18
06
0.
1,
0-
1L
#3576000
0"
0C
#3577000
1"
1C
1d
1E
0D
#3578000
0"
0C
#3579000
1"
1C
1c
0d
0F
1D
0E
0D
#3580000
0"
0C
#3581000
1"
1C
0c
1F
1D
1Z
16
1.
0L
1G
#3582000
0"
0C
#3583000
1"
1C
1d
1E
0D
#3584000
0"
0C
#3585000
1"
1C
1c
0d
0F
1D
0E
0D
#3586000
0"
0C
#3587000
1"
1C
0c
1F
1D
0Z
1Y
17
06
0.
1-
1L
#3588000
0"
0C
#3589000
1"
1C
1d
1E
0D
#3590000
0"
0C
#3591000
1"
1C
1c
0d
0F
1D
0E
0D
#3592000
0"
0C
#3593000
1"
1C
0c
1F
1D
1Z
16
1.
0L
1J
0I
0G
#3594000
0"
0C
#3595000
1"
1C
1d
1E
0D
#3596000
0"
0C
#3597000
1"
1C
1c
0d
0F
1D
0E
0D
#3598000
0"
0C
#3599000
1"
1C
0c
1F
1D
0Z
1W
0X
0Y
07
08
19
06
0.
1+
0,
0-
1L
#3600000
0"
0C
#3601000
1"
1C
1d
1E
0D
#3602000
0"
0C
#3603000
1"
1C
1c
0d
0F
1D
0E
0D
#3604000
0"
0C
#3605000
1"
1C
0c
1F
1D
1Z
16
1.
0L
0K
1G
0J
0G
#3606000
0"
0C
#3607000
1"
1C
1d
1E
0D
#3608000
0"
0C
#3609000
1"
1C
1c
0d
0F
1D
0E
0D
#3610000
0"
0C
#3611000
1"
1C
0c
1F
1D
0Z
0W
09
06
0.
0+
1K
1L
0^
0[
0=
0:
0*
0'
1P
1Q
1a
0b
0>
1?
1%
0&
1R
#3612000
0"
0C
#3613000
1"
1C
1d
1E
0D
#3614000
0"
0C
#3615000
1"
1C
1c
0d
0F
1D
0E
0D
#3616000
0"
0C
#3617000
1"
1C
0c
1F
1D
1Z
16
1.
0L
1G
#3618000
0"
0C
#3619000
1"
1C
1d
1E
0D
#3620000
0"
0C
#3621000
1"
1C
1c
0d
0F
1D
0E
0D
#3622000
0"
0C
#3623000
1"
1C
0c
1F
1D
0Z
1Y
17
06
0.
1-
1L
#3624000
0"
0C
#3625000
1"
1C
1d
1E
0D
#3626000
0"
0C
#3627000
1"
1C
1c
0d
0F
1D
0E
0D
#3628000
0"
0C
#3629000
1"
1C
0c
1F
1D
1Z
16
1.
0L
1I
0G
#3630000
0"
0C
#3631000
1"
1C
1d
1E
0D
#3632000
0"
0C
#3633000
1"
1C
1c
0d
0F
1D
0E
0D
#3634000
0"
0C
#3635000
1"
1C
0c
1F
1D
0Z
1X
0Y
07
18
06
0.
1,
0-
1L
#3636000
0"
0C
#3637000
1"
1C
1d
1E
0D
#3638000
0"
0C
#3639000
1"
1C
1c
0d
0F
1D
0E
0D
#3640000
0"
0C
#3641000
1"
1C
0c
1F
1D
1Z
16
1.
0L
1G
#3642000
0"
0C
#3643000
1"
1C
1d
1E
0D
#3644000
0"
0C
#3645000
1"
1C
1c
0d
0F
1D
0E
0D
#3646000
0"
0C
#3647000
1"
1C
0c
1F
1D
0Z
1Y
17
06
0.
1-
1L
#3648000
0"
0C
#3649000
1"
1C
1d
1E
0D
#3650000
0"
0C
#3651000
1"
1C
1c
0d
0F
1D
0E
0D
#3652000
0"
0C
#3653000
1"
1C
0c
1F
1D
1Z
16
1.
0L
1J
0I
0G
#3654000
0"
0C
#3655000
1"
1C
1d
1E
0D
#3656000
0"
0C
#3657000
1"
1C
1c
0d
0F
1D
0E
0D
#3658000
0"
0C
#3659000
1"
1C
0c
1F
1D
0Z
1W
0X
0Y
07
08
19
06
0.
1+
0,
0-
1L
#3660000
0"
0C
#3661000
1"
1C
1d
1E
0D
#3662000
0"
0C
#3663000
1"
1C
1c
0d
0F
1D
0E
0D
#3664000
0"
0C
#3665000
1"
1C
0c
1F
1D
1Z
16
1.
0L
0K
1G
0J
0G
#3666000
0"
0C
#3667000
1"
1C
1d
1E
0D
#3668000
0"
0C
#3669000
1"
1C
1c
0d
0F
1D
0E
0D
#3670000
0"
0C
#3671000
1"
1C
0c
1F
1D
0Z
0W
09
06
0.
0+
1K
1L
1^
1:
1*
0Q
1M
#3672000
0"
0C
#3673000
1"
1C
1d
1E
0D
#3674000
0"
0C
#3675000
1"
1C
1c
0d
0F
1D
0E
0D
#3676000
0"
0C
#3677000
1"
1C
0c
1F
1D
1Z
16
1.
0L
1G
#3678000
0"
0C
#3679000
1"
1C
1d
1E
0D
#3680000
0"
0C
#3681000
1"
1C
1c
0d
0F
1D
0E
0D
#3682000
0"
0C
#3683000
1"
1C
0c
1F
1D
0Z
1Y
17
06
0.
1-
1L
#3684000
0"
0C
#3685000
1"
1C
1d
1E
0D
#3686000
0"
0C
#3687000
1"
1C
1c
0d
0F
1D
0E
0D
#3688000
0"
0C
#3689000
1"
1C
0c
1F
1D
1Z
16
1.
0L
1I
0G
#3690000
0"
0C
#3691000
1"
1C
1d
1E
0D
#3692000
0"
0C
#3693000
1"
1C
1c
0d
0F
1D
0E
0D
#3694000
0"
0C
#3695000
1"
1C
0c
1F
1D
0Z
1X
0Y
07
18
06
0.
1,
0-
1L
#3696000
0"
0C
#3697000
1"
1C
1d
1E
0D
#3698000
0"
0C
#3699000
1"
1C
1c
0d
0F
1D
0E
0D
#3700000
0"
0C
#3701000
1"
1C
0c
1F
1D
1Z
16
1.
0L
1G
#3702000
0"
0C
#3703000
1"
1C
1d
1E
0D
#3704000
0"
0C
#3705000
1"
1C
1c
0d
0F
1D
0E
0D
#3706000
0"
0C
#3707000
1"
1C
0c
1F
1D
0Z
1Y
17
06
0.
1-
1L
#3708000
0"
0C
#3709000
1"
1C
1d
1E
0D
#3710000
0"
0C
#3711000
1"
1C
1c
0d
0F
1D
0E
0D
#3712000
0"
0C
#3713000
1"
1C
0c
1F
1D
1Z
16
1.
0L
1J
0I
0G
#3714000
0"
0C
#3715000
1"
1C
1d
1E
0D
#3716000
0"
0C
#3717000
1"
1C
1c
0d
0F
1D
0E
0D
#3718000
0"
0C
#3719000
1"
1C
0c
1F
1D
0Z
1W
0X
0Y
07
08
19
06
0.
1+
0,
0-
1L
#3720000
0"
0C
#3721000
1"
1C
1d
1E
0D
#3722000
0"
0C
#3723000
1"
1C
1c
0d
0F
1D
0E
0D
#3724000
0"
0C
#3725000
1"
1C
0c
1F
1D
1Z
16
1.
0L
0K
1G
0J
0G
#3726000
0"
0C
#3727000
1"
1C
1d
1E
0D
#3728000
0"
0C
#3729000
1"
1C
1c
0d
0F
1D
0E
0D
#3730000
0"
0C
#3731000
1"
1C
0c
1F
1D
0Z
0W
09
06
0.
0+
1K
1L
0^
1]
1;
0:
0*
1)
1Q
#3732000
0"
0C
#3733000
1"
1C
1d
1E
0D
#3734000
0"
0C
#3735000
1"
1C
1c
0d
0F
1D
0E
0D
#3736000
0"
0C
#3737000
1"
1C
0c
1F
1D
1Z
16
1.
0L
1G
#3738000
0"
0C
#3739000
1"
1C
1d
1E
0D
#3740000
0"
0C
#3741000
1"
1C
1c
0d
0F
1D
0E
0D
#3742000
0"
0C
#3743000
1"
1C
0c
1F
1D
0Z
1Y
17
06
0.
1-
1L
#3744000
0"
0C
#3745000
1"
1C
1d
1E
0D
#3746000
0"
0C
#3747000
1"
1C
1c
0d
0F
1D
0E
0D
#3748000
0"
0C
#3749000
1"
1C
0c
1F
1D
1Z
16
1.
0L
1I
0G
#3750000
0"
0C
#3751000
1"
1C
1d
1E
0D
#3752000
0"
0C
#3753000
1"
1C
1c
0d
0F
1D
0E
0D
#3754000
0"
0C
#3755000
1"
1C
0c
1F
1D
0Z
1X
0Y
07
18
06
0.
1,
0-
1L
#3756000
0"
0C
#3757000
1"
1C
1d
1E
0D
#3758000
0"
0C
#3759000
1"
1C
1c
0d
0F
1D
0E
0D
#3760000
0"
0C
#3761000
1"
1C
0c
1F
1D
1Z
16
1.
0L
1G
#3762000
0"
0C
#3763000
1"
1C
1d
1E
0D
#3764000
0"
0C
#3765000
1"
1C
1c
0d
0F
1D
0E
0D
#3766000
0"
0C
#3767000
1"
1C
0c
1F
1D
0Z
1Y
17
06
0.
1-
1L
#3768000
0"
0C
#3769000
1"
1C
1d
1E
0D
#3770000
0"
0C
#3771000
1"
1C
1c
0d
0F
1D
0E
0D
#3772000
0"
0C
#3773000
1"
1C
0c
1F
1D
1Z
16
1.
0L
1J
0I
0G
#3774000
0"
0C
#3775000
1"
1C
1d
1E
0D
#3776000
0"
0C
#3777000
1"
1C
1c
0d
0F
1D
0E
0D
#3778000
0"
0C
#3779000
1"
1C
0c
1F
1D
0Z
1W
0X
0Y
07
08
19
06
0.
1+
0,
0-
1L
#3780000
0"
0C
#3781000
1"
1C
1d
1E
0D
#3782000
0"
0C
#3783000
1"
1C
1c
0d
0F
1D
0E
0D
#3784000
0"
0C
#3785000
1"
1C
0c
1F
1D
1Z
16
1.
0L
0K
1G
0J
0G
#3786000
0"
0C
#3787000
1"
1C
1d
1E
0D
#3788000
0"
0C
#3789000
1"
1C
1c
0d
0F
1D
0E
0D
#3790000
0"
0C
#3791000
1"
1C
0c
1F
1D
0Z
0W
09
06
0.
0+
1K
1L
1^
1:
1*
0Q
1N
0M
#3792000
0"
0C
#3793000
1"
1C
1d
1E
0D
#3794000
0"
0C
#3795000
1"
1C
1c
0d
0F
1D
0E
0D
#3796000
0"
0C
#3797000
1"
1C
0c
1F
1D
1Z
16
1.
0L
1G
#3798000
0"
0C
#3799000
1"
1C
1d
1E
0D
#3800000
0"
0C
#3801000
1"
1C
1c
0d
0F
1D
0E
0D
#3802000
0"
0C
#3803000
1"
1C
0c
1F
1D
0Z
1Y
17
06
0.
1-
1L
#3804000
0"
0C
#3805000
1"
1C
1d
1E
0D
#3806000
0"
0C
#3807000
1"
1C
1c
0d
0F
1D
0E
0D
#3808000
0"
0C
#3809000
1"
1C
0c
1F
1D
1Z
16
1.
0L
1I
0G
#3810000
0"
0C
#3811000
1"
1C
1d
1E
0D
#3812000
0"
0C
#3813000
1"
1C
1c
0d
0F
1D
0E
0D
#3814000
0"
0C
#3815000
1"
1C
0c
1F
1D
0Z
1X
0Y
07
18
06
0.
1,
0-
1L
#3816000
0"
0C
#3817000
1"
1C
1d
1E
0D
#3818000
0"
0C
#3819000
1"
1C
1c
0d
0F
1D
0E
0D
#3820000
0"
0C
#3821000
1"
1C
0c
1F
1D
1Z
16
1.
0L
1G
#3822000
0"
0C
#3823000
1"
1C
1d
1E
0D
#3824000
0"
0C
#3825000
1"
1C
1c
0d
0F
1D
0E
0D
#3826000
0"
0C
#3827000
1"
1C
0c
1F
1D
0Z
1Y
17
06
0.
1-
1L
#3828000
0"
0C
#3829000
1"
1C
1d
1E
0D
#3830000
0"
0C
#3831000
1"
1C
1c
0d
0F
1D
0E
0D
#3832000
0"
0C
#3833000
1"
1C
0c
1F
1D
1Z
16
1.
0L
1J
0I
0G
#3834000
0"
0C
#3835000
1"
1C
1d
1E
0D
#3836000
0"
0C
#3837000
1"
1C
1c
0d
0F
1D
0E
0D
#3838000
0"
0C
#3839000
1"
1C
0c
1F
1D
0Z
1W
0X
0Y
07
08
19
06
0.
1+
0,
0-
1L
#3840000
0"
0C
#3841000
1"
1C
1d
1E
0D
#3842000
0"
0C
#3843000
1"
1C
1c
0d
0F
1D
0E
0D
#3844000
0"
0C
#3845000
1"
1C
0c
1F
1D
1Z
16
1.
0L
0K
1G
0J
0G
#3846000
0"
0C
#3847000
1"
1C
1d
1E
0D
#3848000
0"
0C
#3849000
1"
1C
1c
0d
0F
1D
0E
0D
#3850000
0"
0C
#3851000
1"
1C
0c
1F
1D
0Z
0W
09
06
0.
0+
1K
1L
0^
1\
0]
0;
1<
0:
0*
1(
0)
1Q
#3852000
0"
0C
#3853000
1"
1C
1d
1E
0D
#3854000
0"
0C
#3855000
1"
1C
1c
0d
0F
1D
0E
0D
#3856000
0"
0C
#3857000
1"
1C
0c
1F
1D
1Z
16
1.
0L
1G
#3858000
0"
0C
#3859000
1"
1C
1d
1E
0D
#3860000
0"
0C
#3861000
1"
1C
1c
0d
0F
1D
0E
0D
#3862000
0"
0C
#3863000
1"
1C
0c
1F
1D
0Z
1Y
17
06
0.
1-
1L
#3864000
0"
0C
#3865000
1"
1C
1d
1E
0D
#3866000
0"
0C
#3867000
1"
1C
1c
0d
0F
1D
0E
0D
#3868000
0"
0C
#3869000
1"
1C
0c
1F
1D
1Z
16
1.
0L
1I
0G
#3870000
0"
0C
#3871000
1"
1C
1d
1E
0D
#3872000
0"
0C
#3873000
1"
1C
1c
0d
0F
1D
0E
0D
#3874000
0"
0C
#3875000
1"
1C
0c
1F
1D
0Z
1X
0Y
07
18
06
0.
1,
0-
1L
#3876000
0"
0C
#3877000
1"
1C
1d
1E
0D
#3878000
0"
0C
#3879000
1"
1C
1c
0d
0F
1D
0E
0D
#3880000
0"
0C
#3881000
1"
1C
0c
1F
1D
1Z
16
1.
0L
1G
#3882000
0"
0C
#3883000
1"
1C
1d
1E
0D
#3884000
0"
0C
#3885000
1"
1C
1c
0d
0F
1D
0E
0D
#3886000
0"
0C
#3887000
1"
1C
0c
1F
1D
0Z
1Y
17
06
0.
1-
1L
#3888000
0"
0C
#3889000
1"
1C
1d
1E
0D
#3890000
0"
0C
#3891000
1"
1C
1c
0d
0F
1D
0E
0D
#3892000
0"
0C
#3893000
1"
1C
0c
1F
1D
1Z
16
1.
0L
1J
0I
0G
#3894000
0"
0C
#3895000
1"
1C
1d
1E
0D
#3896000
0"
0C
#3897000
1"
1C
1c
0d
0F
1D
0E
0D
#3898000
0"
0C
#3899000
1"
1C
0c
1F
1D
0Z
1W
0X
0Y
07
08
19
06
0.
1+
0,
0-
1L
#3900000
0"
0C
#3901000
1"
1C
1d
1E
0D
#3902000
0"
0C
#3903000
1"
1C
1c
0d
0F
1D
0E
0D
#3904000
0"
0C
#3905000
1"
1C
0c
1F
1D
1Z
16
1.
0L
0K
1G
0J
0G
#3906000
0"
0C
#3907000
1"
1C
1d
1E
0D
#3908000
0"
0C
#3909000
1"
1C
1c
0d
0F
1D
0E
0D
#3910000
0"
0C
#3911000
1"
1C
0c
1F
1D
0Z
0W
09
06
0.
0+
1K
1L
1^
1:
1*
0Q
1M
#3912000
0"
0C
#3913000
1"
1C
1d
1E
0D
#3914000
0"
0C
#3915000
1"
1C
1c
0d
0F
1D
0E
0D
#3916000
0"
0C
#3917000
1"
1C
0c
1F
1D
1Z
16
1.
0L
1G
#3918000
0"
0C
#3919000
1"
1C
1d
1E
0D
#3920000
0"
0C
#3921000
1"
1C
1c
0d
0F
1D
0E
0D
#3922000
0"
0C
#3923000
1"
1C
0c
1F
1D
0Z
1Y
17
06
0.
1-
1L
#3924000
0"
0C
#3925000
1"
1C
1d
1E
0D
#3926000
0"
0C
#3927000
1"
1C
1c
0d
0F
1D
0E
0D
#3928000
0"
0C
#3929000
1"
1C
0c
1F
1D
1Z
16
1.
0L
1I
0G
#3930000
0"
0C
#3931000
1"
1C
1d
1E
0D
#3932000
0"
0C
#3933000
1"
1C
1c
0d
0F
1D
0E
0D
#3934000
0"
0C
#3935000
1"
1C
0c
1F
1D
0Z
1X
0Y
07
18
06
0.
1,
0-
1L
#3936000
0"
0C
#3937000
1"
1C
1d
1E
0D
#3938000
0"
0C
#3939000
1"
1C
1c
0d
0F
1D
0E
0D
#3940000
0"
0C
#3941000
1"
1C
0c
1F
1D
1Z
16
1.
0L
1G
#3942000
0"
0C
#3943000
1"
1C
1d
1E
0D
#3944000
0"
0C
#3945000
1"
1C
1c
0d
0F
1D
0E
0D
#3946000
0"
0C
#3947000
1"
1C
0c
1F
1D
0Z
1Y
17
06
0.
1-
1L
#3948000
0"
0C
#3949000
1"
1C
1d
1E
0D
#3950000
0"
0C
#3951000
1"
1C
1c
0d
0F
1D
0E
0D
#3952000
0"
0C
#3953000
1"
1C
0c
1F
1D
1Z
16
1.
0L
1J
0I
0G
#3954000
0"
0C
#3955000
1"
1C
1d
1E
0D
#3956000
0"
0C
#3957000
1"
1C
1c
0d
0F
1D
0E
0D
#3958000
0"
0C
#3959000
1"
1C
0c
1F
1D
0Z
1W
0X
0Y
07
08
19
06
0.
1+
0,
0-
1L
#3960000
0"
0C
#3961000
1"
1C
1d
1E
0D
#3962000
0"
0C
#3963000
1"
1C
1c
0d
0F
1D
0E
0D
#3964000
0"
0C
#3965000
1"
1C
0c
1F
1D
1Z
16
1.
0L
0K
1G
0J
0G
#3966000
0"
0C
#3967000
1"
1C
1d
1E
0D
#3968000
0"
0C
#3969000
1"
1C
1c
0d
0F
1D
0E
0D
#3970000
0"
0C
#3971000
1"
1C
0c
1F
1D
0Z
0W
09
06
0.
0+
1K
1L
0^
1]
1;
0:
0*
1)
1Q
#3972000
0"
0C
#3973000
1"
1C
1d
1E
0D
#3974000
0"
0C
#3975000
1"
1C
1c
0d
0F
1D
0E
0D
#3976000
0"
0C
#3977000
1"
1C
0c
1F
1D
1Z
16
1.
0L
1G
#3978000
0"
0C
#3979000
1"
1C
1d
1E
0D
#3980000
0"
0C
#3981000
1"
1C
1c
0d
0F
1D
0E
0D
#3982000
0"
0C
#3983000
1"
1C
0c
1F
1D
0Z
1Y
17
06
0.
1-
1L
#3984000
0"
0C
#3985000
1"
1C
1d
1E
0D
#3986000
0"
0C
#3987000
1"
1C
1c
0d
0F
1D
0E
0D
#3988000
0"
0C
#3989000
1"
1C
0c
1F
1D
1Z
16
1.
0L
1I
0G
#3990000
0"
0C
#3991000
1"
1C
1d
1E
0D
#3992000
0"
0C
#3993000
1"
1C
1c
0d
0F
1D
0E
0D
#3994000
0"
0C
#3995000
1"
1C
0c
1F
1D
0Z
1X
0Y
07
18
06
0.
1,
0-
1L
#3996000
0"
0C
#3997000
1"
1C
1d
1E
0D
#3998000
0"
0C
#3999000
1"
1C
1c
0d
0F
1D
0E
0D
#4000000
0"
0C
#4001000
1"
1C
0c
1F
1D
1Z
16
1.
0L
1G
#4002000
0"
0C
#4003000
1"
1C
1d
1E
0D
#4004000
0"
0C
#4005000
1"
1C
1c
0d
0F
1D
0E
0D
#4006000
0"
0C
#4007000
1"
1C
0c
1F
1D
0Z
1Y
17
06
0.
1-
1L
#4008000
0"
0C
#4009000
1"
1C
1d
1E
0D
#4010000
0"
0C
#4011000
1"
1C
1c
0d
0F
1D
0E
0D
#4012000
0"
0C
#4013000
1"
1C
0c
1F
1D
1Z
16
1.
0L
1J
0I
0G
#4014000
0"
0C
#4015000
1"
1C
1d
1E
0D
#4016000
0"
0C
#4017000
1"
1C
1c
0d
0F
1D
0E
0D
#4018000
0"
0C
#4019000
1"
1C
0c
1F
1D
0Z
1W
0X
0Y
07
08
19
06
0.
1+
0,
0-
1L
#4020000
0"
0C
#4021000
1"
1C
1d
1E
0D
#4022000
0"
0C
#4023000
1"
1C
1c
0d
0F
1D
0E
0D
#4024000
0"
0C
#4025000
1"
1C
0c
1F
1D
1Z
16
1.
0L
0K
1G
0J
0G
#4026000
0"
0C
#4027000
1"
1C
1d
1E
0D
#4028000
0"
0C
#4029000
1"
1C
1c
0d
0F
1D
0E
0D
#4030000
0"
0C
#4031000
1"
1C
0c
1F
1D
0Z
0W
09
06
0.
0+
1K
1L
1^
1:
1*
0Q
1O
0N
0M
#4032000
0"
0C
#4033000
1"
1C
1d
1E
0D
#4034000
0"
0C
#4035000
1"
1C
1c
0d
0F
1D
0E
0D
#4036000
0"
0C
#4037000
1"
1C
0c
1F
1D
1Z
16
1.
0L
1G
#4038000
0"
0C
#4039000
1"
1C
1d
1E
0D
#4040000
0"
0C
#4041000
1"
1C
1c
0d
0F
1D
0E
0D
#4042000
0"
0C
#4043000
1"
1C
0c
1F
1D
0Z
1Y
17
06
0.
1-
1L
#4044000
0"
0C
#4045000
1"
1C
1d
1E
0D
#4046000
0"
0C
#4047000
1"
1C
1c
0d
0F
1D
0E
0D
#4048000
0"
0C
#4049000
1"
1C
0c
1F
1D
1Z
16
1.
0L
1I
0G
#4050000
0"
0C
#4051000
1"
1C
1d
1E
0D
#4052000
0"
0C
#4053000
1"
1C
1c
0d
0F
1D
0E
0D
#4054000
0"
0C
#4055000
1"
1C
0c
1F
1D
0Z
1X
0Y
07
18
06
0.
1,
0-
1L
#4056000
0"
0C
#4057000
1"
1C
1d
1E
0D
#4058000
0"
0C
#4059000
1"
1C
1c
0d
0F
1D
0E
0D
#4060000
0"
0C
#4061000
1"
1C
0c
1F
1D
1Z
16
1.
0L
1G
#4062000
0"
0C
#4063000
1"
1C
1d
1E
0D
#4064000
0"
0C
#4065000
1"
1C
1c
0d
0F
1D
0E
0D
#4066000
0"
0C
#4067000
1"
1C
0c
1F
1D
0Z
1Y
17
06
0.
1-
1L
#4068000
0"
0C
#4069000
1"
1C
1d
1E
0D
#4070000
0"
0C
#4071000
1"
1C
1c
0d
0F
1D
0E
0D
#4072000
0"
0C
#4073000
1"
1C
0c
1F
1D
1Z
16
1.
0L
1J
0I
0G
#4074000
0"
0C
#4075000
1"
1C
1d
1E
0D
#4076000
0"
0C
#4077000
1"
1C
1c
0d
0F
1D
0E
0D
#4078000
0"
0C
#4079000
1"
1C
0c
1F
1D
0Z
1W
0X
0Y
07
08
19
06
0.
1+
0,
0-
1L
#4080000
0"
0C
#4081000
1"
1C
1d
1E
0D
#4082000
0"
0C
#4083000
1"
1C
1c
0d
0F
1D
0E
0D
#4084000
0"
0C
#4085000
1"
1C
0c
1F
1D
1Z
16
1.
0L
0K
1G
0J
0G
#4086000
0"
0C
#4087000
1"
1C
1d
1E
0D
#4088000
0"
0C
#4089000
1"
1C
1c
0d
0F
1D
0E
0D
#4090000
0"
0C
#4091000
1"
1C
0c
1F
1D
0Z
0W
09
06
0.
0+
1K
1L
0^
1[
0\
0]
0;
0<
1=
0:
0*
1'
0(
0)
1Q
#4092000
0"
0C
#4093000
1"
1C
1d
1E
0D
#4094000
0"
0C
#4095000
1"
1C
1c
0d
0F
1D
0E
0D
#4096000
0"
0C
#4097000
1"
1C
0c
1F
1D
1Z
16
1.
0L
1G
#4098000
0"
0C
#4099000
1"
1C
1d
1E
0D
#4100000
0"
0C
#4101000
1"
1C
1c
0d
0F
1D
0E
0D
#4102000
0"
0C
#4103000
1"
1C
0c
1F
1D
0Z
1Y
17
06
0.
1-
1L
#4104000
0"
0C
#4105000
1"
1C
1d
1E
0D
#4106000
0"
0C
#4107000
1"
1C
1c
0d
0F
1D
0E
0D
#4108000
0"
0C
#4109000
1"
1C
0c
1F
1D
1Z
16
1.
0L
1I
0G
#4110000
0"
0C
#4111000
1"
1C
1d
1E
0D
#4112000
0"
0C
#4113000
1"
1C
1c
0d
0F
1D
0E
0D
#4114000
0"
0C
#4115000
1"
1C
0c
1F
1D
0Z
1X
0Y
07
18
06
0.
1,
0-
1L
#4116000
0"
0C
#4117000
1"
1C
1d
1E
0D
#4118000
0"
0C
#4119000
1"
1C
1c
0d
0F
1D
0E
0D
#4120000
0"
0C
#4121000
1"
1C
0c
1F
1D
1Z
16
1.
0L
1G
#4122000
0"
0C
#4123000
1"
1C
1d
1E
0D
#4124000
0"
0C
#4125000
1"
1C
1c
0d
0F
1D
0E
0D
#4126000
0"
0C
#4127000
1"
1C
0c
1F
1D
0Z
1Y
17
06
0.
1-
1L
#4128000
0"
0C
#4129000
1"
1C
1d
1E
0D
#4130000
0"
0C
#4131000
1"
1C
1c
0d
0F
1D
0E
0D
#4132000
0"
0C
#4133000
1"
1C
0c
1F
1D
1Z
16
1.
0L
1J
0I
0G
#4134000
0"
0C
#4135000
1"
1C
1d
1E
0D
#4136000
0"
0C
#4137000
1"
1C
1c
0d
0F
1D
0E
0D
#4138000
0"
0C
#4139000
1"
1C
0c
1F
1D
0Z
1W
0X
0Y
07
08
19
06
0.
1+
0,
0-
1L
#4140000
0"
0C
#4141000
1"
1C
1d
1E
0D
#4142000
0"
0C
#4143000
1"
1C
1c
0d
0F
1D
0E
0D
#4144000
0"
0C
#4145000
1"
1C
0c
1F
1D
1Z
16
1.
0L
0K
1G
0J
0G
#4146000
0"
0C
#4147000
1"
1C
1d
1E
0D
#4148000
0"
0C
#4149000
1"
1C
1c
0d
0F
1D
0E
0D
#4150000
0"
0C
#4151000
1"
1C
0c
1F
1D
0Z
0W
09
06
0.
0+
1K
1L
1^
1:
1*
0Q
0P
1M
0O
0M
#4152000
0"
0C
#4153000
1"
1C
1d
1E
0D
#4154000
0"
0C
#4155000
1"
1C
1c
0d
0F
1D
0E
0D
#4156000
0"
0C
#4157000
1"
1C
0c
1F
1D
1Z
16
1.
0L
1G
#4158000
0"
0C
#4159000
1"
1C
1d
1E
0D
#4160000
0"
0C
#4161000
1"
1C
1c
0d
0F
1D
0E
0D
#4162000
0"
0C
#4163000
1"
1C
0c
1F
1D
0Z
1Y
17
06
0.
1-
1L
#4164000
0"
0C
#4165000
1"
1C
1d
1E
0D
#4166000
0"
0C
#4167000
1"
1C
1c
0d
0F
1D
0E
0D
#4168000
0"
0C
#4169000
1"
1C
0c
1F
1D
1Z
16
1.
0L
1I
0G
#4170000
0"
0C
#4171000
1"
1C
1d
1E
0D
#4172000
0"
0C
#4173000
1"
1C
1c
0d
0F
1D
0E
0D
#4174000
0"
0C
#4175000
1"
1C
0c
1F
1D
0Z
1X
0Y
07
18
06
0.
1,
0-
1L
#4176000
0"
0C
#4177000
1"
1C
1d
1E
0D
#4178000
0"
0C
#4179000
1"
1C
1c
0d
0F
1D
0E
0D
#4180000
0"
0C
#4181000
1"
1C
0c
1F
1D
1Z
16
1.
0L
1G
#4182000
0"
0C
#4183000
1"
1C
1d
1E
0D
#4184000
0"
0C
#4185000
1"
1C
1c
0d
0F
1D
0E
0D
#4186000
0"
0C
#4187000
1"
1C
0c
1F
1D
0Z
1Y
17
06
0.
1-
1L
#4188000
0"
0C
#4189000
1"
1C
1d
1E
0D
#4190000
0"
0C
#4191000
1"
1C
1c
0d
0F
1D
0E
0D
#4192000
0"
0C
#4193000
1"
1C
0c
1F
1D
1Z
16
1.
0L
1J
0I
0G
#4194000
0"
0C
#4195000
1"
1C
1d
1E
0D
#4196000
0"
0C
#4197000
1"
1C
1c
0d
0F
1D
0E
0D
#4198000
0"
0C
#4199000
1"
1C
0c
1F
1D
0Z
1W
0X
0Y
07
08
19
06
0.
1+
0,
0-
1L
#4200000
0"
0C
#4201000
1"
1C
1d
1E
0D
#4202000
0"
0C
#4203000
1"
1C
1c
0d
0F
1D
0E
0D
#4204000
0"
0C
#4205000
1"
1C
0c
1F
1D
1Z
16
1.
0L
0K
1G
0J
0G
#4206000
0"
0C
#4207000
1"
1C
1d
1E
0D
#4208000
0"
0C
#4209000
1"
1C
1c
0d
0F
1D
0E
0D
#4210000
0"
0C
#4211000
1"
1C
0c
1F
1D
0Z
0W
09
06
0.
0+
1K
1L
0^
0[
0=
0:
0*
0'
1P
1Q
1b
1>
1&
0U
1T
0S
0R
#4212000
0"
0C
#4213000
1"
1C
1d
1E
0D
#4214000
0"
0C
#4215000
1"
1C
1c
0d
0F
1D
0E
0D
#4216000
0"
0C
#4217000
1"
1C
0c
1F
1D
1Z
16
1.
0L
1G
#4218000
0"
0C
#4219000
1"
1C
1d
1E
0D
#4220000
0"
0C
#4221000
1"
1C
1c
0d
0F
1D
0E
0D
#4222000
0"
0C
#4223000
1"
1C
0c
1F
1D
0Z
1Y
17
06
0.
1-
1L
#4224000
0"
0C
#4225000
1"
1C
1d
1E
0D
#4226000
0"
0C
#4227000
1"
1C
1c
0d
0F
1D
0E
0D
#4228000
0"
0C
#4229000
1"
1C
0c
1F
1D
1Z
16
1.
0L
1I
0G
#4230000
0"
0C
#4231000
1"
1C
1d
1E
0D
#4232000
0"
0C
#4233000
1"
1C
1c
0d
0F
1D
0E
0D
#4234000
0"
0C
#4235000
1"
1C
0c
1F
1D
0Z
1X
0Y
07
18
06
0.
1,
0-
1L
#4236000
0"
0C
#4237000
1"
1C
1d
1E
0D
#4238000
0"
0C
#4239000
1"
1C
1c
0d
0F
1D
0E
0D
#4240000
0"
0C
#4241000
1"
1C
0c
1F
1D
1Z
16
1.
0L
1G
#4242000
0"
0C
#4243000
1"
1C
1d
1E
0D
#4244000
0"
0C
#4245000
1"
1C
1c
0d
0F
1D
0E
0D
#4246000
0"
0C
#4247000
1"
1C
0c
1F
1D
0Z
1Y
17
06
0.
1-
1L
#4248000
0"
0C
#4249000
1"
1C
1d
1E
0D
#4250000
0"
0C
#4251000
1"
1C
1c
0d
0F
1D
0E
0D
#4252000
0"
0C
#4253000
1"
1C
0c
1F
1D
1Z
16
1.
0L
1J
0I
0G
#4254000
0"
0C
#4255000
1"
1C
1d
1E
0D
#4256000
0"
0C
#4257000
1"
1C
1c
0d
0F
1D
0E
0D
#4258000
0"
0C
#4259000
1"
1C
0c
1F
1D
0Z
1W
0X
0Y
07
08
19
06
0.
1+
0,
0-
1L
#4260000
0"
0C
#4261000
1"
1C
1d
1E
0D
#4262000
0"
0C
#4263000
1"
1C
1c
0d
0F
1D
0E
0D
#4264000
0"
0C
#4265000
1"
1C
0c
1F
1D
1Z
16
1.
0L
0K
1G
0J
0G
#4266000
0"
0C
#4267000
1"
1C
1d
1E
0D
#4268000
0"
0C
#4269000
1"
1C
1c
0d
0F
1D
0E
0D
#4270000
0"
0C
#4271000
1"
1C
0c
1F
1D
0Z
0W
09
06
0.
0+
1K
1L
1^
1:
1*
0Q
1M
#4272000
0"
0C
#4273000
1"
1C
1d
1E
0D
#4274000
0"
0C
#4275000
1"
1C
1c
0d
0F
1D
0E
0D
#4276000
0"
0C
#4277000
1"
1C
0c
1F
1D
1Z
16
1.
0L
1G
#4278000
0"
0C
#4279000
1"
1C
1d
1E
0D
#4280000
0"
0C
#4281000
1"
1C
1c
0d
0F
1D
0E
0D
#4282000
0"
0C
#4283000
1"
1C
0c
1F
1D
0Z
1Y
17
06
0.
1-
1L
#4284000
0"
0C
#4285000
1"
1C
1d
1E
0D
#4286000
0"
0C
#4287000
1"
1C
1c
0d
0F
1D
0E
0D
#4288000
0"
0C
#4289000
1"
1C
0c
1F
1D
1Z
16
1.
0L
1I
0G
#4290000
0"
0C
#4291000
1"
1C
1d
1E
0D
#4292000
0"
0C
#4293000
1"
1C
1c
0d
0F
1D
0E
0D
#4294000
0"
0C
#4295000
1"
1C
0c
1F
1D
0Z
1X
0Y
07
18
06
0.
1,
0-
1L
#4296000
0"
0C
#4297000
1"
1C
1d
1E
0D
#4298000
0"
0C
#4299000
1"
1C
1c
0d
0F
1D
0E
0D
#4300000
0"
0C
#4301000
1"
1C
0c
1F
1D
1Z
16
1.
0L
1G
#4302000
0"
0C
#4303000
1"
1C
1d
1E
0D
#4304000
0"
0C
#4305000
1"
1C
1c
0d
0F
1D
0E
0D
#4306000
0"
0C
#4307000
1"
1C
0c
1F
1D
0Z
1Y
17
06
0.
1-
1L
#4308000
0"
0C
#4309000
1"
1C
1d
1E
0D
#4310000
0"
0C
#4311000
1"
1C
1c
0d
0F
1D
0E
0D
#4312000
0"
0C
#4313000
1"
1C
0c
1F
1D
1Z
16
1.
0L
1J
0I
0G
#4314000
0"
0C
#4315000
1"
1C
1d
1E
0D
#4316000
0"
0C
#4317000
1"
1C
1c
0d
0F
1D
0E
0D
#4318000
0"
0C
#4319000
1"
1C
0c
1F
1D
0Z
1W
0X
0Y
07
08
19
06
0.
1+
0,
0-
1L
#4320000
0"
0C
#4321000
1"
1C
1d
1E
0D
#4322000
0"
0C
#4323000
1"
1C
1c
0d
0F
1D
0E
0D
#4324000
0"
0C
#4325000
1"
1C
0c
1F
1D
1Z
16
1.
0L
0K
1G
0J
0G
#4326000
0"
0C
#4327000
1"
1C
1d
1E
0D
#4328000
0"
0C
#4329000
1"
1C
1c
0d
0F
1D
0E
0D
#4330000
0"
0C
#4331000
1"
1C
0c
1F
1D
0Z
0W
09
06
0.
0+
1K
1L
0^
1]
1;
0:
0*
1)
1Q
#4332000
0"
0C
#4333000
1"
1C
1d
1E
0D
#4334000
0"
0C
#4335000
1"
1C
1c
0d
0F
1D
0E
0D
#4336000
0"
0C
#4337000
1"
1C
0c
1F
1D
1Z
16
1.
0L
1G
#4338000
0"
0C
#4339000
1"
1C
1d
1E
0D
#4340000
0"
0C
#4341000
1"
1C
1c
0d
0F
1D
0E
0D
#4342000
0"
0C
#4343000
1"
1C
0c
1F
1D
0Z
1Y
17
06
0.
1-
1L
#4344000
0"
0C
#4345000
1"
1C
1d
1E
0D
#4346000
0"
0C
#4347000
1"
1C
1c
0d
0F
1D
0E
0D
#4348000
0"
0C
#4349000
1"
1C
0c
1F
1D
1Z
16
1.
0L
1I
0G
#4350000
0"
0C
#4351000
1"
1C
1d
1E
0D
#4352000
0"
0C
#4353000
1"
1C
1c
0d
0F
1D
0E
0D
#4354000
0"
0C
#4355000
1"
1C
0c
1F
1D
0Z
1X
0Y
07
18
06
0.
1,
0-
1L
#4356000
0"
0C
#4357000
1"
1C
1d
1E
0D
#4358000
0"
0C
#4359000
1"
1C
1c
0d
0F
1D
0E
0D
#4360000
0"
0C
#4361000
1"
1C
0c
1F
1D
1Z
16
1.
0L
1G
#4362000
0"
0C
#4363000
1"
1C
1d
1E
0D
#4364000
0"
0C
#4365000
1"
1C
1c
0d
0F
1D
0E
0D
#4366000
0"
0C
#4367000
1"
1C
0c
1F
1D
0Z
1Y
17
06
0.
1-
1L
#4368000
0"
0C
#4369000
1"
1C
1d
1E
0D
#4370000
0"
0C
#4371000
1"
1C
1c
0d
0F
1D
0E
0D
#4372000
0"
0C
#4373000
1"
1C
0c
1F
1D
1Z
16
1.
0L
1J
0I
0G
#4374000
0"
0C
#4375000
1"
1C
1d
1E
0D
#4376000
0"
0C
#4377000
1"
1C
1c
0d
0F
1D
0E
0D
#4378000
0"
0C
#4379000
1"
1C
0c
1F
1D
0Z
1W
0X
0Y
07
08
19
06
0.
1+
0,
0-
1L
#4380000
0"
0C
#4381000
1"
1C
1d
1E
0D
#4382000
0"
0C
#4383000
1"
1C
1c
0d
0F
1D
0E
0D
#4384000
0"
0C
#4385000
1"
1C
0c
1F
1D
1Z
16
1.
0L
0K
1G
0J
0G
#4386000
0"
0C
#4387000
1"
1C
1d
1E
0D
#4388000
0"
0C
#4389000
1"
1C
1c
0d
0F
1D
0E
0D
#4390000
0"
0C
#4391000
1"
1C
0c
1F
1D
0Z
0W
09
06
0.
0+
1K
1L
1^
1:
1*
0Q
1N
0M
#4392000
0"
0C
#4393000
1"
1C
1d
1E
0D
#4394000
0"
0C
#4395000
1"
1C
1c
0d
0F
1D
0E
0D
#4396000
0"
0C
#4397000
1"
1C
0c
1F
1D
1Z
16
1.
0L
1G
#4398000
0"
0C
#4399000
1"
1C
1d
1E
0D
#4400000
0"
0C
#4401000
1"
1C
1c
0d
0F
1D
0E
0D
#4402000
0"
0C
#4403000
1"
1C
0c
1F
1D
0Z
1Y
17
06
0.
1-
1L
#4404000
0"
0C
#4405000
1"
1C
1d
1E
0D
#4406000
0"
0C
#4407000
1"
1C
1c
0d
0F
1D
0E
0D
#4408000
0"
0C
#4409000
1"
1C
0c
1F
1D
1Z
16
1.
0L
1I
0G
#4410000
0"
0C
#4411000
1"
1C
1d
1E
0D
#4412000
0"
0C
#4413000
1"
1C
1c
0d
0F
1D
0E
0D
#4414000
0"
0C
#4415000
1"
1C
0c
1F
1D
0Z
1X
0Y
07
18
06
0.
1,
0-
1L
#4416000
0"
0C
#4417000
1"
1C
1d
1E
0D
#4418000
0"
0C
#4419000
1"
1C
1c
0d
0F
1D
0E
0D
#4420000
0"
0C
#4421000
1"
1C
0c
1F
1D
1Z
16
1.
0L
1G
#4422000
0"
0C
#4423000
1"
1C
1d
1E
0D
#4424000
0"
0C
#4425000
1"
1C
1c
0d
0F
1D
0E
0D
#4426000
0"
0C
#4427000
1"
1C
0c
1F
1D
0Z
1Y
17
06
0.
1-
1L
#4428000
0"
0C
#4429000
1"
1C
1d
1E
0D
#4430000
0"
0C
#4431000
1"
1C
1c
0d
0F
1D
0E
0D
#4432000
0"
0C
#4433000
1"
1C
0c
1F
1D
1Z
16
1.
0L
1J
0I
0G
#4434000
0"
0C
#4435000
1"
1C
1d
1E
0D
#4436000
0"
0C
#4437000
1"
1C
1c
0d
0F
1D
0E
0D
#4438000
0"
0C
#4439000
1"
1C
0c
1F
1D
0Z
1W
0X
0Y
07
08
19
06
0.
1+
0,
0-
1L
#4440000
0"
0C
#4441000
1"
1C
1d
1E
0D
#4442000
0"
0C
#4443000
1"
1C
1c
0d
0F
1D
0E
0D
#4444000
0"
0C
#4445000
1"
1C
0c
1F
1D
1Z
16
1.
0L
0K
1G
0J
0G
#4446000
0"
0C
#4447000
1"
1C
1d
1E
0D
#4448000
0"
0C
#4449000
1"
1C
1c
0d
0F
1D
0E
0D
#4450000
0"
0C
#4451000
1"
1C
0c
1F
1D
0Z
0W
09
06
0.
0+
1K
1L
0^
1\
0]
0;
1<
0:
0*
1(
0)
1Q
#4452000
0"
0C
#4453000
1"
1C
1d
1E
0D
#4454000
0"
0C
#4455000
1"
1C
1c
0d
0F
1D
0E
0D
#4456000
0"
0C
#4457000
1"
1C
0c
1F
1D
1Z
16
1.
0L
1G
#4458000
0"
0C
#4459000
1"
1C
1d
1E
0D
#4460000
0"
0C
#4461000
1"
1C
1c
0d
0F
1D
0E
0D
#4462000
0"
0C
#4463000
1"
1C
0c
1F
1D
0Z
1Y
17
06
0.
1-
1L
#4464000
0"
0C
#4465000
1"
1C
1d
1E
0D
#4466000
0"
0C
#4467000
1"
1C
1c
0d
0F
1D
0E
0D
#4468000
0"
0C
#4469000
1"
1C
0c
1F
1D
1Z
16
1.
0L
1I
0G
#4470000
0"
0C
#4471000
1"
1C
1d
1E
0D
#4472000
0"
0C
#4473000
1"
1C
1c
0d
0F
1D
0E
0D
#4474000
0"
0C
#4475000
1"
1C
0c
1F
1D
0Z
1X
0Y
07
18
06
0.
1,
0-
1L
#4476000
0"
0C
#4477000
1"
1C
1d
1E
0D
#4478000
0"
0C
#4479000
1"
1C
1c
0d
0F
1D
0E
0D
#4480000
0"
0C
#4481000
1"
1C
0c
1F
1D
1Z
16
1.
0L
1G
#4482000
0"
0C
#4483000
1"
1C
1d
1E
0D
#4484000
0"
0C
#4485000
1"
1C
1c
0d
0F
1D
0E
0D
#4486000
0"
0C
#4487000
1"
1C
0c
1F
1D
0Z
1Y
17
06
0.
1-
1L
#4488000
0"
0C
#4489000
1"
1C
1d
1E
0D
#4490000
0"
0C
#4491000
1"
1C
1c
0d
0F
1D
0E
0D
#4492000
0"
0C
#4493000
1"
1C
0c
1F
1D
1Z
16
1.
0L
1J
0I
0G
#4494000
0"
0C
#4495000
1"
1C
1d
1E
0D
#4496000
0"
0C
#4497000
1"
1C
1c
0d
0F
1D
0E
0D
#4498000
0"
0C
#4499000
1"
1C
0c
1F
1D
0Z
1W
0X
0Y
07
08
19
06
0.
1+
0,
0-
1L
#4500000
0"
0C
#4501000
1"
1C
1d
1E
0D
#4502000
0"
0C
#4503000
1"
1C
1c
0d
0F
1D
0E
0D
#4504000
0"
0C
#4505000
1"
1C
0c
1F
1D
1Z
16
1.
0L
0K
1G
0J
0G
#4506000
0"
0C
#4507000
1"
1C
1d
1E
0D
#4508000
0"
0C
#4509000
1"
1C
1c
0d
0F
1D
0E
0D
#4510000
0"
0C
#4511000
1"
1C
0c
1F
1D
0Z
0W
09
06
0.
0+
1K
1L
1^
1:
1*
0Q
1M
#4512000
0"
0C
#4513000
1"
1C
1d
1E
0D
#4514000
0"
0C
#4515000
1"
1C
1c
0d
0F
1D
0E
0D
#4516000
0"
0C
#4517000
1"
1C
0c
1F
1D
1Z
16
1.
0L
1G
#4518000
0"
0C
#4519000
1"
1C
1d
1E
0D
#4520000
0"
0C
#4521000
1"
1C
1c
0d
0F
1D
0E
0D
#4522000
0"
0C
#4523000
1"
1C
0c
1F
1D
0Z
1Y
17
06
0.
1-
1L
#4524000
0"
0C
#4525000
1"
1C
1d
1E
0D
#4526000
0"
0C
#4527000
1"
1C
1c
0d
0F
1D
0E
0D
#4528000
0"
0C
#4529000
1"
1C
0c
1F
1D
1Z
16
1.
0L
1I
0G
#4530000
0"
0C
#4531000
1"
1C
1d
1E
0D
#4532000
0"
0C
#4533000
1"
1C
1c
0d
0F
1D
0E
0D
#4534000
0"
0C
#4535000
1"
1C
0c
1F
1D
0Z
1X
0Y
07
18
06
0.
1,
0-
1L
#4536000
0"
0C
#4537000
1"
1C
1d
1E
0D
#4538000
0"
0C
#4539000
1"
1C
1c
0d
0F
1D
0E
0D
#4540000
0"
0C
#4541000
1"
1C
0c
1F
1D
1Z
16
1.
0L
1G
#4542000
0"
0C
#4543000
1"
1C
1d
1E
0D
#4544000
0"
0C
#4545000
1"
1C
1c
0d
0F
1D
0E
0D
#4546000
0"
0C
#4547000
1"
1C
0c
1F
1D
0Z
1Y
17
06
0.
1-
1L
#4548000
0"
0C
#4549000
1"
1C
1d
1E
0D
#4550000
0"
0C
#4551000
1"
1C
1c
0d
0F
1D
0E
0D
#4552000
0"
0C
#4553000
1"
1C
0c
1F
1D
1Z
16
1.
0L
1J
0I
0G
#4554000
0"
0C
#4555000
1"
1C
1d
1E
0D
#4556000
0"
0C
#4557000
1"
1C
1c
0d
0F
1D
0E
0D
#4558000
0"
0C
#4559000
1"
1C
0c
1F
1D
0Z
1W
0X
0Y
07
08
19
06
0.
1+
0,
0-
1L
#4560000
0"
0C
#4561000
1"
1C
1d
1E
0D
#4562000
0"
0C
#4563000
1"
1C
1c
0d
0F
1D
0E
0D
#4564000
0"
0C
#4565000
1"
1C
0c
1F
1D
1Z
16
1.
0L
0K
1G
0J
0G
#4566000
0"
0C
#4567000
1"
1C
1d
1E
0D
#4568000
0"
0C
#4569000
1"
1C
1c
0d
0F
1D
0E
0D
#4570000
0"
0C
#4571000
1"
1C
0c
1F
1D
0Z
0W
09
06
0.
0+
1K
1L
0^
1]
1;
0:
0*
1)
1Q
#4572000
0"
0C
#4573000
1"
1C
1d
1E
0D
#4574000
0"
0C
#4575000
1"
1C
1c
0d
0F
1D
0E
0D
#4576000
0"
0C
#4577000
1"
1C
0c
1F
1D
1Z
16
1.
0L
1G
#4578000
0"
0C
#4579000
1"
1C
1d
1E
0D
#4580000
0"
0C
#4581000
1"
1C
1c
0d
0F
1D
0E
0D
#4582000
0"
0C
#4583000
1"
1C
0c
1F
1D
0Z
1Y
17
06
0.
1-
1L
#4584000
0"
0C
#4585000
1"
1C
1d
1E
0D
#4586000
0"
0C
#4587000
1"
1C
1c
0d
0F
1D
0E
0D
#4588000
0"
0C
#4589000
1"
1C
0c
1F
1D
1Z
16
1.
0L
1I
0G
#4590000
0"
0C
#4591000
1"
1C
1d
1E
0D
#4592000
0"
0C
#4593000
1"
1C
1c
0d
0F
1D
0E
0D
#4594000
0"
0C
#4595000
1"
1C
0c
1F
1D
0Z
1X
0Y
07
18
06
0.
1,
0-
1L
#4596000
0"
0C
#4597000
1"
1C
1d
1E
0D
#4598000
0"
0C
#4599000
1"
1C
1c
0d
0F
1D
0E
0D
#4600000
0"
0C
#4601000
1"
1C
0c
1F
1D
1Z
16
1.
0L
1G
#4602000
0"
0C
#4603000
1"
1C
1d
1E
0D
#4604000
0"
0C
#4605000
1"
1C
1c
0d
0F
1D
0E
0D
#4606000
0"
0C
#4607000
1"
1C
0c
1F
1D
0Z
1Y
17
06
0.
1-
1L
#4608000
0"
0C
#4609000
1"
1C
1d
1E
0D
#4610000
0"
0C
#4611000
1"
1C
1c
0d
0F
1D
0E
0D
#4612000
0"
0C
#4613000
1"
1C
0c
1F
1D
1Z
16
1.
0L
1J
0I
0G
#4614000
0"
0C
#4615000
1"
1C
1d
1E
0D
#4616000
0"
0C
#4617000
1"
1C
1c
0d
0F
1D
0E
0D
#4618000
0"
0C
#4619000
1"
1C
0c
1F
1D
0Z
1W
0X
0Y
07
08
19
06
0.
1+
0,
0-
1L
#4620000
0"
0C
#4621000
1"
1C
1d
1E
0D
#4622000
0"
0C
#4623000
1"
1C
1c
0d
0F
1D
0E
0D
#4624000
0"
0C
#4625000
1"
1C
0c
1F
1D
1Z
16
1.
0L
0K
1G
0J
0G
#4626000
0"
0C
#4627000
1"
1C
1d
1E
0D
#4628000
0"
0C
#4629000
1"
1C
1c
0d
0F
1D
0E
0D
#4630000
0"
0C
#4631000
1"
1C
0c
1F
1D
0Z
0W
09
06
0.
0+
1K
1L
1^
1:
1*
0Q
1O
0N
0M
#4632000
0"
0C
#4633000
1"
1C
1d
1E
0D
#4634000
0"
0C
#4635000
1"
1C
1c
0d
0F
1D
0E
0D
#4636000
0"
0C
#4637000
1"
1C
0c
1F
1D
1Z
16
1.
0L
1G
#4638000
0"
0C
#4639000
1"
1C
1d
1E
0D
#4640000
0"
0C
#4641000
1"
1C
1c
0d
0F
1D
0E
0D
#4642000
0"
0C
#4643000
1"
1C
0c
1F
1D
0Z
1Y
17
06
0.
1-
1L
#4644000
0"
0C
#4645000
1"
1C
1d
1E
0D
#4646000
0"
0C
#4647000
1"
1C
1c
0d
0F
1D
0E
0D
#4648000
0"
0C
#4649000
1"
1C
0c
1F
1D
1Z
16
1.
0L
1I
0G
#4650000
0"
0C
#4651000
1"
1C
1d
1E
0D
#4652000
0"
0C
#4653000
1"
1C
1c
0d
0F
1D
0E
0D
#4654000
0"
0C
#4655000
1"
1C
0c
1F
1D
0Z
1X
0Y
07
18
06
0.
1,
0-
1L
#4656000
0"
0C
#4657000
1"
1C
1d
1E
0D
#4658000
0"
0C
#4659000
1"
1C
1c
0d
0F
1D
0E
0D
#4660000
0"
0C
#4661000
1"
1C
0c
1F
1D
1Z
16
1.
0L
1G
#4662000
0"
0C
#4663000
1"
1C
1d
1E
0D
#4664000
0"
0C
#4665000
1"
1C
1c
0d
0F
1D
0E
0D
#4666000
0"
0C
#4667000
1"
1C
0c
1F
1D
0Z
1Y
17
06
0.
1-
1L
#4668000
0"
0C
#4669000
1"
1C
1d
1E
0D
#4670000
0"
0C
#4671000
1"
1C
1c
0d
0F
1D
0E
0D
#4672000
0"
0C
#4673000
1"
1C
0c
1F
1D
1Z
16
1.
0L
1J
0I
0G
#4674000
0"
0C
#4675000
1"
1C
1d
1E
0D
#4676000
0"
0C
#4677000
1"
1C
1c
0d
0F
1D
0E
0D
#4678000
0"
0C
#4679000
1"
1C
0c
1F
1D
0Z
1W
0X
0Y
07
08
19
06
0.
1+
0,
0-
1L
#4680000
0"
0C
#4681000
1"
1C
1d
1E
0D
#4682000
0"
0C
#4683000
1"
1C
1c
0d
0F
1D
0E
0D
#4684000
0"
0C
#4685000
1"
1C
0c
1F
1D
1Z
16
1.
0L
0K
1G
0J
0G
#4686000
0"
0C
#4687000
1"
1C
1d
1E
0D
#4688000
0"
0C
#4689000
1"
1C
1c
0d
0F
1D
0E
0D
#4690000
0"
0C
#4691000
1"
1C
0c
1F
1D
0Z
0W
09
06
0.
0+
1K
1L
0^
1[
0\
0]
0;
0<
1=
0:
0*
1'
0(
0)
1Q
#4692000
0"
0C
#4693000
1"
1C
1d
1E
0D
#4694000
0"
0C
#4695000
1"
1C
1c
0d
0F
1D
0E
0D
#4696000
0"
0C
#4697000
1"
1C
0c
1F
1D
1Z
16
1.
0L
1G
#4698000
0"
0C
#4699000
1"
1C
1d
1E
0D
#4700000
0"
0C
#4701000
1"
1C
1c
0d
0F
1D
0E
0D
#4702000
0"
0C
#4703000
1"
1C
0c
1F
1D
0Z
1Y
17
06
0.
1-
1L
#4704000
0"
0C
#4705000
1"
1C
1d
1E
0D
#4706000
0"
0C
#4707000
1"
1C
1c
0d
0F
1D
0E
0D
#4708000
0"
0C
#4709000
1"
1C
0c
1F
1D
1Z
16
1.
0L
1I
0G
#4710000
0"
0C
#4711000
1"
1C
1d
1E
0D
#4712000
0"
0C
#4713000
1"
1C
1c
0d
0F
1D
0E
0D
#4714000
0"
0C
#4715000
1"
1C
0c
1F
1D
0Z
1X
0Y
07
18
06
0.
1,
0-
1L
#4716000
0"
0C
#4717000
1"
1C
1d
1E
0D
#4718000
0"
0C
#4719000
1"
1C
1c
0d
0F
1D
0E
0D
#4720000
0"
0C
#4721000
1"
1C
0c
1F
1D
1Z
16
1.
0L
1G
#4722000
0"
0C
#4723000
1"
1C
1d
1E
0D
#4724000
0"
0C
#4725000
1"
1C
1c
0d
0F
1D
0E
0D
#4726000
0"
0C
#4727000
1"
1C
0c
1F
1D
0Z
1Y
17
06
0.
1-
1L
#4728000
0"
0C
#4729000
1"
1C
1d
1E
0D
#4730000
0"
0C
#4731000
1"
1C
1c
0d
0F
1D
0E
0D
#4732000
0"
0C
#4733000
1"
1C
0c
1F
1D
1Z
16
1.
0L
1J
0I
0G
#4734000
0"
0C
#4735000
1"
1C
1d
1E
0D
#4736000
0"
0C
#4737000
1"
1C
1c
0d
0F
1D
0E
0D
#4738000
0"
0C
#4739000
1"
1C
0c
1F
1D
0Z
1W
0X
0Y
07
08
19
06
0.
1+
0,
0-
1L
#4740000
0"
0C
#4741000
1"
1C
1d
1E
0D
#4742000
0"
0C
#4743000
1"
1C
1c
0d
0F
1D
0E
0D
#4744000
0"
0C
#4745000
1"
1C
0c
1F
1D
1Z
16
1.
0L
0K
1G
0J
0G
#4746000
0"
0C
#4747000
1"
1C
1d
1E
0D
#4748000
0"
0C
#4749000
1"
1C
1c
0d
0F
1D
0E
0D
#4750000
0"
0C
#4751000
1"
1C
0c
1F
1D
0Z
0W
09
06
0.
0+
1K
1L
1^
1:
1*
0Q
0P
1M
0O
0M
#4752000
0"
0C
#4753000
1"
1C
1d
1E
0D
#4754000
0"
0C
#4755000
1"
1C
1c
0d
0F
1D
0E
0D
#4756000
0"
0C
#4757000
1"
1C
0c
1F
1D
1Z
16
1.
0L
1G
#4758000
0"
0C
#4759000
1"
1C
1d
1E
0D
#4760000
0"
0C
#4761000
1"
1C
1c
0d
0F
1D
0E
0D
#4762000
0"
0C
#4763000
1"
1C
0c
1F
1D
0Z
1Y
17
06
0.
1-
1L
#4764000
0"
0C
#4765000
1"
1C
1d
1E
0D
#4766000
0"
0C
#4767000
1"
1C
1c
0d
0F
1D
0E
0D
#4768000
0"
0C
#4769000
1"
1C
0c
1F
1D
1Z
16
1.
0L
1I
0G
#4770000
0"
0C
#4771000
1"
1C
1d
1E
0D
#4772000
0"
0C
#4773000
1"
1C
1c
0d
0F
1D
0E
0D
#4774000
0"
0C
#4775000
1"
1C
0c
1F
1D
0Z
1X
0Y
07
18
06
0.
1,
0-
1L
#4776000
0"
0C
#4777000
1"
1C
1d
1E
0D
#4778000
0"
0C
#4779000
1"
1C
1c
0d
0F
1D
0E
0D
#4780000
0"
0C
#4781000
1"
1C
0c
1F
1D
1Z
16
1.
0L
1G
#4782000
0"
0C
#4783000
1"
1C
1d
1E
0D
#4784000
0"
0C
#4785000
1"
1C
1c
0d
0F
1D
0E
0D
#4786000
0"
0C
#4787000
1"
1C
0c
1F
1D
0Z
1Y
17
06
0.
1-
1L
#4788000
0"
0C
#4789000
1"
1C
1d
1E
0D
#4790000
0"
0C
#4791000
1"
1C
1c
0d
0F
1D
0E
0D
#4792000
0"
0C
#4793000
1"
1C
0c
1F
1D
1Z
16
1.
0L
1J
0I
0G
#4794000
0"
0C
#4795000
1"
1C
1d
1E
0D
#4796000
0"
0C
#4797000
1"
1C
1c
0d
0F
1D
0E
0D
#4798000
0"
0C
#4799000
1"
1C
0c
1F
1D
0Z
1W
0X
0Y
07
08
19
06
0.
1+
0,
0-
1L
#4800000
0"
0C
#4801000
1"
1C
1d
1E
0D
#4802000
0"
0C
#4803000
1"
1C
1c
0d
0F
1D
0E
0D
#4804000
0"
0C
#4805000
1"
1C
0c
1F
1D
1Z
16
1.
0L
0K
1G
0J
0G
#4806000
0"
0C
#4807000
1"
1C
1d
1E
0D
#4808000
0"
0C
#4809000
1"
1C
1c
0d
0F
1D
0E
0D
#4810000
0"
0C
#4811000
1"
1C
0c
1F
1D
0Z
0W
09
06
0.
0+
1K
1L
0^
0[
0=
0:
0*
0'
1P
1Q
0a
1_
0`
0b
0>
0@
1A
0?
0%
1#
0$
0&
1R
#4812000
0"
0C
#4813000
1"
1C
1d
1E
0D
#4814000
0"
0C
#4815000
1"
1C
1c
0d
0F
1D
0E
0D
#4816000
0"
0C
#4817000
1"
1C
0c
1F
1D
1Z
16
1.
0L
1G
#4818000
0"
0C
#4819000
1"
1C
1d
1E
0D
#4820000
0"
0C
#4821000
1"
1C
1c
0d
0F
1D
0E
0D
#4822000
0"
0C
#4823000
1"
1C
0c
1F
1D
0Z
1Y
17
06
0.
1-
1L
#4824000
0"
0C
#4825000
1"
1C
1d
1E
0D
#4826000
0"
0C
#4827000
1"
1C
1c
0d
0F
1D
0E
0D
#4828000
0"
0C
#4829000
1"
1C
0c
1F
1D
1Z
16
1.
0L
1I
0G
#4830000
0"
0C
#4831000
1"
1C
1d
1E
0D
#4832000
0"
0C
#4833000
1"
1C
1c
0d
0F
1D
0E
0D
#4834000
0"
0C
#4835000
1"
1C
0c
1F
1D
0Z
1X
0Y
07
18
06
0.
1,
0-
1L
#4836000
0"
0C
#4837000
1"
1C
1d
1E
0D
#4838000
0"
0C
#4839000
1"
1C
1c
0d
0F
1D
0E
0D
#4840000
0"
0C
#4841000
1"
1C
0c
1F
1D
1Z
16
1.
0L
1G
#4842000
0"
0C
#4843000
1"
1C
1d
1E
0D
#4844000
0"
0C
#4845000
1"
1C
1c
0d
0F
1D
0E
0D
#4846000
0"
0C
#4847000
1"
1C
0c
1F
1D
0Z
1Y
17
06
0.
1-
1L
#4848000
0"
0C
#4849000
1"
1C
1d
1E
0D
#4850000
0"
0C
#4851000
1"
1C
1c
0d
0F
1D
0E
0D
#4852000
0"
0C
#4853000
1"
1C
0c
1F
1D
1Z
16
1.
0L
1J
0I
0G
#4854000
0"
0C
#4855000
1"
1C
1d
1E
0D
#4856000
0"
0C
#4857000
1"
1C
1c
0d
0F
1D
0E
0D
#4858000
0"
0C
#4859000
1"
1C
0c
1F
1D
0Z
1W
0X
0Y
07
08
19
06
0.
1+
0,
0-
1L
#4860000
0"
0C
#4861000
1"
1C
1d
1E
0D
#4862000
0"
0C
#4863000
1"
1C
1c
0d
0F
1D
0E
0D
#4864000
0"
0C
#4865000
1"
1C
0c
1F
1D
1Z
16
1.
0L
0K
1G
0J
0G
#4866000
0"
0C
#4867000
1"
1C
1d
1E
0D
#4868000
0"
0C
#4869000
1"
1C
1c
0d
0F
1D
0E
0D
#4870000
0"
0C
#4871000
1"
1C
0c
1F
1D
0Z
0W
09
06
0.
0+
1K
1L
1^
1:
1*
0Q
1M
#4872000
0"
0C
#4873000
1"
1C
1d
1E
0D
#4874000
0"
0C
#4875000
1"
1C
1c
0d
0F
1D
0E
0D
#4876000
0"
0C
#4877000
1"
1C
0c
1F
1D
1Z
16
1.
0L
1G
#4878000
0"
0C
#4879000
1"
1C
1d
1E
0D
#4880000
0"
0C
#4881000
1"
1C
1c
0d
0F
1D
0E
0D
#4882000
0"
0C
#4883000
1"
1C
0c
1F
1D
0Z
1Y
17
06
0.
1-
1L
#4884000
0"
0C
#4885000
1"
1C
1d
1E
0D
#4886000
0"
0C
#4887000
1"
1C
1c
0d
0F
1D
0E
0D
#4888000
0"
0C
#4889000
1"
1C
0c
1F
1D
1Z
16
1.
0L
1I
0G
#4890000
0"
0C
#4891000
1"
1C
1d
1E
0D
#4892000
0"
0C
#4893000
1"
1C
1c
0d
0F
1D
0E
0D
#4894000
0"
0C
#4895000
1"
1C
0c
1F
1D
0Z
1X
0Y
07
18
06
0.
1,
0-
1L
#4896000
0"
0C
#4897000
1"
1C
1d
1E
0D
#4898000
0"
0C
#4899000
1"
1C
1c
0d
0F
1D
0E
0D
#4900000
0"
0C
#4901000
1"
1C
0c
1F
1D
1Z
16
1.
0L
1G
#4902000
0"
0C
#4903000
1"
1C
1d
1E
0D
#4904000
0"
0C
#4905000
1"
1C
1c
0d
0F
1D
0E
0D
#4906000
0"
0C
#4907000
1"
1C
0c
1F
1D
0Z
1Y
17
06
0.
1-
1L
#4908000
0"
0C
#4909000
1"
1C
1d
1E
0D
#4910000
0"
0C
#4911000
1"
1C
1c
0d
0F
1D
0E
0D
#4912000
0"
0C
#4913000
1"
1C
0c
1F
1D
1Z
16
1.
0L
1J
0I
0G
#4914000
0"
0C
#4915000
1"
1C
1d
1E
0D
#4916000
0"
0C
#4917000
1"
1C
1c
0d
0F
1D
0E
0D
#4918000
0"
0C
#4919000
1"
1C
0c
1F
1D
0Z
1W
0X
0Y
07
08
19
06
0.
1+
0,
0-
1L
#4920000
0"
0C
#4921000
1"
1C
1d
1E
0D
#4922000
0"
0C
#4923000
1"
1C
1c
0d
0F
1D
0E
0D
#4924000
0"
0C
#4925000
1"
1C
0c
1F
1D
1Z
16
1.
0L
0K
1G
0J
0G
#4926000
0"
0C
#4927000
1"
1C
1d
1E
0D
#4928000
0"
0C
#4929000
1"
1C
1c
0d
0F
1D
0E
0D
#4930000
0"
0C
#4931000
1"
1C
0c
1F
1D
0Z
0W
09
06
0.
0+
1K
1L
0^
1]
1;
0:
0*
1)
1Q
#4932000
0"
0C
#4933000
1"
1C
1d
1E
0D
#4934000
0"
0C
#4935000
1"
1C
1c
0d
0F
1D
0E
0D
#4936000
0"
0C
#4937000
1"
1C
0c
1F
1D
1Z
16
1.
0L
1G
#4938000
0"
0C
#4939000
1"
1C
1d
1E
0D
#4940000
0"
0C
#4941000
1"
1C
1c
0d
0F
1D
0E
0D
#4942000
0"
0C
#4943000
1"
1C
0c
1F
1D
0Z
1Y
17
06
0.
1-
1L
#4944000
0"
0C
#4945000
1"
1C
1d
1E
0D
#4946000
0"
0C
#4947000
1"
1C
1c
0d
0F
1D
0E
0D
#4948000
0"
0C
#4949000
1"
1C
0c
1F
1D
1Z
16
1.
0L
1I
0G
#4950000
0"
0C
#4951000
1"
1C
1d
1E
0D
#4952000
0"
0C
#4953000
1"
1C
1c
0d
0F
1D
0E
0D
#4954000
0"
0C
#4955000
1"
1C
0c
1F
1D
0Z
1X
0Y
07
18
06
0.
1,
0-
1L
#4956000
0"
0C
#4957000
1"
1C
1d
1E
0D
#4958000
0"
0C
#4959000
1"
1C
1c
0d
0F
1D
0E
0D
#4960000
0"
0C
#4961000
1"
1C
0c
1F
1D
1Z
16
1.
0L
1G
#4962000
0"
0C
#4963000
1"
1C
1d
1E
0D
#4964000
0"
0C
#4965000
1"
1C
1c
0d
0F
1D
0E
0D
#4966000
0"
0C
#4967000
1"
1C
0c
1F
1D
0Z
1Y
17
06
0.
1-
1L
#4968000
0"
0C
#4969000
1"
1C
1d
1E
0D
#4970000
0"
0C
#4971000
1"
1C
1c
0d
0F
1D
0E
0D
#4972000
0"
0C
#4973000
1"
1C
0c
1F
1D
1Z
16
1.
0L
1J
0I
0G
#4974000
0"
0C
#4975000
1"
1C
1d
1E
0D
#4976000
0"
0C
#4977000
1"
1C
1c
0d
0F
1D
0E
0D
#4978000
0"
0C
#4979000
1"
1C
0c
1F
1D
0Z
1W
0X
0Y
07
08
19
06
0.
1+
0,
0-
1L
#4980000
0"
0C
#4981000
1"
1C
1d
1E
0D
#4982000
0"
0C
#4983000
1"
1C
1c
0d
0F
1D
0E
0D
#4984000
0"
0C
#4985000
1"
1C
0c
1F
1D
1Z
16
1.
0L
0K
1G
0J
0G
#4986000
0"
0C
#4987000
1"
1C
1d
1E
0D
#4988000
0"
0C
#4989000
1"
1C
1c
0d
0F
1D
0E
0D
#4990000
0"
0C
#4991000
1"
1C
0c
1F
1D
0Z
0W
09
06
0.
0+
1K
1L
1^
1:
1*
0Q
1N
0M
#4992000
0"
0C
#4993000
1"
1C
1d
1E
0D
#4994000
0"
0C
#4995000
1"
1C
1c
0d
0F
1D
0E
0D
#4996000
0"
0C
#4997000
1"
1C
0c
1F
1D
1Z
16
1.
0L
1G
#4998000
0"
0C
#4999000
1"
1C
1d
1E
0D
#5000000
0"
0C
#5001000
1"
1C
1c
0d
0F
1D
0E
0D
#5002000
0"
0C
#5003000
1"
1C
0c
1F
1D
0Z
1Y
17
06
0.
1-
1L
#5004000
0"
0C
#5005000
1"
1C
1d
1E
0D
#5006000
0"
0C
#5007000
1"
1C
1c
0d
0F
1D
0E
0D
#5008000
0"
0C
#5009000
1"
1C
0c
1F
1D
1Z
16
1.
0L
1I
0G
#5010000
0"
0C
#5011000
1"
1C
1d
1E
0D
#5012000
0"
0C
#5013000
1"
1C
1c
0d
0F
1D
0E
0D
#5014000
0"
0C
#5015000
1"
1C
0c
1F
1D
0Z
1X
0Y
07
18
06
0.
1,
0-
1L
#5016000
0"
0C
#5017000
1"
1C
1d
1E
0D
#5018000
0"
0C
#5019000
1"
1C
1c
0d
0F
1D
0E
0D
#5020000
0"
0C
#5021000
1"
1C
0c
1F
1D
1Z
16
1.
0L
1G
#5022000
0"
0C
#5023000
1"
1C
1d
1E
0D
#5024000
0"
0C
#5025000
1"
1C
1c
0d
0F
1D
0E
0D
#5026000
0"
0C
#5027000
1"
1C
0c
1F
1D
0Z
1Y
17
06
0.
1-
1L
#5028000
0"
0C
#5029000
1"
1C
1d
1E
0D
#5030000
0"
0C
#5031000
1"
1C
1c
0d
0F
1D
0E
0D
#5032000
0"
0C
#5033000
1"
1C
0c
1F
1D
1Z
16
1.
0L
1J
0I
0G
#5034000
0"
0C
#5035000
1"
1C
1d
1E
0D
#5036000
0"
0C
#5037000
1"
1C
1c
0d
0F
1D
0E
0D
#5038000
0"
0C
#5039000
1"
1C
0c
1F
1D
0Z
1W
0X
0Y
07
08
19
06
0.
1+
0,
0-
1L
#5040000
0"
0C
#5041000
1"
1C
1d
1E
0D
#5042000
0"
0C
#5043000
1"
1C
1c
0d
0F
1D
0E
0D
#5044000
0"
0C
#5045000
1"
1C
0c
1F
1D
1Z
16
1.
0L
0K
1G
0J
0G
#5046000
0"
0C
#5047000
1"
1C
1d
1E
0D
#5048000
0"
0C
#5049000
1"
1C
1c
0d
0F
1D
0E
0D
#5050000
0"
0C
#5051000
1"
1C
0c
1F
1D
0Z
0W
09
06
0.
0+
1K
1L
0^
1\
0]
0;
1<
0:
0*
1(
0)
1Q
#5052000
0"
0C
#5053000
1"
1C
1d
1E
0D
#5054000
0"
0C
#5055000
1"
1C
1c
0d
0F
1D
0E
0D
#5056000
0"
0C
#5057000
1"
1C
0c
1F
1D
1Z
16
1.
0L
1G
#5058000
0"
0C
#5059000
1"
1C
1d
1E
0D
#5060000
0"
0C
#5061000
1"
1C
1c
0d
0F
1D
0E
0D
#5062000
0"
0C
#5063000
1"
1C
0c
1F
1D
0Z
1Y
17
06
0.
1-
1L
#5064000
0"
0C
#5065000
1"
1C
1d
1E
0D
#5066000
0"
0C
#5067000
1"
1C
1c
0d
0F
1D
0E
0D
#5068000
0"
0C
#5069000
1"
1C
0c
1F
1D
1Z
16
1.
0L
1I
0G
#5070000
0"
0C
#5071000
1"
1C
1d
1E
0D
#5072000
0"
0C
#5073000
1"
1C
1c
0d
0F
1D
0E
0D
#5074000
0"
0C
#5075000
1"
1C
0c
1F
1D
0Z
1X
0Y
07
18
06
0.
1,
0-
1L
#5076000
0"
0C
#5077000
1"
1C
1d
1E
0D
#5078000
0"
0C
#5079000
1"
1C
1c
0d
0F
1D
0E
0D
#5080000
0"
0C
#5081000
1"
1C
0c
1F
1D
1Z
16
1.
0L
1G
#5082000
0"
0C
#5083000
1"
1C
1d
1E
0D
#5084000
0"
0C
#5085000
1"
1C
1c
0d
0F
1D
0E
0D
#5086000
0"
0C
#5087000
1"
1C
0c
1F
1D
0Z
1Y
17
06
0.
1-
1L
#5088000
0"
0C
#5089000
1"
1C
1d
1E
0D
#5090000
0"
0C
#5091000
1"
1C
1c
0d
0F
1D
0E
0D
#5092000
0"
0C
#5093000
1"
1C
0c
1F
1D
1Z
16
1.
0L
1J
0I
0G
#5094000
0"
0C
#5095000
1"
1C
1d
1E
0D
#5096000
0"
0C
#5097000
1"
1C
1c
0d
0F
1D
0E
0D
#5098000
0"
0C
#5099000
1"
1C
0c
1F
1D
0Z
1W
0X
0Y
07
08
19
06
0.
1+
0,
0-
1L
#5100000
0"
0C
#5101000
1"
1C
1d
1E
0D
#5102000
0"
0C
#5103000
1"
1C
1c
0d
0F
1D
0E
0D
#5104000
0"
0C
#5105000
1"
1C
0c
1F
1D
1Z
16
1.
0L
0K
1G
0J
0G
#5106000
0"
0C
#5107000
1"
1C
1d
1E
0D
#5108000
0"
0C
#5109000
1"
1C
1c
0d
0F
1D
0E
0D
#5110000
0"
0C
#5111000
1"
1C
0c
1F
1D
0Z
0W
09
06
0.
0+
1K
1L
1^
1:
1*
0Q
1M
#5112000
0"
0C
#5113000
1"
1C
1d
1E
0D
#5114000
0"
0C
#5115000
1"
1C
1c
0d
0F
1D
0E
0D
#5116000
0"
0C
#5117000
1"
1C
0c
1F
1D
1Z
16
1.
0L
1G
#5118000
0"
0C
#5119000
1"
1C
1d
1E
0D
#5120000
0"
0C
#5121000
1"
1C
1c
0d
0F
1D
0E
0D
#5122000
0"
0C
#5123000
1"
1C
0c
1F
1D
0Z
1Y
17
06
0.
1-
1L
#5124000
0"
0C
#5125000
1"
1C
1d
1E
0D
#5126000
0"
0C
#5127000
1"
1C
1c
0d
0F
1D
0E
0D
#5128000
0"
0C
#5129000
1"
1C
0c
1F
1D
1Z
16
1.
0L
1I
0G
#5130000
0"
0C
#5131000
1"
1C
1d
1E
0D
#5132000
0"
0C
#5133000
1"
1C
1c
0d
0F
1D
0E
0D
#5134000
0"
0C
#5135000
1"
1C
0c
1F
1D
0Z
1X
0Y
07
18
06
0.
1,
0-
1L
#5136000
0"
0C
#5137000
1"
1C
1d
1E
0D
#5138000
0"
0C
#5139000
1"
1C
1c
0d
0F
1D
0E
0D
#5140000
0"
0C
#5141000
1"
1C
0c
1F
1D
1Z
16
1.
0L
1G
#5142000
0"
0C
#5143000
1"
1C
1d
1E
0D
#5144000
0"
0C
#5145000
1"
1C
1c
0d
0F
1D
0E
0D
#5146000
0"
0C
#5147000
1"
1C
0c
1F
1D
0Z
1Y
17
06
0.
1-
1L
#5148000
0"
0C
#5149000
1"
1C
1d
1E
0D
#5150000
0"
0C
#5151000
1"
1C
1c
0d
0F
1D
0E
0D
#5152000
0"
0C
#5153000
1"
1C
0c
1F
1D
1Z
16
1.
0L
1J
0I
0G
#5154000
0"
0C
#5155000
1"
1C
1d
1E
0D
#5156000
0"
0C
#5157000
1"
1C
1c
0d
0F
1D
0E
0D
#5158000
0"
0C
#5159000
1"
1C
0c
1F
1D
0Z
1W
0X
0Y
07
08
19
06
0.
1+
0,
0-
1L
#5160000
0"
0C
#5161000
1"
1C
1d
1E
0D
#5162000
0"
0C
#5163000
1"
1C
1c
0d
0F
1D
0E
0D
#5164000
0"
0C
#5165000
1"
1C
0c
1F
1D
1Z
16
1.
0L
0K
1G
0J
0G
#5166000
0"
0C
#5167000
1"
1C
1d
1E
0D
#5168000
0"
0C
#5169000
1"
1C
1c
0d
0F
1D
0E
0D
#5170000
0"
0C
#5171000
1"
1C
0c
1F
1D
0Z
0W
09
06
0.
0+
1K
1L
0^
1]
1;
0:
0*
1)
1Q
#5172000
0"
0C
#5173000
1"
1C
1d
1E
0D
#5174000
0"
0C
#5175000
1"
1C
1c
0d
0F
1D
0E
0D
#5176000
0"
0C
#5177000
1"
1C
0c
1F
1D
1Z
16
1.
0L
1G
#5178000
0"
0C
#5179000
1"
1C
1d
1E
0D
#5180000
0"
0C
#5181000
1"
1C
1c
0d
0F
1D
0E
0D
#5182000
0"
0C
#5183000
1"
1C
0c
1F
1D
0Z
1Y
17
06
0.
1-
1L
#5184000
0"
0C
#5185000
1"
1C
1d
1E
0D
#5186000
0"
0C
#5187000
1"
1C
1c
0d
0F
1D
0E
0D
#5188000
0"
0C
#5189000
1"
1C
0c
1F
1D
1Z
16
1.
0L
1I
0G
#5190000
0"
0C
#5191000
1"
1C
1d
1E
0D
#5192000
0"
0C
#5193000
1"
1C
1c
0d
0F
1D
0E
0D
#5194000
0"
0C
#5195000
1"
1C
0c
1F
1D
0Z
1X
0Y
07
18
06
0.
1,
0-
1L
#5196000
0"
0C
#5197000
1"
1C
1d
1E
0D
#5198000
0"
0C
#5199000
1"
1C
1c
0d
0F
1D
0E
0D
#5200000
0"
0C
#5201000
1"
1C
0c
1F
1D
1Z
16
1.
0L
1G
#5202000
0"
0C
#5203000
1"
1C
1d
1E
0D
#5204000
0"
0C
#5205000
1"
1C
1c
0d
0F
1D
0E
0D
#5206000
0"
0C
#5207000
1"
1C
0c
1F
1D
0Z
1Y
17
06
0.
1-
1L
#5208000
0"
0C
#5209000
1"
1C
1d
1E
0D
#5210000
0"
0C
#5211000
1"
1C
1c
0d
0F
1D
0E
0D
#5212000
0"
0C
#5213000
1"
1C
0c
1F
1D
1Z
16
1.
0L
1J
0I
0G
#5214000
0"
0C
#5215000
1"
1C
1d
1E
0D
#5216000
0"
0C
#5217000
1"
1C
1c
0d
0F
1D
0E
0D
#5218000
0"
0C
#5219000
1"
1C
0c
1F
1D
0Z
1W
0X
0Y
07
08
19
06
0.
1+
0,
0-
1L
#5220000
0"
0C
#5221000
1"
1C
1d
1E
0D
#5222000
0"
0C
#5223000
1"
1C
1c
0d
0F
1D
0E
0D
#5224000
0"
0C
#5225000
1"
1C
0c
1F
1D
1Z
16
1.
0L
0K
1G
0J
0G
#5226000
0"
0C
#5227000
1"
1C
1d
1E
0D
#5228000
0"
0C
#5229000
1"
1C
1c
0d
0F
1D
0E
0D
#5230000
0"
0C
#5231000
1"
1C
0c
1F
1D
0Z
0W
09
06
0.
0+
1K
1L
1^
1:
1*
0Q
1O
0N
0M
#5232000
0"
0C
#5233000
1"
1C
1d
1E
0D
#5234000
0"
0C
#5235000
1"
1C
1c
0d
0F
1D
0E
0D
#5236000
0"
0C
#5237000
1"
1C
0c
1F
1D
1Z
16
1.
0L
1G
#5238000
0"
0C
#5239000
1"
1C
1d
1E
0D
#5240000
0"
0C
#5241000
1"
1C
1c
0d
0F
1D
0E
0D
#5242000
0"
0C
#5243000
1"
1C
0c
1F
1D
0Z
1Y
17
06
0.
1-
1L
#5244000
0"
0C
#5245000
1"
1C
1d
1E
0D
#5246000
0"
0C
#5247000
1"
1C
1c
0d
0F
1D
0E
0D
#5248000
0"
0C
#5249000
1"
1C
0c
1F
1D
1Z
16
1.
0L
1I
0G
#5250000
0"
0C
#5251000
1"
1C
1d
1E
0D
#5252000
0"
0C
#5253000
1"
1C
1c
0d
0F
1D
0E
0D
#5254000
0"
0C
#5255000
1"
1C
0c
1F
1D
0Z
1X
0Y
07
18
06
0.
1,
0-
1L
#5256000
0"
0C
#5257000
1"
1C
1d
1E
0D
#5258000
0"
0C
#5259000
1"
1C
1c
0d
0F
1D
0E
0D
#5260000
0"
0C
#5261000
1"
1C
0c
1F
1D
1Z
16
1.
0L
1G
#5262000
0"
0C
#5263000
1"
1C
1d
1E
0D
#5264000
0"
0C
#5265000
1"
1C
1c
0d
0F
1D
0E
0D
#5266000
0"
0C
#5267000
1"
1C
0c
1F
1D
0Z
1Y
17
06
0.
1-
1L
#5268000
0"
0C
#5269000
1"
1C
1d
1E
0D
#5270000
0"
0C
#5271000
1"
1C
1c
0d
0F
1D
0E
0D
#5272000
0"
0C
#5273000
1"
1C
0c
1F
1D
1Z
16
1.
0L
1J
0I
0G
#5274000
0"
0C
#5275000
1"
1C
1d
1E
0D
#5276000
0"
0C
#5277000
1"
1C
1c
0d
0F
1D
0E
0D
#5278000
0"
0C
#5279000
1"
1C
0c
1F
1D
0Z
1W
0X
0Y
07
08
19
06
0.
1+
0,
0-
1L
#5280000
0"
0C
#5281000
1"
1C
1d
1E
0D
#5282000
0"
0C
#5283000
1"
1C
1c
0d
0F
1D
0E
0D
#5284000
0"
0C
#5285000
1"
1C
0c
1F
1D
1Z
16
1.
0L
0K
1G
0J
0G
#5286000
0"
0C
#5287000
1"
1C
1d
1E
0D
#5288000
0"
0C
#5289000
1"
1C
1c
0d
0F
1D
0E
0D
#5290000
0"
0C
#5291000
1"
1C
0c
1F
1D
0Z
0W
09
06
0.
0+
1K
1L
0^
1[
0\
0]
0;
0<
1=
0:
0*
1'
0(
0)
1Q
#5292000
0"
0C
#5293000
1"
1C
1d
1E
0D
#5294000
0"
0C
#5295000
1"
1C
1c
0d
0F
1D
0E
0D
#5296000
0"
0C
#5297000
1"
1C
0c
1F
1D
1Z
16
1.
0L
1G
#5298000
0"
0C
#5299000
1"
1C
1d
1E
0D
#5300000
0"
0C
#5301000
1"
1C
1c
0d
0F
1D
0E
0D
#5302000
0"
0C
#5303000
1"
1C
0c
1F
1D
0Z
1Y
17
06
0.
1-
1L
#5304000
0"
0C
#5305000
1"
1C
1d
1E
0D
#5306000
0"
0C
#5307000
1"
1C
1c
0d
0F
1D
0E
0D
#5308000
0"
0C
#5309000
1"
1C
0c
1F
1D
1Z
16
1.
0L
1I
0G
#5310000
0"
0C
#5311000
1"
1C
1d
1E
0D
#5312000
0"
0C
#5313000
1"
1C
1c
0d
0F
1D
0E
0D
#5314000
0"
0C
#5315000
1"
1C
0c
1F
1D
0Z
1X
0Y
07
18
06
0.
1,
0-
1L
#5316000
0"
0C
#5317000
1"
1C
1d
1E
0D
#5318000
0"
0C
#5319000
1"
1C
1c
0d
0F
1D
0E
0D
#5320000
0"
0C
#5321000
1"
1C
0c
1F
1D
1Z
16
1.
0L
1G
#5322000
0"
0C
#5323000
1"
1C
1d
1E
0D
#5324000
0"
0C
#5325000
1"
1C
1c
0d
0F
1D
0E
0D
#5326000
0"
0C
#5327000
1"
1C
0c
1F
1D
0Z
1Y
17
06
0.
1-
1L
#5328000
0"
0C
#5329000
1"
1C
1d
1E
0D
#5330000
0"
0C
#5331000
1"
1C
1c
0d
0F
1D
0E
0D
#5332000
0"
0C
#5333000
1"
1C
0c
1F
1D
1Z
16
1.
0L
1J
0I
0G
#5334000
0"
0C
#5335000
1"
1C
1d
1E
0D
#5336000
0"
0C
#5337000
1"
1C
1c
0d
0F
1D
0E
0D
#5338000
0"
0C
#5339000
1"
1C
0c
1F
1D
0Z
1W
0X
0Y
07
08
19
06
0.
1+
0,
0-
1L
#5340000
0"
0C
#5341000
1"
1C
1d
1E
0D
#5342000
0"
0C
#5343000
1"
1C
1c
0d
0F
1D
0E
0D
#5344000
0"
0C
#5345000
1"
1C
0c
1F
1D
1Z
16
1.
0L
0K
1G
0J
0G
#5346000
0"
0C
#5347000
1"
1C
1d
1E
0D
#5348000
0"
0C
#5349000
1"
1C
1c
0d
0F
1D
0E
0D
#5350000
0"
0C
#5351000
1"
1C
0c
1F
1D
0Z
0W
09
06
0.
0+
1K
1L
1^
1:
1*
0Q
0P
1M
0O
0M
#5352000
0"
0C
#5353000
1"
1C
1d
1E
0D
#5354000
0"
0C
#5355000
1"
1C
1c
0d
0F
1D
0E
0D
#5356000
0"
0C
#5357000
1"
1C
0c
1F
1D
1Z
16
1.
0L
1G
#5358000
0"
0C
#5359000
1"
1C
1d
1E
0D
#5360000
0"
0C
#5361000
1"
1C
1c
0d
0F
1D
0E
0D
#5362000
0"
0C
#5363000
1"
1C
0c
1F
1D
0Z
1Y
17
06
0.
1-
1L
#5364000
0"
0C
#5365000
1"
1C
1d
1E
0D
#5366000
0"
0C
#5367000
1"
1C
1c
0d
0F
1D
0E
0D
#5368000
0"
0C
#5369000
1"
1C
0c
1F
1D
1Z
16
1.
0L
1I
0G
#5370000
0"
0C
#5371000
1"
1C
1d
1E
0D
#5372000
0"
0C
#5373000
1"
1C
1c
0d
0F
1D
0E
0D
#5374000
0"
0C
#5375000
1"
1C
0c
1F
1D
0Z
1X
0Y
07
18
06
0.
1,
0-
1L
#5376000
0"
0C
#5377000
1"
1C
1d
1E
0D
#5378000
0"
0C
#5379000
1"
1C
1c
0d
0F
1D
0E
0D
#5380000
0"
0C
#5381000
1"
1C
0c
1F
1D
1Z
16
1.
0L
1G
#5382000
0"
0C
#5383000
1"
1C
1d
1E
0D
#5384000
0"
0C
#5385000
1"
1C
1c
0d
0F
1D
0E
0D
#5386000
0"
0C
#5387000
1"
1C
0c
1F
1D
0Z
1Y
17
06
0.
1-
1L
#5388000
0"
0C
#5389000
1"
1C
1d
1E
0D
#5390000
0"
0C
#5391000
1"
1C
1c
0d
0F
1D
0E
0D
#5392000
0"
0C
#5393000
1"
1C
0c
1F
1D
1Z
16
1.
0L
1J
0I
0G
#5394000
0"
0C
#5395000
1"
1C
1d
1E
0D
#5396000
0"
0C
#5397000
1"
1C
1c
0d
0F
1D
0E
0D
#5398000
0"
0C
#5399000
1"
1C
0c
1F
1D
0Z
1W
0X
0Y
07
08
19
06
0.
1+
0,
0-
1L
#5400000
0"
0C
#5401000
1"
1C
1d
1E
0D
#5402000
0"
0C
#5403000
1"
1C
1c
0d
0F
1D
0E
0D
#5404000
0"
0C
#5405000
1"
1C
0c
1F
1D
1Z
16
1.
0L
0K
1G
0J
0G
#5406000
0"
0C
#5407000
1"
1C
1d
1E
0D
#5408000
0"
0C
#5409000
1"
1C
1c
0d
0F
1D
0E
0D
#5410000
0"
0C
#5411000
1"
1C
0c
1F
1D
0Z
0W
09
06
0.
0+
1K
1L
0^
0[
0=
0:
0*
0'
1P
1Q
1b
1>
1&
0T
0R
#5412000
0"
0C
#5413000
1"
1C
1d
1E
0D
#5414000
0"
0C
#5415000
1"
1C
1c
0d
0F
1D
0E
0D
#5416000
0"
0C
#5417000
1"
1C
0c
1F
1D
1Z
16
1.
0L
1G
#5418000
0"
0C
#5419000
1"
1C
1d
1E
0D
#5420000
0"
0C
#5421000
1"
1C
1c
0d
0F
1D
0E
0D
#5422000
0"
0C
#5423000
1"
1C
0c
1F
1D
0Z
1Y
17
06
0.
1-
1L
#5424000
0"
0C
#5425000
1"
1C
1d
1E
0D
#5426000
0"
0C
#5427000
1"
1C
1c
0d
0F
1D
0E
0D
#5428000
0"
0C
#5429000
1"
1C
0c
1F
1D
1Z
16
1.
0L
1I
0G
#5430000
0"
0C
#5431000
1"
1C
1d
1E
0D
#5432000
0"
0C
#5433000
1"
1C
1c
0d
0F
1D
0E
0D
#5434000
0"
0C
#5435000
1"
1C
0c
1F
1D
0Z
1X
0Y
07
18
06
0.
1,
0-
1L
#5436000
0"
0C
#5437000
1"
1C
1d
1E
0D
#5438000
0"
0C
#5439000
1"
1C
1c
0d
0F
1D
0E
0D
#5440000
0"
0C
#5441000
1"
1C
0c
1F
1D
1Z
16
1.
0L
1G
#5442000
0"
0C
#5443000
1"
1C
1d
1E
0D
#5444000
0"
0C
#5445000
1"
1C
1c
0d
0F
1D
0E
0D
#5446000
0"
0C
#5447000
1"
1C
0c
1F
1D
0Z
1Y
17
06
0.
1-
1L
#5448000
0"
0C
#5449000
1"
1C
1d
1E
0D
#5450000
0"
0C
#5451000
1"
1C
1c
0d
0F
1D
0E
0D
#5452000
0"
0C
#5453000
1"
1C
0c
1F
1D
1Z
16
1.
0L
1J
0I
0G
#5454000
0"
0C
#5455000
1"
1C
1d
1E
0D
#5456000
0"
0C
#5457000
1"
1C
1c
0d
0F
1D
0E
0D
#5458000
0"
0C
#5459000
1"
1C
0c
1F
1D
0Z
1W
0X
0Y
07
08
19
06
0.
1+
0,
0-
1L
#5460000
0"
0C
#5461000
1"
1C
1d
1E
0D
#5462000
0"
0C
#5463000
1"
1C
1c
0d
0F
1D
0E
0D
#5464000
0"
0C
#5465000
1"
1C
0c
1F
1D
1Z
16
1.
0L
0K
1G
0J
0G
#5466000
0"
0C
#5467000
1"
1C
1d
1E
0D
#5468000
0"
0C
#5469000
1"
1C
1c
0d
0F
1D
0E
0D
#5470000
0"
0C
#5471000
1"
1C
0c
1F
1D
0Z
0W
09
06
0.
0+
1K
1L
1^
1:
1*
0Q
1M
#5472000
0"
0C
#5473000
1"
1C
1d
1E
0D
#5474000
0"
0C
#5475000
1"
1C
1c
0d
0F
1D
0E
0D
#5476000
0"
0C
#5477000
1"
1C
0c
1F
1D
1Z
16
1.
0L
1G
#5478000
0"
0C
#5479000
1"
1C
1d
1E
0D
#5480000
0"
0C
#5481000
1"
1C
1c
0d
0F
1D
0E
0D
#5482000
0"
0C
#5483000
1"
1C
0c
1F
1D
0Z
1Y
17
06
0.
1-
1L
#5484000
0"
0C
#5485000
1"
1C
1d
1E
0D
#5486000
0"
0C
#5487000
1"
1C
1c
0d
0F
1D
0E
0D
#5488000
0"
0C
#5489000
1"
1C
0c
1F
1D
1Z
16
1.
0L
1I
0G
#5490000
0"
0C
#5491000
1"
1C
1d
1E
0D
#5492000
0"
0C
#5493000
1"
1C
1c
0d
0F
1D
0E
0D
#5494000
0"
0C
#5495000
1"
1C
0c
1F
1D
0Z
1X
0Y
07
18
06
0.
1,
0-
1L
#5496000
0"
0C
#5497000
1"
1C
1d
1E
0D
#5498000
0"
0C
#5499000
1"
1C
1c
0d
0F
1D
0E
0D
#5500000
0"
0C
#5501000
1"
1C
0c
1F
1D
1Z
16
1.
0L
1G
#5502000
0"
0C
#5503000
1"
1C
1d
1E
0D
#5504000
0"
0C
#5505000
1"
1C
1c
0d
0F
1D
0E
0D
#5506000
0"
0C
#5507000
1"
1C
0c
1F
1D
0Z
1Y
17
06
0.
1-
1L
#5508000
0"
0C
#5509000
1"
1C
1d
1E
0D
#5510000
0"
0C
#5511000
1"
1C
1c
0d
0F
1D
0E
0D
#5512000
0"
0C
#5513000
1"
1C
0c
1F
1D
1Z
16
1.
0L
1J
0I
0G
#5514000
0"
0C
#5515000
1"
1C
1d
1E
0D
#5516000
0"
0C
#5517000
1"
1C
1c
0d
0F
1D
0E
0D
#5518000
0"
0C
#5519000
1"
1C
0c
1F
1D
0Z
1W
0X
0Y
07
08
19
06
0.
1+
0,
0-
1L
#5520000
0"
0C
#5521000
1"
1C
1d
1E
0D
#5522000
0"
0C
#5523000
1"
1C
1c
0d
0F
1D
0E
0D
#5524000
0"
0C
#5525000
1"
1C
0c
1F
1D
1Z
16
1.
0L
0K
1G
0J
0G
#5526000
0"
0C
#5527000
1"
1C
1d
1E
0D
#5528000
0"
0C
#5529000
1"
1C
1c
0d
0F
1D
0E
0D
#5530000
0"
0C
#5531000
1"
1C
0c
1F
1D
0Z
0W
09
06
0.
0+
1K
1L
0^
1]
1;
0:
0*
1)
1Q
#5532000
0"
0C
#5533000
1"
1C
1d
1E
0D
#5534000
0"
0C
#5535000
1"
1C
1c
0d
0F
1D
0E
0D
#5536000
0"
0C
#5537000
1"
1C
0c
1F
1D
1Z
16
1.
0L
1G
#5538000
0"
0C
#5539000
1"
1C
1d
1E
0D
#5540000
0"
0C
#5541000
1"
1C
1c
0d
0F
1D
0E
0D
#5542000
0"
0C
#5543000
1"
1C
0c
1F
1D
0Z
1Y
17
06
0.
1-
1L
#5544000
0"
0C
#5545000
1"
1C
1d
1E
0D
#5546000
0"
0C
#5547000
1"
1C
1c
0d
0F
1D
0E
0D
#5548000
0"
0C
#5549000
1"
1C
0c
1F
1D
1Z
16
1.
0L
1I
0G
#5550000
0"
0C
#5551000
1"
1C
1d
1E
0D
#5552000
0"
0C
#5553000
1"
1C
1c
0d
0F
1D
0E
0D
#5554000
0"
0C
#5555000
1"
1C
0c
1F
1D
0Z
1X
0Y
07
18
06
0.
1,
0-
1L
#5556000
0"
0C
#5557000
1"
1C
1d
1E
0D
#5558000
0"
0C
#5559000
1"
1C
1c
0d
0F
1D
0E
0D
#5560000
0"
0C
#5561000
1"
1C
0c
1F
1D
1Z
16
1.
0L
1G
#5562000
0"
0C
#5563000
1"
1C
1d
1E
0D
#5564000
0"
0C
#5565000
1"
1C
1c
0d
0F
1D
0E
0D
#5566000
0"
0C
#5567000
1"
1C
0c
1F
1D
0Z
1Y
17
06
0.
1-
1L
#5568000
0"
0C
#5569000
1"
1C
1d
1E
0D
#5570000
0"
0C
#5571000
1"
1C
1c
0d
0F
1D
0E
0D
#5572000
0"
0C
#5573000
1"
1C
0c
1F
1D
1Z
16
1.
0L
1J
0I
0G
#5574000
0"
0C
#5575000
1"
1C
1d
1E
0D
#5576000
0"
0C
#5577000
1"
1C
1c
0d
0F
1D
0E
0D
#5578000
0"
0C
#5579000
1"
1C
0c
1F
1D
0Z
1W
0X
0Y
07
08
19
06
0.
1+
0,
0-
1L
#5580000
0"
0C
#5581000
1"
1C
1d
1E
0D
#5582000
0"
0C
#5583000
1"
1C
1c
0d
0F
1D
0E
0D
#5584000
0"
0C
#5585000
1"
1C
0c
1F
1D
1Z
16
1.
0L
0K
1G
0J
0G
#5586000
0"
0C
#5587000
1"
1C
1d
1E
0D
#5588000
0"
0C
#5589000
1"
1C
1c
0d
0F
1D
0E
0D
#5590000
0"
0C
#5591000
1"
1C
0c
1F
1D
0Z
0W
09
06
0.
0+
1K
1L
1^
1:
1*
0Q
1N
0M
#5592000
0"
0C
#5593000
1"
1C
1d
1E
0D
#5594000
0"
0C
#5595000
1"
1C
1c
0d
0F
1D
0E
0D
#5596000
0"
0C
#5597000
1"
1C
0c
1F
1D
1Z
16
1.
0L
1G
#5598000
0"
0C
#5599000
1"
1C
1d
1E
0D
#5600000
0"
0C
#5601000
1"
1C
1c
0d
0F
1D
0E
0D
#5602000
0"
0C
#5603000
1"
1C
0c
1F
1D
0Z
1Y
17
06
0.
1-
1L
#5604000
0"
0C
#5605000
1"
1C
1d
1E
0D
#5606000
0"
0C
#5607000
1"
1C
1c
0d
0F
1D
0E
0D
#5608000
0"
0C
#5609000
1"
1C
0c
1F
1D
1Z
16
1.
0L
1I
0G
#5610000
0"
0C
#5611000
1"
1C
1d
1E
0D
#5612000
0"
0C
#5613000
1"
1C
1c
0d
0F
1D
0E
0D
#5614000
0"
0C
#5615000
1"
1C
0c
1F
1D
0Z
1X
0Y
07
18
06
0.
1,
0-
1L
#5616000
0"
0C
#5617000
1"
1C
1d
1E
0D
#5618000
0"
0C
#5619000
1"
1C
1c
0d
0F
1D
0E
0D
#5620000
0"
0C
#5621000
1"
1C
0c
1F
1D
1Z
16
1.
0L
1G
#5622000
0"
0C
#5623000
1"
1C
1d
1E
0D
#5624000
0"
0C
#5625000
1"
1C
1c
0d
0F
1D
0E
0D
#5626000
0"
0C
#5627000
1"
1C
0c
1F
1D
0Z
1Y
17
06
0.
1-
1L
#5628000
0"
0C
#5629000
1"
1C
1d
1E
0D
#5630000
0"
0C
#5631000
1"
1C
1c
0d
0F
1D
0E
0D
#5632000
0"
0C
#5633000
1"
1C
0c
1F
1D
1Z
16
1.
0L
1J
0I
0G
#5634000
0"
0C
#5635000
1"
1C
1d
1E
0D
#5636000
0"
0C
#5637000
1"
1C
1c
0d
0F
1D
0E
0D
#5638000
0"
0C
#5639000
1"
1C
0c
1F
1D
0Z
1W
0X
0Y
07
08
19
06
0.
1+
0,
0-
1L
#5640000
0"
0C
#5641000
1"
1C
1d
1E
0D
#5642000
0"
0C
#5643000
1"
1C
1c
0d
0F
1D
0E
0D
#5644000
0"
0C
#5645000
1"
1C
0c
1F
1D
1Z
16
1.
0L
0K
1G
0J
0G
#5646000
0"
0C
#5647000
1"
1C
1d
1E
0D
#5648000
0"
0C
#5649000
1"
1C
1c
0d
0F
1D
0E
0D
#5650000
0"
0C
#5651000
1"
1C
0c
1F
1D
0Z
0W
09
06
0.
0+
1K
1L
0^
1\
0]
0;
1<
0:
0*
1(
0)
1Q
#5652000
0"
0C
#5653000
1"
1C
1d
1E
0D
#5654000
0"
0C
#5655000
1"
1C
1c
0d
0F
1D
0E
0D
#5656000
0"
0C
#5657000
1"
1C
0c
1F
1D
1Z
16
1.
0L
1G
#5658000
0"
0C
#5659000
1"
1C
1d
1E
0D
#5660000
0"
0C
#5661000
1"
1C
1c
0d
0F
1D
0E
0D
#5662000
0"
0C
#5663000
1"
1C
0c
1F
1D
0Z
1Y
17
06
0.
1-
1L
#5664000
0"
0C
#5665000
1"
1C
1d
1E
0D
#5666000
0"
0C
#5667000
1"
1C
1c
0d
0F
1D
0E
0D
#5668000
0"
0C
#5669000
1"
1C
0c
1F
1D
1Z
16
1.
0L
1I
0G
#5670000
0"
0C
#5671000
1"
1C
1d
1E
0D
#5672000
0"
0C
#5673000
1"
1C
1c
0d
0F
1D
0E
0D
#5674000
0"
0C
#5675000
1"
1C
0c
1F
1D
0Z
1X
0Y
07
18
06
0.
1,
0-
1L
#5676000
0"
0C
#5677000
1"
1C
1d
1E
0D
#5678000
0"
0C
#5679000
1"
1C
1c
0d
0F
1D
0E
0D
#5680000
0"
0C
#5681000
1"
1C
0c
1F
1D
1Z
16
1.
0L
1G
#5682000
0"
0C
#5683000
1"
1C
1d
1E
0D
#5684000
0"
0C
#5685000
1"
1C
1c
0d
0F
1D
0E
0D
#5686000
0"
0C
#5687000
1"
1C
0c
1F
1D
0Z
1Y
17
06
0.
1-
1L
#5688000
0"
0C
#5689000
1"
1C
1d
1E
0D
#5690000
0"
0C
#5691000
1"
1C
1c
0d
0F
1D
0E
0D
#5692000
0"
0C
#5693000
1"
1C
0c
1F
1D
1Z
16
1.
0L
1J
0I
0G
#5694000
0"
0C
#5695000
1"
1C
1d
1E
0D
#5696000
0"
0C
#5697000
1"
1C
1c
0d
0F
1D
0E
0D
#5698000
0"
0C
#5699000
1"
1C
0c
1F
1D
0Z
1W
0X
0Y
07
08
19
06
0.
1+
0,
0-
1L
#5700000
0"
0C
#5701000
1"
1C
1d
1E
0D
#5702000
0"
0C
#5703000
1"
1C
1c
0d
0F
1D
0E
0D
#5704000
0"
0C
#5705000
1"
1C
0c
1F
1D
1Z
16
1.
0L
0K
1G
0J
0G
#5706000
0"
0C
#5707000
1"
1C
1d
1E
0D
#5708000
0"
0C
#5709000
1"
1C
1c
0d
0F
1D
0E
0D
#5710000
0"
0C
#5711000
1"
1C
0c
1F
1D
0Z
0W
09
06
0.
0+
1K
1L
1^
1:
1*
0Q
1M
#5712000
0"
0C
#5713000
1"
1C
1d
1E
0D
#5714000
0"
0C
#5715000
1"
1C
1c
0d
0F
1D
0E
0D
#5716000
0"
0C
#5717000
1"
1C
0c
1F
1D
1Z
16
1.
0L
1G
#5718000
0"
0C
#5719000
1"
1C
1d
1E
0D
#5720000
0"
0C
#5721000
1"
1C
1c
0d
0F
1D
0E
0D
#5722000
0"
0C
#5723000
1"
1C
0c
1F
1D
0Z
1Y
17
06
0.
1-
1L
#5724000
0"
0C
#5725000
1"
1C
1d
1E
0D
#5726000
0"
0C
#5727000
1"
1C
1c
0d
0F
1D
0E
0D
#5728000
0"
0C
#5729000
1"
1C
0c
1F
1D
1Z
16
1.
0L
1I
0G
#5730000
0"
0C
#5731000
1"
1C
1d
1E
0D
#5732000
0"
0C
#5733000
1"
1C
1c
0d
0F
1D
0E
0D
#5734000
0"
0C
#5735000
1"
1C
0c
1F
1D
0Z
1X
0Y
07
18
06
0.
1,
0-
1L
#5736000
0"
0C
#5737000
1"
1C
1d
1E
0D
#5738000
0"
0C
#5739000
1"
1C
1c
0d
0F
1D
0E
0D
#5740000
0"
0C
#5741000
1"
1C
0c
1F
1D
1Z
16
1.
0L
1G
#5742000
0"
0C
#5743000
1"
1C
1d
1E
0D
#5744000
0"
0C
#5745000
1"
1C
1c
0d
0F
1D
0E
0D
#5746000
0"
0C
#5747000
1"
1C
0c
1F
1D
0Z
1Y
17
06
0.
1-
1L
#5748000
0"
0C
#5749000
1"
1C
1d
1E
0D
#5750000
0"
0C
#5751000
1"
1C
1c
0d
0F
1D
0E
0D
#5752000
0"
0C
#5753000
1"
1C
0c
1F
1D
1Z
16
1.
0L
1J
0I
0G
#5754000
0"
0C
#5755000
1"
1C
1d
1E
0D
#5756000
0"
0C
#5757000
1"
1C
1c
0d
0F
1D
0E
0D
#5758000
0"
0C
#5759000
1"
1C
0c
1F
1D
0Z
1W
0X
0Y
07
08
19
06
0.
1+
0,
0-
1L
#5760000
0"
0C
#5761000
1"
1C
1d
1E
0D
#5762000
0"
0C
#5763000
1"
1C
1c
0d
0F
1D
0E
0D
#5764000
0"
0C
#5765000
1"
1C
0c
1F
1D
1Z
16
1.
0L
0K
1G
0J
0G
#5766000
0"
0C
#5767000
1"
1C
1d
1E
0D
#5768000
0"
0C
#5769000
1"
1C
1c
0d
0F
1D
0E
0D
#5770000
0"
0C
#5771000
1"
1C
0c
1F
1D
0Z
0W
09
06
0.
0+
1K
1L
0^
1]
1;
0:
0*
1)
1Q
#5772000
0"
0C
#5773000
1"
1C
1d
1E
0D
#5774000
0"
0C
#5775000
1"
1C
1c
0d
0F
1D
0E
0D
#5776000
0"
0C
#5777000
1"
1C
0c
1F
1D
1Z
16
1.
0L
1G
#5778000
0"
0C
#5779000
1"
1C
1d
1E
0D
#5780000
0"
0C
#5781000
1"
1C
1c
0d
0F
1D
0E
0D
#5782000
0"
0C
#5783000
1"
1C
0c
1F
1D
0Z
1Y
17
06
0.
1-
1L
#5784000
0"
0C
#5785000
1"
1C
1d
1E
0D
#5786000
0"
0C
#5787000
1"
1C
1c
0d
0F
1D
0E
0D
#5788000
0"
0C
#5789000
1"
1C
0c
1F
1D
1Z
16
1.
0L
1I
0G
#5790000
0"
0C
#5791000
1"
1C
1d
1E
0D
#5792000
0"
0C
#5793000
1"
1C
1c
0d
0F
1D
0E
0D
#5794000
0"
0C
#5795000
1"
1C
0c
1F
1D
0Z
1X
0Y
07
18
06
0.
1,
0-
1L
#5796000
0"
0C
#5797000
1"
1C
1d
1E
0D
#5798000
0"
0C
#5799000
1"
1C
1c
0d
0F
1D
0E
0D
#5800000
0"
0C
#5801000
1"
1C
0c
1F
1D
1Z
16
1.
0L
1G
#5802000
0"
0C
#5803000
1"
1C
1d
1E
0D
#5804000
0"
0C
#5805000
1"
1C
1c
0d
0F
1D
0E
0D
#5806000
0"
0C
#5807000
1"
1C
0c
1F
1D
0Z
1Y
17
06
0.
1-
1L
#5808000
0"
0C
#5809000
1"
1C
1d
1E
0D
#5810000
0"
0C
#5811000
1"
1C
1c
0d
0F
1D
0E
0D
#5812000
0"
0C
#5813000
1"
1C
0c
1F
1D
1Z
16
1.
0L
1J
0I
0G
#5814000
0"
0C
#5815000
1"
1C
1d
1E
0D
#5816000
0"
0C
#5817000
1"
1C
1c
0d
0F
1D
0E
0D
#5818000
0"
0C
#5819000
1"
1C
0c
1F
1D
0Z
1W
0X
0Y
07
08
19
06
0.
1+
0,
0-
1L
#5820000
0"
0C
#5821000
1"
1C
1d
1E
0D
#5822000
0"
0C
#5823000
1"
1C
1c
0d
0F
1D
0E
0D
#5824000
0"
0C
#5825000
1"
1C
0c
1F
1D
1Z
16
1.
0L
0K
1G
0J
0G
#5826000
0"
0C
#5827000
1"
1C
1d
1E
0D
#5828000
0"
0C
#5829000
1"
1C
1c
0d
0F
1D
0E
0D
#5830000
0"
0C
#5831000
1"
1C
0c
1F
1D
0Z
0W
09
06
0.
0+
1K
1L
1^
1:
1*
0Q
1O
0N
0M
#5832000
0"
0C
#5833000
1"
1C
1d
1E
0D
#5834000
0"
0C
#5835000
1"
1C
1c
0d
0F
1D
0E
0D
#5836000
0"
0C
#5837000
1"
1C
0c
1F
1D
1Z
16
1.
0L
1G
#5838000
0"
0C
#5839000
1"
1C
1d
1E
0D
#5840000
0"
0C
#5841000
1"
1C
1c
0d
0F
1D
0E
0D
#5842000
0"
0C
#5843000
1"
1C
0c
1F
1D
0Z
1Y
17
06
0.
1-
1L
#5844000
0"
0C
#5845000
1"
1C
1d
1E
0D
#5846000
0"
0C
#5847000
1"
1C
1c
0d
0F
1D
0E
0D
#5848000
0"
0C
#5849000
1"
1C
0c
1F
1D
1Z
16
1.
0L
1I
0G
#5850000
0"
0C
#5851000
1"
1C
1d
1E
0D
#5852000
0"
0C
#5853000
1"
1C
1c
0d
0F
1D
0E
0D
#5854000
0"
0C
#5855000
1"
1C
0c
1F
1D
0Z
1X
0Y
07
18
06
0.
1,
0-
1L
#5856000
0"
0C
#5857000
1"
1C
1d
1E
0D
#5858000
0"
0C
#5859000
1"
1C
1c
0d
0F
1D
0E
0D
#5860000
0"
0C
#5861000
1"
1C
0c
1F
1D
1Z
16
1.
0L
1G
#5862000
0"
0C
#5863000
1"
1C
1d
1E
0D
#5864000
0"
0C
#5865000
1"
1C
1c
0d
0F
1D
0E
0D
#5866000
0"
0C
#5867000
1"
1C
0c
1F
1D
0Z
1Y
17
06
0.
1-
1L
#5868000
0"
0C
#5869000
1"
1C
1d
1E
0D
#5870000
0"
0C
#5871000
1"
1C
1c
0d
0F
1D
0E
0D
#5872000
0"
0C
#5873000
1"
1C
0c
1F
1D
1Z
16
1.
0L
1J
0I
0G
#5874000
0"
0C
#5875000
1"
1C
1d
1E
0D
#5876000
0"
0C
#5877000
1"
1C
1c
0d
0F
1D
0E
0D
#5878000
0"
0C
#5879000
1"
1C
0c
1F
1D
0Z
1W
0X
0Y
07
08
19
06
0.
1+
0,
0-
1L
#5880000
0"
0C
#5881000
1"
1C
1d
1E
0D
#5882000
0"
0C
#5883000
1"
1C
1c
0d
0F
1D
0E
0D
#5884000
0"
0C
#5885000
1"
1C
0c
1F
1D
1Z
16
1.
0L
0K
1G
0J
0G
#5886000
0"
0C
#5887000
1"
1C
1d
1E
0D
#5888000
0"
0C
#5889000
1"
1C
1c
0d
0F
1D
0E
0D
#5890000
0"
0C
#5891000
1"
1C
0c
1F
1D
0Z
0W
09
06
0.
0+
1K
1L
0^
1[
0\
0]
0;
0<
1=
0:
0*
1'
0(
0)
1Q
#5892000
0"
0C
#5893000
1"
1C
1d
1E
0D
#5894000
0"
0C
#5895000
1"
1C
1c
0d
0F
1D
0E
0D
#5896000
0"
0C
#5897000
1"
1C
0c
1F
1D
1Z
16
1.
0L
1G
#5898000
0"
0C
#5899000
1"
1C
1d
1E
0D
#5900000
0"
0C
#5901000
1"
1C
1c
0d
0F
1D
0E
0D
#5902000
0"
0C
#5903000
1"
1C
0c
1F
1D
0Z
1Y
17
06
0.
1-
1L
#5904000
0"
0C
#5905000
1"
1C
1d
1E
0D
#5906000
0"
0C
#5907000
1"
1C
1c
0d
0F
1D
0E
0D
#5908000
0"
0C
#5909000
1"
1C
0c
1F
1D
1Z
16
1.
0L
1I
0G
#5910000
0"
0C
#5911000
1"
1C
1d
1E
0D
#5912000
0"
0C
#5913000
1"
1C
1c
0d
0F
1D
0E
0D
#5914000
0"
0C
#5915000
1"
1C
0c
1F
1D
0Z
1X
0Y
07
18
06
0.
1,
0-
1L
#5916000
0"
0C
#5917000
1"
1C
1d
1E
0D
#5918000
0"
0C
#5919000
1"
1C
1c
0d
0F
1D
0E
0D
#5920000
0"
0C
#5921000
1"
1C
0c
1F
1D
1Z
16
1.
0L
1G
#5922000
0"
0C
#5923000
1"
1C
1d
1E
0D
#5924000
0"
0C
#5925000
1"
1C
1c
0d
0F
1D
0E
0D
#5926000
0"
0C
#5927000
1"
1C
0c
1F
1D
0Z
1Y
17
06
0.
1-
1L
#5928000
0"
0C
#5929000
1"
1C
1d
1E
0D
#5930000
0"
0C
#5931000
1"
1C
1c
0d
0F
1D
0E
0D
#5932000
0"
0C
#5933000
1"
1C
0c
1F
1D
1Z
16
1.
0L
1J
0I
0G
#5934000
0"
0C
#5935000
1"
1C
1d
1E
0D
#5936000
0"
0C
#5937000
1"
1C
1c
0d
0F
1D
0E
0D
#5938000
0"
0C
#5939000
1"
1C
0c
1F
1D
0Z
1W
0X
0Y
07
08
19
06
0.
1+
0,
0-
1L
#5940000
0"
0C
#5941000
1"
1C
1d
1E
0D
#5942000
0"
0C
#5943000
1"
1C
1c
0d
0F
1D
0E
0D
#5944000
0"
0C
#5945000
1"
1C
0c
1F
1D
1Z
16
1.
0L
0K
1G
0J
0G
#5946000
0"
0C
#5947000
1"
1C
1d
1E
0D
#5948000
0"
0C
#5949000
1"
1C
1c
0d
0F
1D
0E
0D
#5950000
0"
0C
#5951000
1"
1C
0c
1F
1D
0Z
0W
09
06
0.
0+
1K
1L
1^
1:
1*
0Q
0P
1M
0O
0M
#5952000
0"
0C
#5953000
1"
1C
1d
1E
0D
#5954000
0"
0C
#5955000
1"
1C
1c
0d
0F
1D
0E
0D
#5956000
0"
0C
#5957000
1"
1C
0c
1F
1D
1Z
16
1.
0L
1G
#5958000
0"
0C
#5959000
1"
1C
1d
1E
0D
#5960000
0"
0C
#5961000
1"
1C
1c
0d
0F
1D
0E
0D
#5962000
0"
0C
#5963000
1"
1C
0c
1F
1D
0Z
1Y
17
06
0.
1-
1L
#5964000
0"
0C
#5965000
1"
1C
1d
1E
0D
#5966000
0"
0C
#5967000
1"
1C
1c
0d
0F
1D
0E
0D
#5968000
0"
0C
#5969000
1"
1C
0c
1F
1D
1Z
16
1.
0L
1I
0G
#5970000
0"
0C
#5971000
1"
1C
1d
1E
0D
#5972000
0"
0C
#5973000
1"
1C
1c
0d
0F
1D
0E
0D
#5974000
0"
0C
#5975000
1"
1C
0c
1F
1D
0Z
1X
0Y
07
18
06
0.
1,
0-
1L
#5976000
0"
0C
#5977000
1"
1C
1d
1E
0D
#5978000
0"
0C
#5979000
1"
1C
1c
0d
0F
1D
0E
0D
#5980000
0"
0C
#5981000
1"
1C
0c
1F
1D
1Z
16
1.
0L
1G
#5982000
0"
0C
#5983000
1"
1C
1d
1E
0D
#5984000
0"
0C
#5985000
1"
1C
1c
0d
0F
1D
0E
0D
#5986000
0"
0C
#5987000
1"
1C
0c
1F
1D
0Z
1Y
17
06
0.
1-
1L
#5988000
0"
0C
#5989000
1"
1C
1d
1E
0D
#5990000
0"
0C
#5991000
1"
1C
1c
0d
0F
1D
0E
0D
#5992000
0"
0C
#5993000
1"
1C
0c
1F
1D
1Z
16
1.
0L
1J
0I
0G
#5994000
0"
0C
#5995000
1"
1C
1d
1E
0D
#5996000
0"
0C
#5997000
1"
1C
1c
0d
0F
1D
0E
0D
#5998000
0"
0C
#5999000
1"
1C
0c
1F
1D
0Z
1W
0X
0Y
07
08
19
06
0.
1+
0,
0-
1L
#6000000
0"
0C
#6001000
1"
1C
1d
1E
0D
#6002000
0"
0C
#6003000
1"
1C
1c
0d
0F
1D
0E
0D
#6004000
0"
0C
#6005000
1"
1C
0c
1F
1D
1Z
16
1.
0L
0K
1G
1V
0J
0G
1B
1/
#6006000
0"
0C
#6007000
1"
1C
1d
1E
0D
#6008000
0"
0C
#6009000
1"
1C
1c
0d
0F
1D
0E
0D
#6010000
0"
0C
#6011000
1"
1C
0c
1F
1D
0Z
0W
09
06
0.
0+
1K
0V
1L
0B
0/
0^
0[
0=
0:
0*
0'
1P
1Q
0_
0b
0>
0A
0#
0&
1R
#6012000
0"
0C
#6013000
1"
1C
1d
1E
0D
#6014000
0"
0C
#6015000
1"
1C
1c
0d
0F
1D
0E
0D
#6016000
0"
0C
#6017000
1"
1C
0c
1F
1D
1Z
16
1.
0L
1G
#6018000
0"
0C
#6019000
1"
1C
1d
1E
0D
#6020000
0"
0C
#6021000
1"
1C
1c
0d
0F
1D
0E
0D
#6022000
0"
0C
#6023000
1"
1C
0c
1F
1D
0Z
1Y
17
06
0.
1-
1L
#6024000
0"
0C
#6025000
1"
1C
1d
1E
0D
#6026000
0"
0C
#6027000
1"
1C
1c
0d
0F
1D
0E
0D
#6028000
0"
0C
#6029000
1"
1C
0c
1F
1D
1Z
16
1.
0L
1I
0G
#6030000
0"
0C
#6031000
1"
1C
1d
1E
0D
#6032000
0"
0C
#6033000
1"
1C
1c
0d
0F
1D
0E
0D
#6034000
0"
0C
#6035000
1"
1C
0c
1F
1D
0Z
1X
0Y
07
18
06
0.
1,
0-
1L
#6036000
0"
0C
#6037000
1"
1C
1d
1E
0D
#6038000
0"
0C
#6039000
1"
1C
1c
0d
0F
1D
0E
0D
#6040000
0"
0C
#6041000
1"
1C
0c
1F
1D
1Z
16
1.
0L
1G
#6042000
0"
0C
#6043000
1"
1C
1d
1E
0D
#6044000
0"
0C
#6045000
1"
1C
1c
0d
0F
1D
0E
0D
#6046000
0"
0C
#6047000
1"
1C
0c
1F
1D
0Z
1Y
17
06
0.
1-
1L
#6048000
0"
0C
#6049000
1"
1C
1d
1E
0D
#6050000
0"
0C
#6051000
1"
1C
1c
0d
0F
1D
0E
0D
#6052000
0"
0C
#6053000
1"
1C
0c
1F
1D
1Z
16
1.
0L
1J
0I
0G
#6054000
0"
0C
#6055000
1"
1C
1d
1E
0D
#6056000
0"
0C
#6057000
1"
1C
1c
0d
0F
1D
0E
0D
#6058000
0"
0C
#6059000
1"
1C
0c
1F
1D
0Z
1W
0X
0Y
07
08
19
06
0.
1+
0,
0-
1L
#6060000
0"
0C
#6061000
1"
1C
1d
1E
0D
#6062000
0"
0C
#6063000
1"
1C
1c
0d
0F
1D
0E
0D
#6064000
0"
0C
#6065000
1"
1C
0c
1F
1D
1Z
16
1.
0L
0K
1G
0J
0G
#6066000
0"
0C
#6067000
1"
1C
1d
1E
0D
#6068000
0"
0C
#6069000
1"
1C
1c
0d
0F
1D
0E
0D
#6070000
0"
0C
#6071000
1"
1C
0c
1F
1D
0Z
0W
09
06
0.
0+
1K
1L
1^
1:
1*
0Q
1M
#6072000
0"
0C
#6073000
1"
1C
1d
1E
0D
#6074000
0"
0C
#6075000
1"
1C
1c
0d
0F
1D
0E
0D
#6076000
0"
0C
#6077000
1"
1C
0c
1F
1D
1Z
16
1.
0L
1G
#6078000
0"
0C
#6079000
1"
1C
1d
1E
0D
#6080000
0"
0C
#6081000
1"
1C
1c
0d
0F
1D
0E
0D
#6082000
0"
0C
#6083000
1"
1C
0c
1F
1D
0Z
1Y
17
06
0.
1-
1L
#6084000
0"
0C
#6085000
1"
1C
1d
1E
0D
#6086000
0"
0C
#6087000
1"
1C
1c
0d
0F
1D
0E
0D
#6088000
0"
0C
#6089000
1"
1C
0c
1F
1D
1Z
16
1.
0L
1I
0G
#6090000
0"
0C
#6091000
1"
1C
1d
1E
0D
#6092000
0"
0C
#6093000
1"
1C
1c
0d
0F
1D
0E
0D
#6094000
0"
0C
#6095000
1"
1C
0c
1F
1D
0Z
1X
0Y
07
18
06
0.
1,
0-
1L
#6096000
0"
0C
#6097000
1"
1C
1d
1E
0D
#6098000
0"
0C
#6099000
1"
1C
1c
0d
0F
1D
0E
0D
#6100000
